ean,asin,motivo,prezzo_amazon,costo_deldo,cosa_spediremmo,cosa_dice_la_pagina,link_sku_central
"3286340583312","B00B7AC0GO","titolo senza misura leggibile","173.3","143.00","BRIDGESTONE Potenza S001 MO 245/45 R19 102Y","Bridgestone POTENZA S001-245/45 R19 102Y XL MO - C/B/71 - pneumatico estivo (per autovetture)","https://sellercentral.amazon.it/skucentral?mSku=3286340583312&condition=New"
"3286340646918","B00VZ305EC","titolo senza misura leggibile","170.55","140.50","BRIDGESTONE Potenza S001 AO 245/35 R19 93Y","Bridgestone POTENZA S001-245/35 R19 93Y XL AO - D/A/70 - pneumatico estivo (per autovetture)","https://sellercentral.amazon.it/skucentral?mSku=3286340646918&condition=New"
"3286340647212","B00W3O4ZRA","titolo senza misura leggibile","135.2","112.00","BRIDGESTONE Potenza S001 AO 245/45 R17 95Y","Bridgestone POTENZA S001-245/45 R17 95Y AO - D/A/70 - pneumatico estivo (per autovetture)","https://sellercentral.amazon.it/skucentral?mSku=3286340647212&condition=New"
"3286340781213","B07NWVL9CY","titolo senza misura leggibile","117.6","96.00","BRIDGESTONE Turanza T005 AO 225/50 R17 94Y","Bridgestone TURANZA T005-225/50 R17 94Y AO - C/A/71 - pneumatico estivo (per auto e SUV/4X4)","https://sellercentral.amazon.it/skucentral?mSku=3286340781213&condition=New"
"3286340813310","B07BSJTPZH","titolo senza misura leggibile","139.6","116.00","BRIDGESTONE Potenza S001 AO 255/35 R19 96Y","Bridgestone POTENZA S001-255/35 R19 96Y XL AO - D/A/71 - pneumatico estivo (per autovetture)","https://sellercentral.amazon.it/skucentral?mSku=3286340813310&condition=New"
"3286340873918","B01N0M8JPM","titolo senza misura leggibile","160.65","131.50","BRIDGESTONE Potenza S001 RO1 235/40 R19 96Y","Bridgestone POTENZA S001-235/40 R19 96Y XL RO1 - C/B/71 - pneumatico estivo (per autovetture)","https://sellercentral.amazon.it/skucentral?mSku=3286340873918&condition=New"
"3286340890311","B078Y5CDH2","titolo senza misura leggibile","78","60.00","BRIDGESTONE Turanza T005 195/65 R15 91V","Bridgestone TURANZA T005 - 195/65 R15 91V - B/A/71 - pneumatico estivo (per auto e SUV/4X4)","https://sellercentral.amazon.it/skucentral?mSku=3286340890311&condition=New"
"3286340936316","B07JH8FMGD","titolo senza misura leggibile","153.5","125.00","BRIDGESTONE Turanza T005 MO 225/40 R19 93W","Bridgestone TURANZA T005-225/40 R19 93W XL MO - B/A/70 - pneumatico estivo (per auto e SUV/4X4)","https://sellercentral.amazon.it/skucentral?mSku=3286340936316&condition=New"
"3286340937610","B07S2SC6Q6","titolo senza misura leggibile","144","120.00","BRIDGESTONE Turanza T005 SLT B-Seal 245/45 R18 96W","Bridgestone TURANZA T005-245/45 R18 96W - C/A/70 - pneumatico estivo (per auto e SUV/4X4)","https://sellercentral.amazon.it/skucentral?mSku=3286340937610&condition=New"
"3286340938518","B07NTVSFK6","titolo senza misura leggibile","204.1","171.00","BRIDGESTONE Turanza T005 AO B-Silent 255/40 R20 101Y","Bridgestone TURANZA T005-255/40 R20 101Y XL AO - C/A/70 - pneumatico estivo (per auto e SUV/4X4)","https://sellercentral.amazon.it/skucentral?mSku=3286340938518&condition=New"
"3286340974318","B01N7TT8NJ","titolo senza misura leggibile","149.1","121.00","BRIDGESTONE Potenza S001 * RFT 225/45 R18 95W","Bridgestone POTENZA S001-225/45 R18 95W XL * - C/B/70 - pneumatico estivo con tecnologia DriveGuard Run-Flat (per autovetture)","https://sellercentral.amazon.it/skucentral?mSku=3286340974318&condition=New"
"3286340982313","B07PP8Q3T5","titolo senza misura leggibile","130.75","107.95","BRIDGESTONE Turanza T005 * 225/45 R18 95Y","Bridgestone TURANZA T005-225/45 R18 95Y XL * - A/B/70 - pneumatico estivo (per auto e SUV/4X4)","https://sellercentral.amazon.it/skucentral?mSku=3286340982313&condition=New"
"3286340982511","B07PN5Q9M8","titolo senza misura leggibile","152.95","124.50","BRIDGESTONE Turanza T005 * RFT 225/45 R18 95Y","Bridgestone TURANZA T005-225/45 R18 95Y XL * - B/B/70 - pneumatico estivo con tecnologia DriveGuard Run-Flat (per auto e SUV/4X4)","https://sellercentral.amazon.it/skucentral?mSku=3286340982511&condition=New"
"3286340982719","B07PM8CV7P","titolo senza misura leggibile","194.2","162.00","BRIDGESTONE Turanza T005 * RFT 255/40 R18 99Y","Bridgestone TURANZA T005-255/40 R18 99Y XL * - B/B/71 - pneumatico estivo con tecnologia DriveGuard Run-Flat (per auto e SUV/4X4)","https://sellercentral.amazon.it/skucentral?mSku=3286340982719&condition=New"
"3286340983914","B078Y99KQS","titolo senza misura leggibile","126.4","104.00","BRIDGESTONE Turanza T005 * 205/60 R16 96W","Bridgestone TURANZA T005-205/60 R16 96W XL * - A/B/70 - pneumatico estivo (per auto e SUV/4X4)","https://sellercentral.amazon.it/skucentral?mSku=3286340983914&condition=New"
"3286340985611","B07SLZYKTR","titolo senza misura leggibile","112.1","91.00","BRIDGESTONE Turanza T005 * RFT 225/40 R18 92Y","Bridgestone TURANZA T005-225/40 R18 92Y XL * - A/B/70 - pneumatico estivo con tecnologia DriveGuard Run-Flat (per auto e SUV/4X4)","https://sellercentral.amazon.it/skucentral?mSku=3286340985611&condition=New"
"3286340990219","B07NPSP9T2","titolo senza misura leggibile","222.8","188.00","BRIDGESTONE Turanza T005 * RFT 275/35 R19 100Y","Bridgestone TURANZA T005-275/35 R19 100Y XL * - B/B/71 - pneumatico estivo con tecnologia DriveGuard Run-Flat (per auto e SUV/4X4)","https://sellercentral.amazon.it/skucentral?mSku=3286340990219&condition=New"
"3286340990417","B07LBX83QV","titolo senza misura leggibile","174.4","144.00","BRIDGESTONE Turanza T005 * RFT 245/40 R19 98Y","Bridgestone TURANZA T005-245/40 R19 98Y XL * - B/B/70 - pneumatico estivo con tecnologia DriveGuard Run-Flat (per auto e SUV/4X4)","https://sellercentral.amazon.it/skucentral?mSku=3286340990417&condition=New"
"3286341029512","B07NJ9WHL2","titolo senza misura leggibile","125.03","102.75","BRIDGESTONE Alenza 001 AO 235/55 R18 100V","Bridgestone Alenza 001-235/55R18 - Pneumatici estivi","https://sellercentral.amazon.it/skucentral?mSku=3286341029512&condition=New"
"3286341043518","B07P9RV93C","titolo senza misura leggibile","142.35","118.50","BRIDGESTONE Turanza T005 MO Extended 225/45 R18 91W","Bridgestone TURANZA T005-225/45 R18 91W MOEXTENDED - B/A/70 - pneumatico estivo (per auto e SUV/4X4)","https://sellercentral.amazon.it/skucentral?mSku=3286341043518&condition=New"
"3286341044416","B07HM4LRMM","titolo senza misura leggibile","139.05","115.50","BRIDGESTONE Alenza 001 255/55 R19 107W","Bridgestone Alenza 001 - 255/55R19 107W - Pneumatico Estivo","https://sellercentral.amazon.it/skucentral?mSku=3286341044416&condition=New"
"3286341048018","B07N1VBB38","titolo senza misura leggibile","133","110.00","BRIDGESTONE Turanza T005AD AO 235/55 R18 100Y","Bridgestone TURANZA T005-235/55 R18 100Y AO - B/A/71 - pneumatico estivo (per auto e SUV/4X4)","https://sellercentral.amazon.it/skucentral?mSku=3286341048018&condition=New"
"3286341114515","B07TTJL2FJ","titolo senza misura leggibile","156.25","127.50","BRIDGESTONE Turanza T005 AO 235/40 R19 96Y","Bridgestone TURANZA T005-235/40 R19 96Y XL AO - B/B/72 - pneumatico estivo (per auto e SUV/4X4)","https://sellercentral.amazon.it/skucentral?mSku=3286341114515&condition=New"
"3286341281910","B08R16VBVM","titolo senza misura leggibile","139.6","116.00","BRIDGESTONE Turanza T005 MO Extended 225/45 R18 95Y","Bridgestone TURANZA T005-225/45 R18 95Y XL MOEXTENDED - B/A/69 - pneumatico estivo (per auto e SUV/4X4)","https://sellercentral.amazon.it/skucentral?mSku=3286341281910&condition=New"
"3286341282313","B08DMD157C","titolo senza misura leggibile","116.5","95.00","BRIDGESTONE Turanza T005 MO 225/50 R17 94Y","Bridgestone TURANZA T005-225/50 R17 94Y MO - A/B/69 - pneumatico estivo (per auto e SUV/4X4)","https://sellercentral.amazon.it/skucentral?mSku=3286341282313&condition=New"
"3286341283112","B0841BB76C","titolo senza misura leggibile","210.43","176.75","BRIDGESTONE Turanza T005 MO Extended B-Silent 255/40 R20 101Y","Bridgestone TURANZA T005-255/40 R20 101Y XL MOE-S - B/A/69 - pneumatico estivo (per auto e SUV/4X4)","https://sellercentral.amazon.it/skucentral?mSku=3286341283112&condition=New"
"3286341286113","B079JYX6T5","titolo senza misura leggibile","129.7","107.00","BRIDGESTONE Alenza 001 225/60 R18 100H","Bridgestone Alenza 001 - 225/60R18 100H - Pneumatico Estivo","https://sellercentral.amazon.it/skucentral?mSku=3286341286113&condition=New"
"3286341294316","B0851VN8TH","titolo senza misura leggibile","171.1","141.00","BRIDGESTONE Turanza T005 255/45 R18 103H","Bridgestone TURANZA T005-255/45 R18 103H XL - A/A/73 - pneumatico estivo (per auto e SUV/4X4)","https://sellercentral.amazon.it/skucentral?mSku=3286341294316&condition=New"
"3286341301717","B08GZQNTQJ","titolo senza misura leggibile","124.2","102.00","BRIDGESTONE Turanza T005 225/45 R18 91Y","Bridgestone TURANZA T005-225/45 R18 91Y - B/A/70 - pneumatico estivo (per auto e SUV/4X4)","https://sellercentral.amazon.it/skucentral?mSku=3286341301717&condition=New"
"3286341319514","B07PP8WRDF","titolo senza misura leggibile","154.6","126.00","BRIDGESTONE Turanza T005AD AO 235/50 R19 103Y","Bridgestone TURANZA T005-235/50 R19 103Y XL AO - B/A/71 - pneumatico estivo (per auto e SUV/4X4)","https://sellercentral.amazon.it/skucentral?mSku=3286341319514&condition=New"
"3286341319712","B0851V8PZ1","titolo senza misura leggibile","267.9","229.00","BRIDGESTONE Turanza T005AD AO B-Silent 245/40 R21 100Y","Bridgestone TURANZA T005-245/40 R21 100Y XL AO - B/A/70 - pneumatico estivo (per auto e SUV/4X4)","https://sellercentral.amazon.it/skucentral?mSku=3286341319712&condition=New"
"3286341338416","B07CXTFPDF","titolo senza misura leggibile","210.15","176.50","BRIDGESTONE Potenza S001 * 215/45 R20 95W","Bridgestone POTENZA S001-215/45 R20 95W XL * - C/A/72 - pneumatico estivo (per autovetture)","https://sellercentral.amazon.it/skucentral?mSku=3286341338416&condition=New"
"3286341338515","B07CTTTFRZ","titolo senza misura leggibile","190.9","159.00","BRIDGESTONE Potenza S001 * 245/40 R20 99W","Bridgestone POTENZA S001-245/40 R20 99W XL * - C/A/72 - pneumatico estivo (per autovetture)","https://sellercentral.amazon.it/skucentral?mSku=3286341338515&condition=New"
"3286341357615","B07KJFL185","titolo senza misura e marca diversa","229.4","194.00","BRIDGESTONE Blizzak LM001 AO 255/50 R20 109H","GOMME PNEUMATICI BLIZZAK LM-001 XL","https://sellercentral.amazon.it/skucentral?mSku=3286341357615&condition=New"
"3286341371017","B09V5S3NKW","titolo senza misura leggibile","171.65","141.50","BRIDGESTONE Turanza T005 * RFT 255/35 R19 96Y","Bridgestone TURANZA T005-255/35 R19 96Y XL * - B/B/71 - pneumatico estivo con tecnologia DriveGuard Run-Flat (per auto e SUV/4X4)","https://sellercentral.amazon.it/skucentral?mSku=3286341371017&condition=New"
"3286341375114","B089RM23YG","titolo senza misura leggibile","97.25","77.50","BRIDGESTONE Turanza T005 AO 225/40 R18 92Y","Bridgestone TURANZA T005-225/40 R18 92Y XL AO - C/A/72 - pneumatico estivo (per auto e SUV/4X4)","https://sellercentral.amazon.it/skucentral?mSku=3286341375114&condition=New"
"3286341380019","B07NC7Y9H6","titolo senza misura leggibile","92.3","73.00","BRIDGESTONE Turanza T005 155/60 R15 74T","Bridgestone TURANZA T005-155/60 R15 74T - C/A/70 - pneumatico estivo (per auto e SUV/4X4)","https://sellercentral.amazon.it/skucentral?mSku=3286341380019&condition=New"
"3286341403916","B07QSPMGGB","titolo senza misura leggibile","124.2","102.00","BRIDGESTONE Turanza T005 * 205/55 R17 95W","Bridgestone TURANZA T005-205/55 R17 95W XL * - A/B/70 - pneumatico estivo (per auto e SUV/4X4)","https://sellercentral.amazon.it/skucentral?mSku=3286341403916&condition=New"
"3286341411515","B08R161GD2","titolo senza misura leggibile","125.3","103.00","BRIDGESTONE Turanza T005 MO 235/55 R18 104T","Bridgestone TURANZA T005-235/55 R18 104T XL MO - A/B/68 - pneumatico estivo (per auto e SUV/4X4)","https://sellercentral.amazon.it/skucentral?mSku=3286341411515&condition=New"
"3286341412116","B083RNVCS6","titolo senza misura leggibile","142.9","119.00","BRIDGESTONE Turanza T005 MO 235/50 R19 99W","Bridgestone TURANZA T005-235/50 R19 99W MO - A/B/68 - pneumatico estivo (per auto e SUV/4X4)","https://sellercentral.amazon.it/skucentral?mSku=3286341412116&condition=New"
"3286341412215","B08MQRJ63J","titolo senza misura leggibile","160.1","131.00","BRIDGESTONE Weather Control A005 (+) AO SLT B-Seal 235/55 R19 101T","Bridgestone WEATHER CONTROL A005-235/55 R19 101T (+), AO - B/A/72 - pneumatico quattro stagioni (per auto e SUV/4X4)","https://sellercentral.amazon.it/skucentral?mSku=3286341412215&condition=New"
"3286341418415","B09V6WZ2FL","titolo senza misura leggibile","139.6","116.00","BRIDGESTONE Turanza T005 * 205/65 R16 95W","Bridgestone TURANZA T005-205/65 R16 95W * - A/B/70 - pneumatico estivo (per auto e SUV/4X4)","https://sellercentral.amazon.it/skucentral?mSku=3286341418415&condition=New"
"3286341500615","B07V7Y1Y6B","titolo senza misura leggibile","113.75","92.50","BRIDGESTONE Blizzak LM005 205/70 R15 96T","Bridgestone BLIZZAK LM005-205/70 R15 96T - C/A/71 - pneumatico invernale (per auto e SUV/4x4)","https://sellercentral.amazon.it/skucentral?mSku=3286341500615&condition=New"
"3286341509014","B07TZ5L9KG","titolo senza misura leggibile","222.8","188.00","BRIDGESTONE Blizzak LM005 315/35 R20 110V","Bridgestone BLIZZAK LM005-315/35 R20 110V XL - C/A/73 - pneumatico invernale (per auto e SUV/4x4)","https://sellercentral.amazon.it/skucentral?mSku=3286341509014&condition=New"
"3286341512410","B07TKCNV4J","titolo senza misura leggibile","247","210.00","BRIDGESTONE Blizzak LM005 295/35 R21 107V","Bridgestone BLIZZAK LM005-295/35 R21 107V XL - C/A/73 - pneumatico invernale (per auto e SUV/4x4)","https://sellercentral.amazon.it/skucentral?mSku=3286341512410&condition=New"
"3286341513615","B08CYC8V9B","titolo senza misura leggibile","241.5","205.00","BRIDGESTONE Blizzak LM005 275/40 R22 107V","Bridgestone BLIZZAK LM005-275/40 R22 107V XL - C/A/73 - pneumatico invernale (per auto e SUV/4x4)","https://sellercentral.amazon.it/skucentral?mSku=3286341513615&condition=New"
"3286341516814","B07TKCQRMB","titolo senza misura leggibile","89","70.00","BRIDGESTONE Blizzak LM005 185/60 R15 84T","Bridgestone BLIZZAK LM005-185/60 R15 84T - C/A/70 - pneumatico invernale (per auto e SUV/4x4)","https://sellercentral.amazon.it/skucentral?mSku=3286341516814&condition=New"
"3286341516913","B07TPNG6Y4","titolo senza misura leggibile","85.7","67.00","BRIDGESTONE Blizzak LM005 185/60 R15 88T","Bridgestone BLIZZAK LM005-185/60 R15 88T XL - C/A/70 - pneumatico invernale (per auto e SUV/4x4)","https://sellercentral.amazon.it/skucentral?mSku=3286341516913&condition=New"
"3286341517217","B07TLDQ3Z2","titolo senza misura leggibile","82.95","64.50","BRIDGESTONE Blizzak LM005 175/65 R15 88T","Bridgestone BLIZZAK LM005-175/65 R15 88T XL - C/A/70 - pneumatico invernale (per auto e SUV/4x4)","https://sellercentral.amazon.it/skucentral?mSku=3286341517217&condition=New"
"3286341517316","B07S2S9VN2","titolo senza misura leggibile","78","60.00","BRIDGESTONE Blizzak LM005 185/65 R15 88T","Bridgestone BLIZZAK LM005-185/65 R15 88T - C/A/71 - pneumatico invernale (per auto e SUV/4x4)","https://sellercentral.amazon.it/skucentral?mSku=3286341517316&condition=New"
"3286341529012","B07TVTYWG4","titolo senza misura leggibile","84.05","65.50","BRIDGESTONE Blizzak LM005 195/65 R15 95T","Bridgestone BLIZZAK LM005-195/65 R15 95T XL - C/A/71 - pneumatico invernale (per auto e SUV/4x4)","https://sellercentral.amazon.it/skucentral?mSku=3286341529012&condition=New"
"3286341529111","B07RYMTNL8","titolo senza misura leggibile","78","60.00","BRIDGESTONE Blizzak LM005 195/65 R15 91T","Bridgestone BLIZZAK LM005-195/65 R15 91T - C/A/71 - pneumatico invernale (per auto e SUV/4x4)","https://sellercentral.amazon.it/skucentral?mSku=3286341529111&condition=New"
"3286341529616","B07TKCNV6T","titolo senza misura leggibile","83.5","65.00","BRIDGESTONE Blizzak LM005 195/65 R15 91H","Bridgestone BLIZZAK LM005-195/65 R15 91H - C/A/71 - pneumatico invernale (per auto e SUV/4x4)","https://sellercentral.amazon.it/skucentral?mSku=3286341529616&condition=New"
"3286341593815","B0851VMHT2","titolo senza misura leggibile","98.08","78.25","BRIDGESTONE Turanza T005 AO 225/45 R17 94V","Bridgestone TURANZA T005-225/45 R17 94V XL AO - A/A/69 - pneumatico estivo (per auto e SUV/4X4)","https://sellercentral.amazon.it/skucentral?mSku=3286341593815&condition=New"
"3286341657517","B08R189BLK","titolo senza misura leggibile","125.3","103.00","BRIDGESTONE Turanza T005 MO Extended 225/50 R17 94Y","Bridgestone TURANZA T005-225/50 R17 94Y MOEXTENDED - B/A/69 - pneumatico estivo (per auto e SUV/4X4)","https://sellercentral.amazon.it/skucentral?mSku=3286341657517&condition=New"
"3286341764215","B09G39DWGB","titolo senza misura leggibile","139.6","116.00","BRIDGESTONE Turanza T005 225/50 R18 95W","Bridgestone TURANZA T005-225/50 R18 95W - B/A/71 - pneumatico estivo (per auto e SUV/4X4)","https://sellercentral.amazon.it/skucentral?mSku=3286341764215&condition=New"
"3286341765212","B0851WPRDR","titolo senza misura leggibile","209.6","176.00","BRIDGESTONE Potenza S001 RFT 225/40 R19 89Y","Bridgestone POTENZA S001-225/40 R19 89Y AR - C/C/71 - pneumatico estivo con tecnologia DriveGuard Run-Flat (per autovetture)","https://sellercentral.amazon.it/skucentral?mSku=3286341765212&condition=New"
"3286341765410","B0851VMPXC","titolo senza misura leggibile","187.6","156.00","BRIDGESTONE Potenza S001 AR RFT 255/35 R19 92Y","Bridgestone POTENZA S001-255/35 R19 92Y AR - C/B/72 - pneumatico estivo con tecnologia DriveGuard Run-Flat (per autovetture)","https://sellercentral.amazon.it/skucentral?mSku=3286341765410&condition=New"
"3286341829815","B086Q51BBQ","titolo senza misura leggibile","218.95","184.50","BRIDGESTONE Turanza T005 * RFT 225/35 R20 90Y","Bridgestone TURANZA T005-225/35 R20 90Y XL * - B/B/70 - pneumatico estivo con tecnologia DriveGuard Run-Flat (per auto e SUV/4X4)","https://sellercentral.amazon.it/skucentral?mSku=3286341829815&condition=New"
"3286341880519","B07ZG7NN9K","titolo senza misura leggibile","139.6","116.00","BRIDGESTONE Potenza S001 MO 245/35 R18 92Y","Bridgestone POTENZA S001-245/35 R18 92Y XL MO - C/B/72 - pneumatico estivo (per autovetture)","https://sellercentral.amazon.it/skucentral?mSku=3286341880519&condition=New"
"3286341919219","B08CZD8S7F","titolo senza misura leggibile","265.15","226.50","BRIDGESTONE Blizzak LM005 275/30 R20 97W","Bridgestone BLIZZAK LM005-275/30 R20 97W XL - C/A/73 - pneumatico invernale (per auto e SUV/4x4)","https://sellercentral.amazon.it/skucentral?mSku=3286341919219&condition=New"
"3286341925814","B08R158BKK","titolo senza misura leggibile","153.5","125.00","BRIDGESTONE Weather Control A005 SLT B-Seal 215/50 R19 93T","Bridgestone WEATHER CONTROL A005-215/50 R19 93T (+) - B/A/72 - pneumatico quattro stagioni (per auto e SUV/4X4)","https://sellercentral.amazon.it/skucentral?mSku=3286341925814&condition=New"
"3286341926613","B096B7Q898","titolo senza misura leggibile","107.15","86.50","BRIDGESTONE Turanza T005 AO 215/45 R17 91W","Bridgestone TURANZA T005-215/45 R17 91W XL AO - B/A/70 - pneumatico estivo (per auto e SUV/4X4)","https://sellercentral.amazon.it/skucentral?mSku=3286341926613&condition=New"
"3286341960716","B09V5RFXRQ","titolo senza misura leggibile","161.2","132.00","BRIDGESTONE Turanza T005 SLT B-Seal 235/45 R18 94W","Bridgestone TURANZA T005-235/45 R18 94W - B/A/71 - pneumatico estivo (per auto e SUV/4X4)","https://sellercentral.amazon.it/skucentral?mSku=3286341960716&condition=New"
"3286341964912","B09V6PSDM9","titolo senza misura leggibile","199.7","167.00","BRIDGESTONE Turanza T005 MO Extended 255/40 R18 99Y","Bridgestone TURANZA T005-255/40 R18 99Y XL MOEXTENDED - B/A/69 - pneumatico estivo (per auto e SUV/4X4)","https://sellercentral.amazon.it/skucentral?mSku=3286341964912&condition=New"
"3286342176017","B09V6KGRZ5","titolo senza misura leggibile","152.4","124.00","BRIDGESTONE Turanza T005 * 225/50 R18 99W","Bridgestone TURANZA T005-225/50 R18 99W XL * - A/B/70 - pneumatico estivo (per auto e SUV/4X4)","https://sellercentral.amazon.it/skucentral?mSku=3286342176017&condition=New"
"3286342280417","B0BW1NPBML","titolo senza misura leggibile","155.7","127.00","BRIDGESTONE Blizzak LM005 MO * 225/55 R18 102H","Bridgestone BLIZZAK LM005-225/55 R18 102H XL - B/C/70 - Pneumatici invernali (per auto e SUV/4x4)","https://sellercentral.amazon.it/skucentral?mSku=3286342280417&condition=New"
"3286342280615","B0BXV77MT5","titolo senza misura leggibile","166.7","137.00","BRIDGESTONE Blizzak LM005 * 205/60 R18 99H","Bridgestone BLIZZAK LM005-205/60 R18 99 H XL – C/B/70 – Pneumatici invernali (PKW & SUV)","https://sellercentral.amazon.it/skucentral?mSku=3286342280615&condition=New"
"3286342297514","B0851V9Z7S","titolo senza misura leggibile","128.05","105.50","BRIDGESTONE Weather Control A005 225/60 R18 104V","Bridgestone WEATHER CONTROL A005-225/60 R18 104V XL - B/A/71 - pneumatico quattro stagioni (per auto e SUV/4X4)","https://sellercentral.amazon.it/skucentral?mSku=3286342297514&condition=New"
"3286342328812","B08CYDPYJ3","titolo senza misura leggibile","223.9","189.00","BRIDGESTONE Blizzak LM005 275/35 R19 100V","Bridgestone BLIZZAK LM005-275/35 R19 100V XL - A/C/73 - Pneumatici invernali (per auto e SUV/4x4)","https://sellercentral.amazon.it/skucentral?mSku=3286342328812&condition=New"
"3286342345116","B096B8D19W","titolo senza misura leggibile","165.6","136.00","BRIDGESTONE Turanza T005 AO 245/45 R19 102Y","Bridgestone TURANZA T005-245/45 R19 102Y XL AO - B/A/70 - pneumatico estivo (per auto e SUV/4X4)","https://sellercentral.amazon.it/skucentral?mSku=3286342345116&condition=New"
"3286342346113","B013TJNY1A","titolo senza misura leggibile","204.1","171.00","BRIDGESTONE Blizzak LM005 (+) AO 265/45 R20 108T","Bridgestone BLIZZAK LM005-265/45 R20 108T XL - B/C/73 - Pneumatici invernali (per auto e SUV/4x4)","https://sellercentral.amazon.it/skucentral?mSku=3286342346113&condition=New"
"3286342570013","B096B8S326","titolo senza misura leggibile","98.9","79.00","BRIDGESTONE Turanza T005 * 225/40 R18 92Y","Bridgestone TURANZA T005-225/40 R18 92Y XL * - A/B/70 - pneumatico estivo (per auto e SUV/4X4)","https://sellercentral.amazon.it/skucentral?mSku=3286342570013&condition=New"
"3286342621319","B0DXVC2PRY","titolo senza misura leggibile","182.1","151.00","BRIDGESTONE Blizzak LM005 R0 245/40 R19 98H","Bridgestone BLIZZAK LM005-215/70 R16 100T - A/B/71 - Pneumatici invernali (per auto e SUV/4x4)","https://sellercentral.amazon.it/skucentral?mSku=3286342621319&condition=New"
"3286342756516","B0C7LH3GSL","titolo senza misura e marca diversa","131.9","109.00","BRIDGESTONE Potenza S005 (+) 235/35 R19 91Y","POTENZA S005","https://sellercentral.amazon.it/skucentral?mSku=3286342756516&condition=New"
"3286342840314","B09V5PZJ7D","titolo senza misura leggibile","182.1","151.00","BRIDGESTONE Turanza T005 * RFT 225/40 R19 93Y","Bridgestone TURANZA T005-225/40 R19 93Y XL * - B/B/70 - pneumatico estivo con tecnologia DriveGuard Run-Flat (per auto e SUV/4X4)","https://sellercentral.amazon.it/skucentral?mSku=3286342840314&condition=New"
"3528705845650","B07SRMBNWH","titolo senza misura e marca diversa","199.15","166.50","MICHELIN Pilot Sport 4 S MO1 255/35 R19 (96Y)","GOMME PNEUMATICI PILOT SPORT 4S (MO1) XL","https://sellercentral.amazon.it/skucentral?mSku=3528705845650&condition=New"
"4019238002508","B07V4Z7DWL","titolo senza misura e marca diversa","194.2","162.00","CONTINENTAL WinterContact TS860 S SSR * 245/50 R19 105V","GOMME PNEUMATICI WINTERCONTAC TS860S * SSR RFT RUNFLAT XL","https://sellercentral.amazon.it/skucentral?mSku=4019238002508&condition=New"
"4019238006186","B07QV2HCZ5","titolo senza misura leggibile","151.85","123.50","CONTINENTAL ContiVanContact 100 235/65 R16 115/113R","GOMME PNEUMATICI CONTIVANCONTACT 100","https://sellercentral.amazon.it/skucentral?mSku=4019238006186&condition=New"
"4019238007039","B07Q5G394G","titolo senza misura leggibile","151.85","123.50","CONTINENTAL ContiVanContact 200 235/65 R16 115/113R","Continental VanContact 200 - 235/65R16 115R - Pneumatico Estivo","https://sellercentral.amazon.it/skucentral?mSku=4019238007039&condition=New"
"4019238007169","B07Q5HZRD7","titolo senza misura leggibile","156.8","128.00","CONTINENTAL ContiVanContact 100 225/75 R16 121/120R","Continental VanContact 100 - 225/75R16 121R - Pneumatico Estivo","https://sellercentral.amazon.it/skucentral?mSku=4019238007169&condition=New"
"4019238008807","B07JLVQSYL","titolo senza misura e marca diversa","306.4","264.00","CONTINENTAL WinterContact TS860 S 235/35 R20 92W","GOMME PNEUMATICI WINTERCONTAC TS860S XL","https://sellercentral.amazon.it/skucentral?mSku=4019238008807&condition=New"
"4019238009125","B07JR4827S","titolo senza misura e marca diversa","376.8","328.00","CONTINENTAL WinterContact TS860 S 295/30 R20 101W","GOMME PNEUMATICI WINTERCONTAC TS860 XL","https://sellercentral.amazon.it/skucentral?mSku=4019238009125&condition=New"
"4019238009200","B07H46TN7V","titolo senza misura leggibile","318.5","275.00","CONTINENTAL WinterContact TS860 S SSR 275/35 R19 100V","Gomme Continental Wintercontact ts 860 s 275 35 R19 100V TL Invernali per Auto","https://sellercentral.amazon.it/skucentral?mSku=4019238009200&condition=New"
"4019238009378","B07JFH4YYN","titolo senza misura leggibile","327.3","283.00","CONTINENTAL WinterContact TS860 S SSR 315/35 R20 110V","Gomme Continental Wintercontact ts 860 s 315 35 R20 110V TL Invernali per Auto","https://sellercentral.amazon.it/skucentral?mSku=4019238009378&condition=New"
"4019238009767","B07QV2KVB8","titolo senza misura e marca diversa","111.55","90.50","CONTINENTAL ContiVanContact 200 195/75 R16 107/105R","GOMME PNEUMATICI VANCONTACT 200","https://sellercentral.amazon.it/skucentral?mSku=4019238009767&condition=New"
"4019238010688","B07RZLNNMM","titolo senza misura leggibile","129.7","107.00","CONTINENTAL PremiumContact 6 215/55 R18 95H","Pneumatici CONTIPREMIUMCONTACT 6","https://sellercentral.amazon.it/skucentral?mSku=4019238010688&condition=New"
"4019238013085","B07HJ9DDYS","titolo senza misura e marca diversa","284.4","244.00","CONTINENTAL WinterContact TS860 S MGT 295/35 R21 107W","GOMME PNEUMATICI WINTERCONTAC TS860S XL","https://sellercentral.amazon.it/skucentral?mSku=4019238013085&condition=New"
"4019238013252","B07S1P9YBX","titolo senza misura e marca diversa","137.4","114.00","CONTINENTAL PremiumContact 6 MO-V 235/55 R17 103W","PREMIUMCONTACT6","https://sellercentral.amazon.it/skucentral?mSku=4019238013252&condition=New"
"4019238022476","B07PN4NXG2","titolo senza misura leggibile","234.9","199.00","CONTINENTAL ContiSportContact 5 SUV MGT 265/40 R21 (101Y)","1 PNEUMATICO GOMMA 265 40ZR21(101Y CONTINENTAL SPCONT5 FR auto estivi","https://sellercentral.amazon.it/skucentral?mSku=4019238022476&condition=New"
"4019238031058","B07K2CVTQ2","titolo senza misura e marca diversa","273.4","234.00","CONTINENTAL WinterContact TS860 S SSR 245/40 R20 99V","GOMME PNEUMATICI WINTERCONTAC TS860S XL","https://sellercentral.amazon.it/skucentral?mSku=4019238031058&condition=New"
"4019238032208","B07NMQ6FKQ","titolo senza misura leggibile","249.75","212.50","CONTINENTAL SportContact 6 * 265/40 R21 105Y","GOMME PNEUMATICI CONTISPORTCONTACT 6 * XL","https://sellercentral.amazon.it/skucentral?mSku=4019238032208&condition=New"
"4019238038170","B095L5P6PG","titolo senza misura leggibile","140.7","117.00","CONTINENTAL WinterContact TS870 225/50 R17 98H","CONTINENTAL - WinterContact TS 870-225/50 R 17-98H/C/B/70dB - Pneumatico invernale","https://sellercentral.amazon.it/skucentral?mSku=4019238038170&condition=New"
"4019238038194","B095L5T8TM","titolo senza misura leggibile","89.55","70.50","CONTINENTAL WinterContact TS870 185/60 R15 84T","CONTINENTAL - WinterContact TS 870-185/60 R 15-84T/C/B/70dB - Pneumatico invernale","https://sellercentral.amazon.it/skucentral?mSku=4019238038194&condition=New"
"4019238038200","B095L59914","titolo senza misura leggibile","91.75","72.50","CONTINENTAL WinterContact TS870 185/60 R15 88T","CONTINENTAL - WinterContact TS 870-185/60 R 15-88T/C/B/70dB - Pneumatico invernale","https://sellercentral.amazon.it/skucentral?mSku=4019238038200&condition=New"
"4019238038217","B095L4FVZF","titolo senza misura leggibile","104.4","84.00","CONTINENTAL WinterContact TS870 205/55 R16 91H","CONTINENTAL - WinterContact TS 870-205/55 R 16-91H/C/B/70dB - Pneumatico invernale","https://sellercentral.amazon.it/skucentral?mSku=4019238038217&condition=New"
"4019238038224","B095L4NNXY","titolo senza misura leggibile","95.6","76.00","CONTINENTAL WinterContact TS870 205/55 R16 91T","CONTINENTAL - WinterContact TS 870-205/55 R 16-91T/C/B/70dB - Pneumatico invernale","https://sellercentral.amazon.it/skucentral?mSku=4019238038224&condition=New"
"4019238038231","B095L6R836","titolo senza misura leggibile","103.3","83.00","CONTINENTAL WinterContact TS870 205/60 R16 92T","CONTINENTAL - WinterContact TS 870-205/60 R 16-92T/C/B/70dB - Pneumatico invernale","https://sellercentral.amazon.it/skucentral?mSku=4019238038231&condition=New"
"4019238038316","B095L4PJYL","titolo senza misura leggibile","126.4","104.00","CONTINENTAL WinterContact TS870 205/55 R16 94V","CONTINENTAL - WinterContact TS 870-205/55 R 16-94V/C/B/70dB - Pneumatico invernale","https://sellercentral.amazon.it/skucentral?mSku=4019238038316&condition=New"
"4019238038354","B095L5JZG9","titolo senza misura leggibile","83.5","66.00","CONTINENTAL WinterContact TS870 185/65 R15 88T","CONTINENTAL - WinterContact TS 870-185/65 R 15-88T/C/B/70dB - Pneumatico invernale","https://sellercentral.amazon.it/skucentral?mSku=4019238038354&condition=New"
"4019238041200","B08497JW5Y","titolo senza misura leggibile","152.95","124.50","CONTINENTAL EcoContact 6 MO 235/50 R19 103T","Gomme Continental Ecocontact 6 235 50 R19 103T TL Estivi per Auto","https://sellercentral.amazon.it/skucentral?mSku=4019238041200&condition=New"
"4019238043068","B095L5JVST","titolo senza misura leggibile","112.1","91.00","CONTINENTAL WinterContact TS870 195/55 R16 87H","CONTINENTAL - WinterContact TS 870-195/55 R 16-87H/C/B/70dB - Pneumatico invernale","https://sellercentral.amazon.it/skucentral?mSku=4019238043068&condition=New"
"4019238043105","B0BVFNT3VD","titolo senza misura leggibile","133","110.00","CONTINENTAL WinterContact TS870 215/55 R16 93H","CONTINENTAL - WinterContact TS 870-215/55 R 16-93H/C/B/70dB - Pneumatico invernale","https://sellercentral.amazon.it/skucentral?mSku=4019238043105&condition=New"
"4019238043891","B09V6G2X3R","titolo senza misura leggibile","139.05","115.50","CONTINENTAL EcoContact 6 Q MO 235/60 R18 103W","23560WR18 CONTI TL ECO 6 Q MO 44734 103W E Pneumatici Estivi","https://sellercentral.amazon.it/skucentral?mSku=4019238043891&condition=New"
"4019238046113","B0861LBXY9","titolo senza misura leggibile","289.9","249.00","CONTINENTAL SportContact 6 AO 295/35 R23 (108Y)","Gomme Continental Sportcontact 6 295 35 ZR23 (108Y) TL Estivi per Auto","https://sellercentral.amazon.it/skucentral?mSku=4019238046113&condition=New"
"4019238050370","B095L888F2","titolo senza misura leggibile","115.4","94.00","CONTINENTAL WinterContact TS870 195/55 R16 91H","CONTINENTAL - WinterContact TS 870-195/55 R 16-91H/C/B/70dB - Pneumatico invernale","https://sellercentral.amazon.it/skucentral?mSku=4019238050370&condition=New"
"4019238050417","B0BRPKYLVC","titolo senza misura leggibile","116.5","95.00","CONTINENTAL WinterContact TS870 185/55 R16 87T","CONTINENTAL - WinterContact TS 870-185/55 R 16-87T/C/B/71dB - Pneumatico invernale","https://sellercentral.amazon.it/skucentral?mSku=4019238050417&condition=New"
"4019238073089","B0CNHB8KR4","titolo senza misura leggibile","143.45","119.50","CONTINENTAL AllSeasonContact 235/55 R19 105H","Gomme 4 stagioni 235 55 R19 105H XL CONTINENTAL AllSeasonContact","https://sellercentral.amazon.it/skucentral?mSku=4019238073089&condition=New"
"4019238076295","B0BVFPQQ5N","titolo senza misura leggibile","129.7","107.00","CONTINENTAL WinterContact TS870 215/60 R16 95H","CONTINENTAL - WinterContact TS 870-215/60 R 16-95H/C/B/70dB - Pneumatico invernale","https://sellercentral.amazon.it/skucentral?mSku=4019238076295&condition=New"
"4019238080414","B0CJG32SZT","titolo senza misura e marca diversa","219.5","185.00","CONTINENTAL EcoContact 6 Q 255/45 R20 105H","EcoContact 6 Q","https://sellercentral.amazon.it/skucentral?mSku=4019238080414&condition=New"
"4019238083705","B00K62L6AA","titolo senza misura e marca diversa","225","190.00","CONTINENTAL CrossContact RX NE0 255/40 R22 103V","Goodyear Padangos Eagle F1 Asymmetric 6 98 Y XL (C A B 70dB)","https://sellercentral.amazon.it/skucentral?mSku=4019238083705&condition=New"
"4019238084535","B0BT8B7R4D","titolo senza misura leggibile","109.9","89.00","CONTINENTAL WinterContact TS870 205/60 R16 96H","CONTINENTAL - WinterContact TS 870-205/60 R 16-96H/C/B/70dB - Pneumatico invernale","https://sellercentral.amazon.it/skucentral?mSku=4019238084535&condition=New"
"4019238091793","B0BYB92BFN","titolo senza misura e marca diversa","128.05","105.50","CONTINENTAL AllSeasonContact 2 205/45 R17 88W","SPORTCONTACT 6","https://sellercentral.amazon.it/skucentral?mSku=4019238091793&condition=New"
"4019238091878","B0CD24SPVP","titolo senza misura leggibile","121.45","98.50","CONTINENTAL AllSeasonContact 2 SSR 225/40 R18 92Y","CONTINENTAL - WinterContact TS 870-215/60 R 16-99H/C/B/72dB - Pneumatico invernale","https://sellercentral.amazon.it/skucentral?mSku=4019238091878&condition=New"
"4019238092011","B0CH96Q8KY","titolo senza misura e marca diversa","92.85","73.50","CONTINENTAL AllSeasonContact 2 185/65 R15 92V","AllSeasonContact 2","https://sellercentral.amazon.it/skucentral?mSku=4019238092011&condition=New"
"4019238092233","B0CHMTPD2G","titolo senza misura leggibile","196.95","164.50","CONTINENTAL AllSeasonContact 2 235/45 R21 101T","Gomme 4 stagioni 235 45 R21 101T XL CONTINENTAL AllSeasonContact 2","https://sellercentral.amazon.it/skucentral?mSku=4019238092233&condition=New"
"4019238092523","B0BR5G5S2Q","titolo senza misura leggibile","119.25","97.50","CONTINENTAL AllSeasonContact 2 215/65 R16 98H","CONTINENTAL - WinterContact TS 870-195/55 R 15-85T/C/B/70dB - Pneumatico invernale","https://sellercentral.amazon.it/skucentral?mSku=4019238092523&condition=New"
"4019238092691","B0CHFMPVJW","titolo senza misura e marca diversa","130.25","107.50","CONTINENTAL AllSeasonContact 2 205/50 R17 93W","AllSeasonContact 2","https://sellercentral.amazon.it/skucentral?mSku=4019238092691&condition=New"
"4019238093025","B0HC65NY2Y","titolo senza misura leggibile","95.6","76.00","CONTINENTAL CrossContact RX 215/70 R16 100H","215 70 R16 100H CONTINENTAL CrossContact RX","https://sellercentral.amazon.it/skucentral?mSku=4019238093025&condition=New"
"4019238094565","B0DJN4BR26","titolo senza misura leggibile","118.7","97.00","CONTINENTAL AllSeasonContact 2 SSR 225/45 R17 94W","Gomme 4 stagioni 225 45 R17 94W XL CONTINENTAL AllSeasonContact 2 SSR","https://sellercentral.amazon.it/skucentral?mSku=4019238094565&condition=New"
"4019238191172","B0D86LNDDD","titolo senza misura leggibile","273.4","234.00","CONTINENTAL EcoContact 7 S (+) ContiSilent 265/35 R21 101H","Gomme estive 265 35 R21 101H XL CONTINENTAL EcoContact 7 S (+) ContiSilent","https://sellercentral.amazon.it/skucentral?mSku=4019238191172&condition=New"
"4019238284324","B0CYGJ1L58","titolo senza misura leggibile","140.7","117.00","CONTINENTAL ContiEcoContact 5 VOL 235/60 R18 107V","Gomme estive 235 60 R18 107V XL CONTINENTAL ContiEcoContact 5 VOL","https://sellercentral.amazon.it/skucentral?mSku=4019238284324&condition=New"
"4019238285154","B0CJG4XMSK","titolo senza misura e marca diversa","133.55","110.50","CONTINENTAL PremiumContact 6 225/45 R18 95V","PremiumContact 6","https://sellercentral.amazon.it/skucentral?mSku=4019238285154&condition=New"
"4019238285239","B0DQDWRMLN","titolo senza misura leggibile","148.55","120.50","CONTINENTAL ContiSportContact 5 SUV VOL 235/55 R19 105V","Gomme estive 235 55 R19 105V XL CONTINENTAL ContiSportContact 5 SUV VOL","https://sellercentral.amazon.it/skucentral?mSku=4019238285239&condition=New"
"4019238286816","B0DYNKPPX4","titolo senza misura leggibile","181","150.00","CONTINENTAL ContiSportContact 5 MO 245/45 R19 102Y","Gomme estive 245 45 R19 102Y XL CONTINENTAL ContiSportContact 5 MO","https://sellercentral.amazon.it/skucentral?mSku=4019238286816&condition=New"
"4019238287486","B0DJCGZRF8","titolo senza misura leggibile","188.7","157.00","CONTINENTAL WinterContact 8 S 235/45 R19 99V","Gomme invernali 235 45 R19 99V XL CONTINENTAL WinterContact 8 S","https://sellercentral.amazon.it/skucentral?mSku=4019238287486&condition=New"
"4019238287554","B0DDNQTQFG","titolo senza misura leggibile","294.3","253.00","CONTINENTAL WinterContact 8 S 275/40 R22 107V","Gomme invernali 275 40 R22 107V XL CONTINENTAL WinterContact 8 S","https://sellercentral.amazon.it/skucentral?mSku=4019238287554&condition=New"
"4019238287592","B0DFMHQZ81","titolo senza misura leggibile","266.8","228.00","CONTINENTAL WinterContact 8 S 285/40 R19 107V","Gomme invernali 285 40 R19 107V XL CONTINENTAL WinterContact 8 S","https://sellercentral.amazon.it/skucentral?mSku=4019238287592&condition=New"
"4019238287684","B0DJD7Z82X","titolo senza misura leggibile","359.2","312.00","CONTINENTAL WinterContact 8 S 315/30 R21 105W","Gomme invernali 315 30 R21 105W XL CONTINENTAL WinterContact 8 S","https://sellercentral.amazon.it/skucentral?mSku=4019238287684&condition=New"
"4019238288841","B0F18FPZ44","titolo senza misura leggibile","135.2","112.00","CONTINENTAL PremiumContact 6 225/55 R19 103V","Gomme estive 225 55 R19 103V XL CONTINENTAL PremiumContact 6","https://sellercentral.amazon.it/skucentral?mSku=4019238288841&condition=New"
"4019238295313","B0DWX2738R","titolo senza misura leggibile","217.3","183.00","CONTINENTAL AllSeasonContact 2 255/45 R20 101T","Gomme 4 stagioni 255 45 R20 101T CONTINENTAL AllSeasonContact 2","https://sellercentral.amazon.it/skucentral?mSku=4019238295313&condition=New"
"4019238295320","B0DWWYFSXS","titolo senza misura leggibile","241.5","205.00","CONTINENTAL AllSeasonContact 2 ContiSeal 255/45 R20 101T","Gomme 4 stagioni 255 45 R20 101T CONTINENTAL AllSeasonContact 2 ContiSeal","https://sellercentral.amazon.it/skucentral?mSku=4019238295320&condition=New"
"4019238295337","B0DY4HDR22","titolo senza misura leggibile","105.5","85.00","CONTINENTAL AllSeasonContact 2 175/65 R17 87H","Gomme 4 stagioni 175 65 R17 87H CONTINENTAL AllSeasonContact 2","https://sellercentral.amazon.it/skucentral?mSku=4019238295337&condition=New"
"4019238295344","B0DM6VNCCW","titolo senza misura leggibile","103.85","83.50","CONTINENTAL AllSeasonContact 2 225/40 R18 92W","Gomme 4 stagioni 225 40 R18 92W XL CONTINENTAL AllSeasonContact 2","https://sellercentral.amazon.it/skucentral?mSku=4019238295344&condition=New"
"4019238295399","B0DYTJFJ54","titolo senza misura leggibile","130.25","107.50","CONTINENTAL AllSeasonContact 2 235/55 R18 104V","Gomme 4 stagioni 235 55 R18 104V XL CONTINENTAL AllSeasonContact 2","https://sellercentral.amazon.it/skucentral?mSku=4019238295399&condition=New"
"4019238296587","B0D4M2BHG2","titolo senza misura leggibile","138.5","115.00","CONTINENTAL SportContact 6 * 235/35 R19 91Y","Gomme estive 235 35 R19 91Y XL CONTINENTAL SportContact 6 *","https://sellercentral.amazon.it/skucentral?mSku=4019238296587&condition=New"
"4019238298512","B0DZH72QMK","titolo senza misura leggibile","168.9","139.00","CONTINENTAL CrossContact LX Sport JLR 255/55 R19 111W","Gomme estive 255 55 R19 111W XL CONTINENTAL CrossContact LX Sport JLR","https://sellercentral.amazon.it/skucentral?mSku=4019238298512&condition=New"
"4019238299953","B0DZ6F7ZF3","titolo senza misura leggibile","170","140.00","CONTINENTAL ContiSportContact 5 JLR 255/55 R19 111W","Gomme estive 255 55 R19 111W XL CONTINENTAL ContiSportContact 5 JLR","https://sellercentral.amazon.it/skucentral?mSku=4019238299953&condition=New"
"4019238302264","B0F3462XVH","titolo senza misura leggibile","143.73","119.75","CONTINENTAL ContiSportContact 5 N0 235/55 R19 101Y","Gomme estive 235 55 R19 101Y CONTINENTAL ContiSportContact 5 N0","https://sellercentral.amazon.it/skucentral?mSku=4019238302264&condition=New"
"4019238316612","B0GVZYZX2J","titolo senza misura leggibile","150.75","122.50","CONTINENTAL ContiSportContact 3 SSR * 205/45 R17 84W","205 45 R17 84W CONTINENTAL ContiSportContact 3 SSR *","https://sellercentral.amazon.it/skucentral?mSku=4019238316612&condition=New"
"4019238316766","B0F59VMRRN","titolo senza misura leggibile","188.7","157.00","CONTINENTAL PremiumContact 6 SSR * 225/45 R19 92W","Gomme estive 225 45 R19 92W CONTINENTAL PremiumContact 6 SSR *","https://sellercentral.amazon.it/skucentral?mSku=4019238316766&condition=New"
"4019238321401","B0F44FZQGH","titolo senza misura leggibile","230.5","195.00","CONTINENTAL CrossContact UHP MO 275/50 R20 109W","275 50 R20 109W CONTINENTAL CrossContact UHP MO","https://sellercentral.amazon.it/skucentral?mSku=4019238321401&condition=New"
"4019238343328","B0CKTT1JLS","titolo senza misura e marca diversa","228.3","193.00","CONTINENTAL UltraContact NXT (CRM) 255/45 R20 105T","UltraContact NXT","https://sellercentral.amazon.it/skucentral?mSku=4019238343328&condition=New"
"4019238399844","B0F18XTJ6S","titolo senza misura leggibile","220.6","186.00","CONTINENTAL AllSeasonContact 2 ContiSeal 255/40 R20 101T","Gomme 4 stagioni 255 40 R20 101T XL CONTINENTAL AllSeasonContact 2 ContiSeal","https://sellercentral.amazon.it/skucentral?mSku=4019238399844&condition=New"
"4019238401202","B0DNSQPC1C","titolo senza misura leggibile","160.65","131.50","CONTINENTAL EcoContact 7 MO 255/35 R19 99W","Gomme estive 255 35 R19 99W XL CONTINENTAL EcoContact 7 MO","https://sellercentral.amazon.it/skucentral?mSku=4019238401202&condition=New"
"4019238402339","B0DX1T8GZ7","titolo senza misura leggibile","149.65","121.50","CONTINENTAL AllSeasonContact 2 245/35 R18 92Y","Gomme 4 stagioni 245 35 R18 92Y XL CONTINENTAL AllSeasonContact 2","https://sellercentral.amazon.it/skucentral?mSku=4019238402339&condition=New"
"4019238590760","B00HSLWCJQ","titolo senza misura leggibile","120.35","98.50","CONTINENTAL ContiVanContact 100 195/65 R16 104/102T","Continental VanContact 100 - 195/65R16 104T - Pneumatico Estivo","https://sellercentral.amazon.it/skucentral?mSku=4019238590760&condition=New"
"4019238590791","B00AZTX47M","titolo senza misura leggibile","127.5","105.00","CONTINENTAL ContiVanContact 100 205/75 R16 110/108R","Continental VanContact 100 - 205/75R16 110R - Pneumatico Estivo","https://sellercentral.amazon.it/skucentral?mSku=4019238590791&condition=New"
"4019238594522","B00AZTX2YC","titolo senza misura leggibile","111.55","90.50","CONTINENTAL ContiVanContact 100 195/75 R16 107/105R","Continental VanContact 100 - 195/75R16 107R - Pneumatico Estivo","https://sellercentral.amazon.it/skucentral?mSku=4019238594522&condition=New"
"4019238651119","B00ULR2NXO","titolo senza misura leggibile","172.2","142.00","CONTINENTAL ContiVanContact 200 215/60 R17 109/107T","Continental VanContact 200 - 215/60R17 109T - Pneumatico Estivo","https://sellercentral.amazon.it/skucentral?mSku=4019238651119&condition=New"
"4019238752212","B07BF7FY7S","titolo senza misura leggibile","182.65","151.50","CONTINENTAL ContiVanContact 200 225/75 R16 121/120R","Continental VanContact 200 - 225/75R16 121R - Pneumatico Estivo","https://sellercentral.amazon.it/skucentral?mSku=4019238752212&condition=New"
"4019238815238","B07QW2T5SD","titolo senza misura e marca diversa","150.75","122.50","CONTINENTAL ContiVanContact 200 225/65 R16 112/110R","GOMME PNEUMATICI VANCONTACT 200","https://sellercentral.amazon.it/skucentral?mSku=4019238815238&condition=New"
"4024067002988","B0C8141QRV","titolo senza misura leggibile","95.05","75.50","SEMPERIT SPEED-GRIP 5 215/65 R16 98H","SEMPERIT Pneumatici 215 65 R16 98 H Winterreifen PKW","https://sellercentral.amazon.it/skucentral?mSku=4024067002988&condition=New"
"4024067003893","B0C8144ZTZ","titolo senza misura leggibile","137.4","114.00","SEMPERIT SPEED-GRIP 5 235/55 R19 105V","SEMPERIT Pneumatici 235 55 R19 105 V XL Winterreifen PKW","https://sellercentral.amazon.it/skucentral?mSku=4024067003893&condition=New"
"4024067003916","B0C81575KM","titolo senza misura leggibile","104.4","84.00","SEMPERIT SPEED-GRIP 5 205/55 R17 95V","SEMPERIT Pneumatici 205 55 R17 95 V XL Winterreifen PKW","https://sellercentral.amazon.it/skucentral?mSku=4024067003916&condition=New"
"4024067003923","B0C815NZP9","titolo senza misura leggibile","130.25","107.50","SEMPERIT SPEED-GRIP 5 235/45 R19 99V","SEMPERIT Pneumatici 235 45 R19 99 V XL Winterreifen PKW","https://sellercentral.amazon.it/skucentral?mSku=4024067003923&condition=New"
"4024067003954","B0C812ZJ7W","titolo senza misura leggibile","126.4","104.00","SEMPERIT SPEED-GRIP 5 235/50 R18 101V","SEMPERIT Pneumatici 235 50 R18 101 V XL Winterreifen PKW","https://sellercentral.amazon.it/skucentral?mSku=4024067003954&condition=New"
"4024067004401","B0C813ZYL3","titolo senza misura leggibile","113.2","92.00","SEMPERIT SPEED-GRIP 5 215/60 R17 100V","SEMPERIT Pneumatici 215 60 R17 100 V XL Winterreifen PKW","https://sellercentral.amazon.it/skucentral?mSku=4024067004401&condition=New"
"4024068000587","B07F3RZ3TJ","titolo senza misura leggibile","107.15","86.50","UNIROYAL AllSeasonExpert 2 205/50 R17 93V","Gomme Uniroyal Allseasonexpert 2 205 50 R17 93V TL 4 stagioni per Auto","https://sellercentral.amazon.it/skucentral?mSku=4024068000587&condition=New"
"4024068000655","B07DCGQ33J","titolo senza misura leggibile","115.95","94.50","UNIROYAL AllSeasonExpert 2 235/55 R17 103V","Gomme Uniroyal Allseasonexpert 2 235 55 R17 103V TL 4 stagioni per Fuoristrada","https://sellercentral.amazon.it/skucentral?mSku=4024068000655&condition=New"
"4024068000976","B07KRTRS11","titolo senza misura leggibile","109.9","89.00","UNIROYAL AllSeasonExpert 2 225/65 R17 106V","Gomme Uniroyal Allseasonexpert 2 225 65 R17 106V TL 4 stagioni per Fuoristrada","https://sellercentral.amazon.it/skucentral?mSku=4024068000976&condition=New"
"4024068000983","B07G9RYFFX","titolo senza misura leggibile","118.7","97.00","UNIROYAL AllSeasonExpert 2 235/60 R18 107V","Gomme Uniroyal Allseasonexpert 2 235 60 R18 107V TL 4 stagioni per Fuoristrada","https://sellercentral.amazon.it/skucentral?mSku=4024068000983&condition=New"
"4024068001355","B07V5918HV","titolo senza misura leggibile","114.3","93.00","UNIROYAL AllSeasonExpert 2 215/55 R17 98W","Gomme Uniroyal Allseasonexpert 2 215 55 R17 98W TL 4 stagioni per Fuoristrada","https://sellercentral.amazon.it/skucentral?mSku=4024068001355&condition=New"
"4024068001362","B07WX2FQZC","titolo senza misura leggibile","101.65","81.50","UNIROYAL AllSeasonExpert 2 215/45 R17 91W","Gomme Uniroyal Allseasonexpert 2 215 45 R17 91W TL 4 stagioni per Auto","https://sellercentral.amazon.it/skucentral?mSku=4024068001362&condition=New"
"4024068002451","B0851BGTFS","titolo senza misura leggibile","195.3","163.00","UNIROYAL RainSport 5 265/40 R21 105Y","Gomme Uniroyal Rainsport 5 265 40 R21 105Y TL Estivi per Auto","https://sellercentral.amazon.it/skucentral?mSku=4024068002451&condition=New"
"4024068003038","B0846LRNKW","titolo senza misura leggibile","133.55","110.50","UNIROYAL RainSport 5 225/40 R19 93Y","Gomme Uniroyal Rainsport 5 225 40 R19 93Y TL Estivi per Auto","https://sellercentral.amazon.it/skucentral?mSku=4024068003038&condition=New"
"4024068003076","B0846LRM8F","titolo senza misura leggibile","107.7","87.00","UNIROYAL RainSport 5 225/55 R19 99V","Gomme Uniroyal Rainsport 5 225 55 R19 99V TL Estivi per Auto","https://sellercentral.amazon.it/skucentral?mSku=4024068003076&condition=New"
"4024068003267","B08FF2M9PP","titolo senza misura leggibile","182.65","151.50","UNIROYAL RainSport 5 265/30 R20 94Y","Gomme Uniroyal Rainsport 5 265 30 R20 94Y TL Estivi per Auto","https://sellercentral.amazon.it/skucentral?mSku=4024068003267&condition=New"
"4024068004073","B087QHBCQ7","titolo senza misura leggibile","118.7","97.00","UNIROYAL AllSeasonMax 215/65 R15 104/102T","Gomme Uniroyal Allseasonmax 215 65 R15C 104/102T TL 4 stagioni per Furgoncini","https://sellercentral.amazon.it/skucentral?mSku=4024068004073&condition=New"
"4024068004387","B09JCZTBY4","titolo senza misura leggibile","80.2","62.00","UNIROYAL RainExpert 5 195/60 R15 88V","Gomme Uniroyal Rainexpert 5 195 60 R15 88V TL Estivi per Auto","https://sellercentral.amazon.it/skucentral?mSku=4024068004387&condition=New"
"4024068004707","B09JCZ1JXK","titolo senza misura leggibile","79.1","61.00","UNIROYAL RainExpert 5 165/65 R15 81T","Gomme Uniroyal Rainexpert 5 165 65 R15 81T TL Estivi per Auto","https://sellercentral.amazon.it/skucentral?mSku=4024068004707&condition=New"
"4024068005902","B0CTPJR6LY","titolo senza misura leggibile","83.5","65.00","UNIROYAL Rainmax 5 185/0 R14 102/100R","GOMME PNEUMATICI UNIROYAL 185/82 R14 102/100R RAIN MAX 5","https://sellercentral.amazon.it/skucentral?mSku=4024068005902&condition=New"
"4038526021519","B0B3SLB4MK","titolo senza misura e marca diversa","140.7","117.00","GOODYEAR UltraGrip Performance + * 225/55 R17 101H","Prestazioni ultra grip +","https://sellercentral.amazon.it/skucentral?mSku=4038526021519&condition=New"
"4038526029676","B0B3SJ673P","titolo senza misura e marca diversa","216.2","182.00","GOODYEAR UltraGrip Cargo 225/55 R17 109/107T","ULTRAGRIP CARGO","https://sellercentral.amazon.it/skucentral?mSku=4038526029676&condition=New"
"4038526035998","B08C797V9V","titolo senza misura leggibile","114.85","93.50","GOODYEAR EfficientGrip Performance 205/45 R17 88V","Goodyear EfficientGrip Performance | Pneumatici estivi","https://sellercentral.amazon.it/skucentral?mSku=4038526035998&condition=New"
"4038526045270","B09JB8H81G","titolo senza misura leggibile","121.45","99.50","GOODYEAR Vector 4Seasons Gen-3 RE 235/55 R18 100V","Goodyear Vector 4Seasons Gen-3 | Pneumatici per tutte le stagioni","https://sellercentral.amazon.it/skucentral?mSku=4038526045270&condition=New"
"4038526052865","B0B3SLFFGT","titolo senza misura e marca diversa","136.3","113.00","GOODYEAR UltraGrip Performance + (+) 235/60 R18 103T","Prestazioni ultra grip +","https://sellercentral.amazon.it/skucentral?mSku=4038526052865&condition=New"
"4038526053800","B09V5RCTL4","titolo senza misura leggibile","134.1","111.00","GOODYEAR Vector 4Seasons Gen-3 215/50 R19 93H","Goodyear Vector 4Seasons Gen-3 | Pneumatici per tutte le stagioni","https://sellercentral.amazon.it/skucentral?mSku=4038526053800&condition=New"
"4038526055842","B09V6CTS28","titolo senza misura leggibile","152.4","124.00","GOODYEAR Vector 4Seasons Gen-3 235/50 R19 103W","Goodyear Vector 4Seasons Gen-3 | Pneumatici per tutte le stagioni","https://sellercentral.amazon.it/skucentral?mSku=4038526055842&condition=New"
"4038526071996","B09JBL73PR","titolo senza misura leggibile","216.2","182.00","GOODYEAR UltraGrip Performance + 215/45 R20 95T","Goodyear UltraGrip Performance + | Pneumatici invernali","https://sellercentral.amazon.it/skucentral?mSku=4038526071996&condition=New"
"4038526073099","B09JC989QH","titolo senza misura leggibile","195.3","163.00","GOODYEAR UltraGrip Performance + SUV 225/55 R19 99V","Goodyear UltraGrip Performance + SUV | Pneumatici invernali","https://sellercentral.amazon.it/skucentral?mSku=4038526073099&condition=New"
"4038526073112","B09JB2WFBD","titolo senza misura leggibile","174.4","144.00","GOODYEAR UltraGrip Performance + SUV 225/60 R18 104V","Goodyear UltraGrip Performance + SUV | Pneumatici invernali","https://sellercentral.amazon.it/skucentral?mSku=4038526073112&condition=New"
"4038526074645","B09J9WJXSP","titolo senza misura leggibile","92.3","73.00","GOODYEAR Vector 4Seasons Gen-3 175/65 R15 88H","Goodyear Vector 4Seasons Gen-3 | Pneumatici per tutte le stagioni","https://sellercentral.amazon.it/skucentral?mSku=4038526074645&condition=New"
"4038526074898","B09V64L7V1","titolo senza misura leggibile","119.25","97.50","GOODYEAR Eagle F1 Asymmetric 6 245/40 R18 97Y","Goodyear Eagle F1 Asymmetric 6 | Pneumatici estivi","https://sellercentral.amazon.it/skucentral?mSku=4038526074898&condition=New"
"4038526076724","B0B3SFLZ1K","titolo senza misura e marca diversa","276.7","237.00","GOODYEAR UltraGrip Performance + MO 275/45 R21 110H","Prestazioni ultra grip +","https://sellercentral.amazon.it/skucentral?mSku=4038526076724&condition=New"
"4038526091482","B0B3SGP1PL","titolo senza misura e marca diversa","157.35","128.50","GOODYEAR UltraGrip Performance + (+) 255/55 R18 105T","Prestazioni ultra grip +","https://sellercentral.amazon.it/skucentral?mSku=4038526091482&condition=New"
"4038526100269","B09J9Z4ZLQ","titolo senza misura leggibile","183.2","152.00","GOODYEAR UltraGrip Performance + SUV 225/50 R19 100V","Goodyear UltraGrip Performance + SUV | Pneumatici invernali","https://sellercentral.amazon.it/skucentral?mSku=4038526100269&condition=New"
"4038526101051","B09V6PFDZ6","titolo senza misura leggibile","101.1","81.00","GOODYEAR Vector 4Seasons Gen-2 + 175/65 R17 87H","Goodyear Vector 4Seasons Gen-2, pneumatici per tutto l'anno","https://sellercentral.amazon.it/skucentral?mSku=4038526101051&condition=New"
"4038526325808","B0C7LNHMM4","titolo senza misura e marca diversa","130.75","107.95","GOODYEAR Vector 4Seasons Gen-3 215/55 R17 98W","VECTOR 4SEASONS GEN-3","https://sellercentral.amazon.it/skucentral?mSku=4038526325808&condition=New"
"4038526328724","B0B3SLR84P","titolo senza misura e marca diversa","166.7","137.00","GOODYEAR EfficientGrip Performance R ST 215/45 R20 95T","PRESTAZIONI DI EFFICIENZA GRIP","https://sellercentral.amazon.it/skucentral?mSku=4038526328724&condition=New"
"4038526328731","B0B3SKZ21L","titolo senza misura e marca diversa","141.25","117.50","GOODYEAR Vector 4Seasons Gen-3 ST 215/50 R19 93H","VECTOR 4SEASONS GEN-3","https://sellercentral.amazon.it/skucentral?mSku=4038526328731&condition=New"
"4038526403209","B00K62L6AA","titolo senza misura leggibile","155.7","127.00","GOODYEAR Eagle F1 Asymmetric 6 245/40 R19 98Y","Goodyear Padangos Eagle F1 Asymmetric 6 98 Y XL (C A B 70dB)","https://sellercentral.amazon.it/skucentral?mSku=4038526403209&condition=New"
"4038526425232","B0CDHMNR18","titolo senza misura e marca diversa","133","110.00","GOODYEAR Vector 4Seasons Cargo 215/70 R15 109/107S","VECTOR 4SEASONS CARGO","https://sellercentral.amazon.it/skucentral?mSku=4038526425232&condition=New"
"5420068605835","B0HC56RLJC","titolo senza misura leggibile","89.55","70.50","FORTUNA ECOPLUS EV 285/35 R20 (104W)","285 35 ZR20 (104W) XL FORTUNA ECOPLUS EV","https://sellercentral.amazon.it/skucentral?mSku=5420068605835&condition=New"
"5420068615032","B07GTDQTC7","titolo senza misura leggibile","71.4","54.00","DURATURN MOZZO WINTER VAN 195/75 R16 107/105R","Pneumatici DURATURN WI M WINTER 195 75 R 16 107R Pneumatico invernale VAN per auto nuovi dot originali","https://sellercentral.amazon.it/skucentral?mSku=5420068615032&condition=New"
"5420068617876","B0F4T4MJH4","titolo senza misura leggibile","63.15","46.50","VICTORY ROAD VAN 195/70 R15 104/102R","Gomme estive 195 70 R15 104/102R VICTORY ROAD VAN","https://sellercentral.amazon.it/skucentral?mSku=5420068617876&condition=New"
"5420068617913","B0H2493H4Q","titolo senza misura leggibile","68.65","51.50","VICTORY ROAD VAN 225/70 R15 112/110S","225 70 R15 112/110S VICTORY ROAD VAN","https://sellercentral.amazon.it/skucentral?mSku=5420068617913&condition=New"
"5420068617937","B0F4T4SJSY","titolo senza misura leggibile","67","50.00","VICTORY ROAD VAN 215/65 R15 104/102T","Gomme estive 215 65 R15 104/102T 6PR VICTORY ROAD VAN","https://sellercentral.amazon.it/skucentral?mSku=5420068617937&condition=New"
"5420068618538","B0DK9FK9X7","titolo senza misura leggibile","71.95","54.50","SUPERIA ECOBLUE2 4S 245/45 R19 102Y","Gomme 4 stagioni 245 45 R19 102Y XL SUPERIA ECOBLUE2 4S","https://sellercentral.amazon.it/skucentral?mSku=5420068618538&condition=New"
"5420068618682","B0DSLSDZXS","titolo senza misura leggibile","69.2","52.00","SUPERIA ECOBLUE EV 245/35 R20 95W","Gomme estive 245 35 R20 95W XL SUPERIA ECOBLUE EV","https://sellercentral.amazon.it/skucentral?mSku=5420068618682&condition=New"
"5420068618866","B0DK9F8BFW","titolo senza misura leggibile","57.65","41.50","SUPERIA BLUEWIN UHP2 215/45 R16 90V","Gomme invernali 215 45 R16 90V XL SUPERIA BLUEWIN UHP2","https://sellercentral.amazon.it/skucentral?mSku=5420068618866&condition=New"
"5420068619634","B0F68TBC3N","titolo senza misura leggibile","66.45","49.50","FORTUNA ECOPLUS2 4S 215/65 R17 99V","215 65 R17 99V FORTUNA ECOPLUS2 4S","https://sellercentral.amazon.it/skucentral?mSku=5420068619634&condition=New"
"5420068619702","B0DP7VXF4F","titolo senza misura leggibile","47.75","32.50","SUPERIA ECOBLUE2 4S 165/70 R13 79T","Gomme 4 stagioni 165 70 R13 79T SUPERIA ECOBLUE2 4S","https://sellercentral.amazon.it/skucentral?mSku=5420068619702&condition=New"
"5420068619719","B0DXKMNRNW","titolo senza misura leggibile","48.85","33.50","SUPERIA ECOBLUE2 4S 165/70 R13 83T","Gomme 4 stagioni 165 70 R13 83T XL SUPERIA ECOBLUE2 4S","https://sellercentral.amazon.it/skucentral?mSku=5420068619719&condition=New"
"5420068619726","B0DR36QPMR","titolo senza misura leggibile","48.85","33.50","SUPERIA ECOBLUE2 4S 175/70 R13 82T","Gomme 4 stagioni 175 70 R13 82T SUPERIA ECOBLUE2 4S","https://sellercentral.amazon.it/skucentral?mSku=5420068619726&condition=New"
"5420068619733","B0DJCFYV97","titolo senza misura leggibile","51.6","36.00","SUPERIA ECOBLUE2 4S 185/70 R13 86T","Gomme 4 stagioni 185 70 R13 86T SUPERIA ECOBLUE2 4S","https://sellercentral.amazon.it/skucentral?mSku=5420068619733&condition=New"
"5420068619740","B0DKTX1HQ1","titolo senza misura leggibile","53.25","37.50","SUPERIA ECOBLUE2 4S 185/70 R14 88T","Gomme 4 stagioni 185 70 R14 88T M+S SUPERIA ECOBLUE 4S","https://sellercentral.amazon.it/skucentral?mSku=5420068619740&condition=New"
"5420068619849","B0DKC93QXZ","titolo senza misura leggibile","54.9","39.00","SUPERIA ECOBLUE2 4S 195/65 R15 91H","Gomme 4 stagioni 195 65 R15 91H SUPERIA ECOBLUE2 4S","https://sellercentral.amazon.it/skucentral?mSku=5420068619849&condition=New"
"5420068619863","B0DQ23L1BD","titolo senza misura leggibile","57.65","41.50","SUPERIA ECOBLUE2 4S 205/65 R15 94V","Gomme 4 stagioni 205 65 R15 94V SUPERIA ECOBLUE2 4S","https://sellercentral.amazon.it/skucentral?mSku=5420068619863&condition=New"
"5420068619979","B0DXPJ92NP","titolo senza misura leggibile","54.35","38.50","SUPERIA ECOBLUE2 4S 195/50 R15 82V","Gomme 4 stagioni 195 50 R15 82V SUPERIA ECOBLUE2 4S","https://sellercentral.amazon.it/skucentral?mSku=5420068619979&condition=New"
"5420068622924","B01BSV740I","titolo senza misura leggibile","59.3","43.00","IMPERIAL IR1 155/0 R12 88/86Q","Imperial IR1 155/80R12 88Q Pneumatico invernales","https://sellercentral.amazon.it/skucentral?mSku=5420068622924&condition=New"
"5420068622948","B01BNLVPAS","titolo senza misura leggibile","57.65","41.50","IMPERIAL IR1winter 165/0 R13 94/93Q","Imperial IR1 - 165/65R13 94Q - Pneumatico Invernale","https://sellercentral.amazon.it/skucentral?mSku=5420068622948&condition=New"
"5420068622955","B019AJ66H2","titolo senza misura leggibile","69.2","52.00","IMPERIAL IR1 195/0 R14 106/104Q","Imperial IR1 - 195/65R14 106Q - Pneumatico Invernale","https://sellercentral.amazon.it/skucentral?mSku=5420068622955&condition=New"
"5420068625833","B07BHC1XXR","titolo senza misura leggibile","79.1","61.00","IMPERIAL ECOSPORT2 275/30 R19 96Y","Gomme Imperial Ecosport 2 f205 275 30Z R19 96Y TL Estivi per Auto","https://sellercentral.amazon.it/skucentral?mSku=5420068625833&condition=New"
"5420068626670","B00AEQYB1Y","titolo senza misura leggibile","68.65","51.50","IMPERIAL SNOWDRAGON UHP 225/55 R17 101V","Pneumatici IMPERIAL WI SNOWDRAGON 225 55 VR 17 101V XL Pneumatico invernale UHP per auto nuovi dot originali","https://sellercentral.amazon.it/skucentral?mSku=5420068626670&condition=New"
"5420068627301","B07BZ7X7WV","titolo senza misura leggibile","64.25","47.50","IMPERIAL ECOSPORT 235/50 R17 100W","Pneumatici IMPERIAL ZO ECOSPORT 235 50 WR 17 100W XL Pneumatico estivo per auto nuovi dot originali","https://sellercentral.amazon.it/skucentral?mSku=5420068627301&condition=New"
"5420068627486","B0C815L292","titolo senza misura leggibile","56","40.00","IMPERIAL ECODRIVER 4S 165/60 R15 81T","IMPERIAL Pneumatici 165 60 R15 81 T XL Ganzjahresreifen PKW","https://sellercentral.amazon.it/skucentral?mSku=5420068627486&condition=New"
"5420068627677","B07JY9Z4NB","titolo senza misura e marca diversa","73.05","55.50","IMPERIAL SNOWDRAGON UHP 225/45 R19 96V","GOMME PNEUMATICI SNOWDRAGON UHP","https://sellercentral.amazon.it/skucentral?mSku=5420068627677&condition=New"
"5420068627738","B07KJFL13P","titolo senza misura e marca diversa","97.25","77.50","IMPERIAL SNOWDRAGON3 275/40 R19 105V","GOMME PNEUMATICI SNOWDRAGON 3 XL","https://sellercentral.amazon.it/skucentral?mSku=5420068627738&condition=New"
"5420068627752","B07JL4SM46","titolo senza misura e marca diversa","71.95","54.50","IMPERIAL SNOWDRAGON3 245/35 R19 93V","GOMME PNEUMATICI SNOWDRAGON 3 XL","https://sellercentral.amazon.it/skucentral?mSku=5420068627752&condition=New"
"5420068627783","B07LH2C2G4","titolo senza misura e marca diversa","98.35","78.50","IMPERIAL SNOWDRAGON UHP 265/45 R20 108V","GOMME PNEUMATICI SNOWDRAGON UHP XL","https://sellercentral.amazon.it/skucentral?mSku=5420068627783&condition=New"
"5420068627950","B07L7BHLCQ","titolo senza misura leggibile","51.6","36.00","IMPERIAL AS DRIVER 155/65 R14 75T","Pneumatici IMPERIAL FS AS DRIVER 155 65 TR 14 75 T 4 stagioni gomme nuove","https://sellercentral.amazon.it/skucentral?mSku=5420068627950&condition=New"
"5420068628513","B07YN1WVXC","titolo senza misura e marca diversa","75.75","57.95","IMPERIAL AS DRIVER 245/45 R18 100Y","GOMME PNEUMATICI ALL SEASON DRIVER XL","https://sellercentral.amazon.it/skucentral?mSku=5420068628513&condition=New"
"5420068628568","B07VQK2KFD","titolo senza misura leggibile","71.95","54.50","IMPERIAL AS DRIVER 245/40 R18 97Y","Gomme Imperial As driver 245 40 R18 97Y TL 4 stagioni per Auto","https://sellercentral.amazon.it/skucentral?mSku=5420068628568&condition=New"
"5420068628919","B07YN2JCC7","titolo senza misura e marca diversa","81.3","63.00","IMPERIAL AS DRIVER 235/55 R19 105W","GOMME PNEUMATICI ALL SEASON DRIVER XL","https://sellercentral.amazon.it/skucentral?mSku=5420068628919&condition=New"
"5420068634255","B09TSP8WP8","titolo senza misura leggibile","64.75","47.95","IMPERIAL ECOVAN3 RF19 185/0 R14 102/100S","IMPERIAL 185/- R14 102/100S Estivo LCamion","https://sellercentral.amazon.it/skucentral?mSku=5420068634255&condition=New"
"5420068634507","B0BSZ671H7","titolo senza misura leggibile","63.15","46.50","IMPERIAL SNOWDRAGON VAN 185/0 R14 102/100R","GOMME PNEUMATICI IMPERIAL 185 R14 102100R SNOWDRAGON VAN","https://sellercentral.amazon.it/skucentral?mSku=5420068634507&condition=New"
"5420068635184","B0CRTNJP4Y","titolo senza misura leggibile","89","70.00","IMPERIAL ALL SEASON DRIVER 245/40 R20 99W","245 40 R20 99W XL IMPERIAL ALL SEASON DRIVER","https://sellercentral.amazon.it/skucentral?mSku=5420068635184&condition=New"
"5420068635191","B0CRTM7PMG","titolo senza misura leggibile","94.5","75.00","IMPERIAL ALL SEASON DRIVER 255/40 R20 101Y","255 40 R20 101Y XL IMPERIAL ALL SEASON DRIVER","https://sellercentral.amazon.it/skucentral?mSku=5420068635191&condition=New"
"5420068636297","B0F4TBZWMZ","titolo senza misura leggibile","50.5","35.00","VICTORY ROAD HP 185/70 R13 86T","Gomme estive 185 70 R13 86T VICTORY ROAD HP","https://sellercentral.amazon.it/skucentral?mSku=5420068636297&condition=New"
"5420068637218","B0F439XG69","titolo senza misura leggibile","49.95","34.50","SUPERIA ECOBLUE2 4S 155/60 R15 74T","Gomme 4 stagioni 155 60 R15 74T SUPERIA ECOBLUE2 4S","https://sellercentral.amazon.it/skucentral?mSku=5420068637218&condition=New"
"5420068637225","B0F3TBYSMD","titolo senza misura leggibile","53.75","37.95","SUPERIA ECOBLUE2 4S 175/55 R15 77T","Gomme 4 stagioni 175 55 R15 77T SUPERIA ECOBLUE2 4S","https://sellercentral.amazon.it/skucentral?mSku=5420068637225&condition=New"
"5420068637270","B0F4X7Q8KB","titolo senza misura leggibile","66.45","49.50","SUPERIA ECOBLUE2 VAN 4S 195/75 R16 107/105S","Gomme 4 stagioni 195 75 R16 107/105S 10PR SUPERIA ECOBLUE2 VAN 4S","https://sellercentral.amazon.it/skucentral?mSku=5420068637270&condition=New"
"5420068637294","B0F5KTN94S","titolo senza misura leggibile","60.4","44.00","SUPERIA ECOBLUE2 4S 215/45 R17 91W","Gomme 4 stagioni 215 45 R17 91W XL SUPERIA ECOBLUE2 4S","https://sellercentral.amazon.it/skucentral?mSku=5420068637294&condition=New"
"5420068637324","B0F43C3C5N","titolo senza misura leggibile","63.7","47.00","SUPERIA ECOBLUE2 4S 215/45 R18 93W","Gomme 4 stagioni 215 45 R18 93W XL SUPERIA ECOBLUE2 4S","https://sellercentral.amazon.it/skucentral?mSku=5420068637324&condition=New"
"5420068637362","B0F4K4NCGV","titolo senza misura leggibile","86.8","68.00","SUPERIA ECOBLUE2 4S 275/35 R19 100W","Gomme 4 stagioni 275 35 R19 100W XL SUPERIA ECOBLUE2 4S","https://sellercentral.amazon.it/skucentral?mSku=5420068637362&condition=New"
"5420068637379","B0F436423Q","titolo senza misura leggibile","65.9","49.00","SUPERIA ECOBLUE2 4S 195/55 R20 95H","Gomme 4 stagioni 195 55 R20 95H XL SUPERIA ECOBLUE2 4S","https://sellercentral.amazon.it/skucentral?mSku=5420068637379&condition=New"
"5420068637430","B0F6KWQGLH","titolo senza misura leggibile","93.95","74.50","SUPERIA ECOBLUE2 4S 275/40 R20 106W","Gomme 4 stagioni 275 40 R20 106W XL SUPERIA ECOBLUE2 4S","https://sellercentral.amazon.it/skucentral?mSku=5420068637430&condition=New"
"5420068637522","B0F439YNT5","titolo senza misura leggibile","49.4","34.00","SUPERIA ECOBLUE HP 135/80 R13 70T","135 80 R13 70T SUPERIA ECOBLUE HP","https://sellercentral.amazon.it/skucentral?mSku=5420068637522&condition=New"
"5420068637577","B0DSQ6WX5Y","titolo senza misura leggibile","71.4","54.00","SUPERIA ECOBLUE EV 245/40 R21 100Y","Gomme estive 245 40 R21 100Y XL SUPERIA ECOBLUE EV","https://sellercentral.amazon.it/skucentral?mSku=5420068637577&condition=New"
"5420068638185","B0F68JVYBT","titolo senza misura leggibile","59.3","43.00","ATLAS POLARBEAR UHP 205/50 R17 93V","205 50 R17 93V XL ATLAS POLARBEAR UHP","https://sellercentral.amazon.it/skucentral?mSku=5420068638185&condition=New"
"5420068638901","B0DJHJ4FPP","titolo senza misura leggibile","71.95","54.50","SUPERIA BLUEWIN VAN 225/65 R16 112R","Gomme invernali 225 65 R16 112R SUPERIA BLUEWIN VAN","https://sellercentral.amazon.it/skucentral?mSku=5420068638901&condition=New"
"5420068638963","B0DCVFW4V8","titolo senza misura leggibile","70.3","53.00","SUPERIA BLUEWIN SUV2 225/55 R18 98V","Gomme invernali 225 55 R18 98V SUPERIA BLUEWIN SUV2","https://sellercentral.amazon.it/skucentral?mSku=5420068638963&condition=New"
"5420068638994","B0DK9J5PY3","titolo senza misura leggibile","67.55","50.50","SUPERIA BLUEWIN VAN 195/75 R16 110/108S","Gomme invernali 195 75 R16 110/108S 10PR SUPERIA BLUEWIN VAN","https://sellercentral.amazon.it/skucentral?mSku=5420068638994&condition=New"
"5420068639007","B0DJPYR7CF","titolo senza misura leggibile","71.4","54.00","SUPERIA BLUEWIN UHP3 235/40 R19 96V","Gomme invernali 235 40 R19 96V XL SUPERIA BLUEWIN UHP3","https://sellercentral.amazon.it/skucentral?mSku=5420068639007&condition=New"
"5420068639311","B0F68PNF22","titolo senza misura leggibile","66.45","49.50","FORTUNA GOWIN UHP 235/55 R17 103V","235 55 R17 103V XL FORTUNA GOWIN UHP","https://sellercentral.amazon.it/skucentral?mSku=5420068639311&condition=New"
"5420068639540","B0FX3DC162","titolo senza misura leggibile","63.15","46.50","FORTUNA GOWIN VAN 195/70 R15 104R","195 70 R15 104R 8PR FORTUNA GOWIN VAN","https://sellercentral.amazon.it/skucentral?mSku=5420068639540&condition=New"
"5420068645176","B074TYS9ZY","titolo senza misura leggibile","48.3","33.00","FORTUNA GOWIN HP 155/80 R13 79T","Gomme Fortuna Gowin hp 155 80 R13 79T TL Invernali per Auto","https://sellercentral.amazon.it/skucentral?mSku=5420068645176&condition=New"
"5420068645251","B074TXK8KB","titolo senza misura leggibile","50.5","35.00","FORTUNA GOWIN HP 175/65 R14 82T","Gomme Fortuna Gowin hp 175 65 R14 82T TL Invernali per Auto","https://sellercentral.amazon.it/skucentral?mSku=5420068645251&condition=New"
"5420068645831","B075FK8N2W","titolo senza misura leggibile","68.1","51.00","FORTUNA WINTER SUV 215/70 R16 100T","Gomme Fortuna Winter suv 215 70 R16 100T TL Invernali per Fuoristrada","https://sellercentral.amazon.it/skucentral?mSku=5420068645831&condition=New"
"5420068646005","B08FDZPDD1","titolo senza misura leggibile","57.65","41.50","FORTUNA ECOPLUS UHP 215/45 R16 90V","Fortuna Pneumatici FO788","https://sellercentral.amazon.it/skucentral?mSku=5420068646005&condition=New"
"5420068646081","B08FF34Y8F","titolo senza misura leggibile","70.85","53.50","FORTUNA ECOPLUS UHP 255/35 R20 97W","Gomme Fortuna Ecoplus uhp 255 35 R20 97W TL Estivi per Auto","https://sellercentral.amazon.it/skucentral?mSku=5420068646081&condition=New"
"5420068646098","B08LVNHGZM","titolo senza misura leggibile","74.15","56.50","FORTUNA ECOPLUS UHP 275/30 R19 96W","Gomme Fortuna Ecoplus uhp 275 30 R19 96W TL Estivi per Auto","https://sellercentral.amazon.it/skucentral?mSku=5420068646098&condition=New"
"5420068646203","B089RNXHX9","titolo senza misura leggibile","58.75","42.50","FORTUNA ECOPLUS 4S 205/50 R16 91W","Gomme Fortuna Ecoplus 4s 205 50 R16 91W TL 4 stagioni per Auto","https://sellercentral.amazon.it/skucentral?mSku=5420068646203&condition=New"
"5420068647637","B08LVN2C4G","titolo senza misura leggibile","60.4","44.00","FORTUNA ECOPLUS UHP 225/50 R17 98Y","Gomme Fortuna Ecoplus uhp 225 50 R17 98Y TL Estivi per Auto","https://sellercentral.amazon.it/skucentral?mSku=5420068647637&condition=New"
"5420068647651","B08KQB9FW1","titolo senza misura leggibile","48.3","33.00","FORTUNA ECOPLUS HP 175/65 R14 82H","Gomme Fortuna Ecoplus hp 175 65 R14 82H TL Estivi per Auto","https://sellercentral.amazon.it/skucentral?mSku=5420068647651&condition=New"
"5420068648337","B092LY2D4N","titolo senza misura leggibile","50.5","35.00","FORTUNA ECOPLUS HP 175/65 R15 84T","Gomme Fortuna Ecoplus hp 175 65 R15 84T TL Estivi per Auto","https://sellercentral.amazon.it/skucentral?mSku=5420068648337&condition=New"
"5420068649761","B0C6YLL7J5","titolo senza misura leggibile","60.4","44.00","FORTUNA EURO VAN+ 185/0 R14 102/100R","FORTUNA Pneumatici estivi 185 R 14 C TL 102/100R EURO VAN+ 8PR BSW","https://sellercentral.amazon.it/skucentral?mSku=5420068649761&condition=New"
"5420068654000","B076731Q29","titolo senza misura leggibile","58.75","42.50","ATLAS GREEN 4S 215/45 R16 90V","Pneumatici ATLAS FS GREEN 4S 215 45 VR 16 90 V XL Pneumatico 4 stagioni per auto nuovi dot originali","https://sellercentral.amazon.it/skucentral?mSku=5420068654000&condition=New"
"5420068655496","B0CKH5D44N","titolo senza misura leggibile","54.9","39.00","ATLAS POLARBEAR HP 185/65 R15 92T","Atlas Pneumatici AX217 8.06kg","https://sellercentral.amazon.it/skucentral?mSku=5420068655496&condition=New"
"5420068655588","B0CJHYRDB2","titolo senza misura leggibile","59.3","43.00","ATLAS POLARBEAR HP 205/60 R16 92H","ATLAS 205 60 R16 92 H Pneumatico Winterreifen PKW","https://sellercentral.amazon.it/skucentral?mSku=5420068655588&condition=New"
"5420068657711","B0CDN123CY","titolo senza misura leggibile","74.15","56.50","ATLAS POLARBEAR UHP3 215/50 R19 93T","ATLAS Pneumatici 215 50 R19 93 T Winterreifen PKW","https://sellercentral.amazon.it/skucentral?mSku=5420068657711&condition=New"
"5420068657728","B0CJHVVBW6","titolo senza misura leggibile","60.13","43.75","ATLAS POLARBEAR UHP3 215/45 R17 91V","ATLAS 215 45 R17 91 V XL Pneumatico Winterreifen PKW","https://sellercentral.amazon.it/skucentral?mSku=5420068657728&condition=New"
"5420068657773","B0CNTV1H9F","titolo senza misura leggibile","65.9","49.00","ATLAS POLARBEAR UHP3 225/40 R19 93V","ATLAS Pneumatici 225 40 R19 93 V XL Winterreifen PKW","https://sellercentral.amazon.it/skucentral?mSku=5420068657773&condition=New"
"5420068658510","B0F695L8BM","titolo senza misura leggibile","53.25","37.50","ATLAS GREEN HP 185/65 R15 92T","185 65 R15 92T XL ATLAS GREEN HP","https://sellercentral.amazon.it/skucentral?mSku=5420068658510&condition=New"
"5420068658701","B0F68Q4NG5","titolo senza misura leggibile","55.45","39.50","ATLAS GREEN HP 195/55 R16 87H","195 55 R16 87H ATLAS GREEN HP","https://sellercentral.amazon.it/skucentral?mSku=5420068658701&condition=New"
"5420068658725","B0F67QX9CJ","titolo senza misura leggibile","57.1","41.00","ATLAS GREEN HP 195/55 R16 91V","195 55 R16 91V XL ATLAS GREEN HP","https://sellercentral.amazon.it/skucentral?mSku=5420068658725&condition=New"
"5420068659081","B0F68PJ76F","titolo senza misura leggibile","67.55","50.50","ATLAS SPORTGREEN3 255/35 R19 96Y","255 35 R19 96Y XL ATLAS SPORTGREEN3","https://sellercentral.amazon.it/skucentral?mSku=5420068659081&condition=New"
"5420068659296","B0F67QP65B","titolo senza misura leggibile","60.95","44.50","ATLAS GREEN VAN2 195/65 R16 104/102S","195 65 R16 104/102S 8PR ATLAS GREEN VAN2","https://sellercentral.amazon.it/skucentral?mSku=5420068659296&condition=New"
"5420068659821","B0F67QX9CK","titolo senza misura leggibile","52.15","36.50","ATLAS GREEN 4S 185/60 R14 82H","185 60 R14 82H ATLAS GREEN 4S","https://sellercentral.amazon.it/skucentral?mSku=5420068659821&condition=New"
"5420068664320","B07J1Y4M5D","titolo senza misura leggibile","48.85","33.50","TRISTAR ECOPOWER3 135/70 R15 70T","Pneumatici TRISTAR ECOPOWER 3 135 70 15 70 T Estive gomme nuove","https://sellercentral.amazon.it/skucentral?mSku=5420068664320&condition=New"
"5420068665129","B07J1XXRW3","titolo senza misura leggibile","59.3","43.00","TRISTAR POWERVAN2 RF19 175/0 R14 99/98R","Pneumatici TRISTAR ZO POWERVAN2 175 R 14 99 R Pneumatico estivo per auto nuovi dot originali","https://sellercentral.amazon.it/skucentral?mSku=5420068665129&condition=New"
"5420068665907","B07K9Y3F59","titolo senza misura leggibile","91.75","72.50","TRISTAR SNOWPOWER UHP 275/45 R20 110V","Pneumatici TRISTAR WI SNOWPOWER 275 45 VR 20 110V XL Pneumatico invernale UHP per auto nuovi dot originali","https://sellercentral.amazon.it/skucentral?mSku=5420068665907&condition=New"
"5420068668250","B089RNG73X","titolo senza misura leggibile","80.2","62.00","TRISTAR SNOWPOWER UHP 245/40 R20 99V","Gomme Tristar Snowpower uhp 245 40 R20 99V TL Invernali per Auto","https://sellercentral.amazon.it/skucentral?mSku=5420068668250&condition=New"
"5420068668281","B099ZQYR88","titolo senza misura leggibile","89.55","70.50","TRISTAR SNOWPOWER2 275/35 R19 100V","Gomme Tristar Snowpower 2 275 35 R19 100V TL Invernali per Auto","https://sellercentral.amazon.it/skucentral?mSku=5420068668281&condition=New"
"5420068674190","B0DZN82TJV","titolo senza misura leggibile","57.1","41.00","SUPERIA ECOBLUE HP 205/55 R15 88V","Gomme estive 205 55 R15 88V SUPERIA ECOBLUE HP","https://sellercentral.amazon.it/skucentral?mSku=5420068674190&condition=New"
"5420068674565","B0F13D66SG","titolo senza misura leggibile","82.95","64.50","SUPERIA ECOBLUE UHP2 285/35 R18 101W","Gomme estive 285 35 R18 101W XL SUPERIA ECOBLUE UHP2","https://sellercentral.amazon.it/skucentral?mSku=5420068674565&condition=New"
"5420068674640","B0D5459K4H","titolo senza misura leggibile","51.05","35.50","SUPERIA ECOBLUE VAN2 155/0 R13 90/88S","SUPERIA Sommerreifen 155 R 13 C TL 90/88S ECOBLUE VAN2 8PR BSW","https://sellercentral.amazon.it/skucentral?mSku=5420068674640&condition=New"
"5420068674657","B0DQVKSFBT","titolo senza misura leggibile","58.2","42.00","SUPERIA ECOBLUE VAN2 175/0 R14 99/98R","Pneumatico SUPERIA E-VAN2 175 R14 99/98R","https://sellercentral.amazon.it/skucentral?mSku=5420068674657&condition=New"
"5420068674664","B0DCV97S86","titolo senza misura leggibile","62.6","46.00","SUPERIA ECOBLUE VAN2 185/0 R15 103/102R","SUPERIA Pneu été 185 R 15 C TL 103/102R ECOBLUE VAN2 8PR BSW","https://sellercentral.amazon.it/skucentral?mSku=5420068674664&condition=New"
"5420068674978","B0DQ8NNW8T","titolo senza misura leggibile","82.95","63.50","SUPERIA ECOBLUE UHP2 255/55 R19 111W","Gomme estive 255 55 R19 111W XL SUPERIA ECOBLUE UHP2","https://sellercentral.amazon.it/skucentral?mSku=5420068674978&condition=New"
"5420068675005","B0DZNKC9JG","titolo senza misura leggibile","87.9","69.00","SUPERIA ECOBLUE UHP2 265/50 R19 110W","Gomme estive 265 50 R19 110W XL SUPERIA ECOBLUE UHP2","https://sellercentral.amazon.it/skucentral?mSku=5420068675005&condition=New"
"5420068675012","B0DM3YWP7F","titolo senza misura leggibile","87.35","69.50","SUPERIA ECOBLUE SUV 265/50 R20 111W","Gomme estive 265 50 R20 111W XL SUPERIA ECOBLUE SUV","https://sellercentral.amazon.it/skucentral?mSku=5420068675012&condition=New"
"5420068675036","B0DYNB488Z","titolo senza misura leggibile","83.5","62.00","SUPERIA ECOBLUE UHP2 275/45 R19 108W","Gomme estive 275 45 R19 108W XL SUPERIA ECOBLUE UHP2","https://sellercentral.amazon.it/skucentral?mSku=5420068675036&condition=New"
"5420068675739","B0D549KXB2","titolo senza misura leggibile","51.6","36.00","FORTUNA EURO VAN 155/0 R13 90/88S","Pneumatico FORTUNA EU-VAN 155 R13 90/88 S","https://sellercentral.amazon.it/skucentral?mSku=5420068675739&condition=New"
"5420068675746","B0FTQPB3FZ","titolo senza misura leggibile","58.2","42.00","FORTUNA EURO VAN 175/0 R14 99/98R","FORTUNA Pneumatici estivi 175 R 14 C TL 99/98R EURO VAN 8PR BSW","https://sellercentral.amazon.it/skucentral?mSku=5420068675746&condition=New"
"5420068675753","B0DCV8LJ6S","titolo senza misura leggibile","62.6","46.00","FORTUNA EURO VAN 185/0 R15 103/102R","FORTUNA Pneumatici Estivi 185 R15 TL 103/102R EURO VAN C 8PR BSW","https://sellercentral.amazon.it/skucentral?mSku=5420068675753&condition=New"
"5420068676569","B0DJCHHB12","titolo senza misura leggibile","50.5","35.00","SUPERIA ECOBLUE 4S 185/55 R14 80H","Gomme 4 stagioni 185 55 R14 80H SUPERIA ECOBLUE 4S","https://sellercentral.amazon.it/skucentral?mSku=5420068676569&condition=New"
"5420068676743","B0DQVMVD53","titolo senza misura leggibile","55.45","39.50","SUPERIA ECOBLUE2 4S 185/50 R16 81V","Gomme 4 stagioni 185 50 R16 81V SUPERIA ECOBLUE2 4S","https://sellercentral.amazon.it/skucentral?mSku=5420068676743&condition=New"
"5420068676989","B0DMC6Y7DW","titolo senza misura leggibile","89","70.00","SUPERIA ECOBLUE2 4S 255/45 R19 104Y","Gomme 4 stagioni 255 45 R19 104Y XL SUPERIA ECOBLUE2 4S","https://sellercentral.amazon.it/skucentral?mSku=5420068676989&condition=New"
"5420068677047","B0DPGTCN57","titolo senza misura leggibile","65.9","49.00","SUPERIA ECOBLUE2 4S 225/40 R19 93W","Gomme 4 stagioni 225 40 R19 93W XL SUPERIA ECOBLUE2 4S","https://sellercentral.amazon.it/skucentral?mSku=5420068677047&condition=New"
"5420068677375","B0D86G9K4N","titolo senza misura leggibile","67.55","50.50","SUPERIA ECOBLUE 4S 225/65 R17 102V","Gomme 4 stagioni 225 65 R17 102V SUPERIA ECOBLUE 4S","https://sellercentral.amazon.it/skucentral?mSku=5420068677375&condition=New"
"5420068677627","B0F67QTPCX","titolo senza misura leggibile","63.7","47.50","ATLAS GREEN3 4S 225/50 R17 94W","225 50 R17 94W ATLAS GREEN3 4S","https://sellercentral.amazon.it/skucentral?mSku=5420068677627&condition=New"
"5420068677863","B0F68Y7D4B","titolo senza misura leggibile","63.15","46.50","ATLAS GREEN 4S 235/40 R18 95W","235 40 R18 95W XL ATLAS GREEN 4S","https://sellercentral.amazon.it/skucentral?mSku=5420068677863&condition=New"
"5420068677931","B0F67MYY8V","titolo senza misura leggibile","62.6","46.00","ATLAS GREEN 4S 225/35 R19 88W","225 35 R19 88W XL ATLAS GREEN 4S","https://sellercentral.amazon.it/skucentral?mSku=5420068677931&condition=New"
"5420068678037","B0F68QDW3H","titolo senza misura leggibile","56.55","40.50","ATLAS GREEN VAN 4S 175/70 R14 95/93T","175 70 R14 95/93T 6PR ATLAS GREEN VAN 4S","https://sellercentral.amazon.it/skucentral?mSku=5420068678037&condition=New"
"5420068678075","B0FZKXVFTD","titolo senza misura leggibile","72.5","55.00","ATLAS GREEN VAN 4S 225/70 R15 112/110R","225 70 R15 112/110R 8PR ATLAS GREEN VAN 4S","https://sellercentral.amazon.it/skucentral?mSku=5420068678075&condition=New"
"5420068678143","B0G1CC748R","titolo senza misura leggibile","81.85","63.50","ATLAS GREEN VAN 4S 235/65 R16 121/119R","235 65 R16 121/119R 10PR ATLAS GREEN VAN 4S","https://sellercentral.amazon.it/skucentral?mSku=5420068678143&condition=New"
"5420068679508","B0F68FQST6","titolo senza misura leggibile","68.65","51.50","FORTUNA ECOPLUS VAN 4S 215/60 R16 103/101T","215 60 R16 103/101T 6PR FORTUNA ECOPLUS VAN 4S","https://sellercentral.amazon.it/skucentral?mSku=5420068679508&condition=New"
"5420068679768","B0F694YD48","titolo senza misura leggibile","49.95","34.50","ATLAS GREEN3 4S 175/65 R14 82T","175 65 R14 82T ATLAS GREEN3 4S","https://sellercentral.amazon.it/skucentral?mSku=5420068679768&condition=New"
"5420068682218","B017SH5VUQ","titolo senza misura leggibile","60.4","44.00","SUPERIA BLUEWIN HP 215/60 R16 99H","Superia Bluewin Hp(MS) Xl Tl 5420068682218","https://sellercentral.amazon.it/skucentral?mSku=5420068682218&condition=New"
"5420068683970","B074W3MHGK","titolo senza misura e marca diversa","52.15","36.50","SUPERIA BLUEWIN HP 175/70 R14 88T","GOMME PNEUMATICI BLUEWIN HP XL","https://sellercentral.amazon.it/skucentral?mSku=5420068683970&condition=New"
"5420068684045","B078D6KJXP","titolo senza misura leggibile","91.2","72.00","SUPERIA BLUEWIN SUV 265/70 R16 112T","Gomme Superia Bluewin suv 265 70 R16 112T TL Invernali per Fuoristrada","https://sellercentral.amazon.it/skucentral?mSku=5420068684045&condition=New"
"5420068684106","B077Z9QDBX","titolo senza misura leggibile","93.95","74.50","SUPERIA BLUEWIN SUV 265/60 R18 114H","Gomme Superia Bluewin suv 265 60 R18 114H TL Invernali per Fuoristrada","https://sellercentral.amazon.it/skucentral?mSku=5420068684106&condition=New"
"5420068685752","B0822Y26M5","titolo senza misura e marca diversa","56","40.00","SUPERIA SNOW HP 195/50 R16 88H","Pneumatici SNOW HP XL","https://sellercentral.amazon.it/skucentral?mSku=5420068685752&condition=New"
"5420068689989","B0DYNPSSY3","titolo senza misura leggibile","57.1","41.00","SUPERIA ECOBLUE HP 205/70 R15 96H","Gomme estive 205 70 R15 96H SUPERIA ECOBLUE HP","https://sellercentral.amazon.it/skucentral?mSku=5420068689989&condition=New"
"5452000583819","B07PPNWCWL","titolo senza misura e marca diversa","140.7","117.00","GOODYEAR Eagle F1 Asymmetric 3 AO 235/55 R18 104Y","GOMME PNEUMATICI EAGLE F1 ASYMMETRIC 3 (AO) XL","https://sellercentral.amazon.it/skucentral?mSku=5452000583819&condition=New"
"5452000597151","B07TJ8VL5G","titolo senza misura e marca diversa","137.95","114.50","GOODYEAR UltraGrip Cargo 205/65 R16 107/105T","GOMME PNEUMATICI CARGO ULTRAGRIP","https://sellercentral.amazon.it/skucentral?mSku=5452000597151&condition=New"
"5452000680556","B07VKPKCXB","titolo senza misura e marca diversa","139.55","115.95","GOODYEAR UltraGrip Cargo 205/75 R16 110/108R","GOMME PNEUMATICI ULTRAGRIP CARGO","https://sellercentral.amazon.it/skucentral?mSku=5452000680556&condition=New"
"5452000680570","B07VG9B3KS","titolo senza misura e marca diversa","181.55","150.50","GOODYEAR UltraGrip Cargo 215/60 R17 109/107T","GOMME PNEUMATICI CARGO ULTRAGRIP","https://sellercentral.amazon.it/skucentral?mSku=5452000680570&condition=New"
"5452000709288","B07R42W1QX","titolo senza misura e marca diversa","143.45","119.50","GOODYEAR Eagle F1 Asymmetric 3 SUV 235/50 R19 99V","GOMME PNEUMATICI EAGLE F1 ASYMMETRIC 3 SUV (AO)","https://sellercentral.amazon.it/skucentral?mSku=5452000709288&condition=New"
"5452000714121","B07N94B7SY","titolo senza misura e marca diversa","131.9","109.00","GOODYEAR Eagle F1 Asymmetric 3 AO 215/40 R18 89Y","GOMME PNEUMATICI EAGLE F1 ASYMMETRIC 3 (AO)","https://sellercentral.amazon.it/skucentral?mSku=5452000714121&condition=New"
"5452000722164","B0C7LK593G","titolo senza misura e marca diversa","239.3","203.00","GOODYEAR Eagle F1 Asymmetric SUV * ROF 245/45 R20 103W","EAGLE F1 (ASYMMETRIC) SUV 4X4","https://sellercentral.amazon.it/skucentral?mSku=5452000722164&condition=New"
"5452000724014","B07N3ZZP6Y","titolo senza misura e marca diversa","198.6","166.00","GOODYEAR Eagle F1 Asymmetric 3 * ROF 255/40 R18 99Y","GOMME PNEUMATICI EAGLE F1 ASYMMETRIC 3* XL RUN FLAT","https://sellercentral.amazon.it/skucentral?mSku=5452000724014&condition=New"
"5452000809063","B083ZMPKDZ","titolo senza misura leggibile","163.95","134.50","GOODYEAR EfficientGrip Performance (+) ST 215/45 R20 95T","Goodyear EfficientGrip Performance | Pneumatici estivi","https://sellercentral.amazon.it/skucentral?mSku=5452000809063&condition=New"
"5452000819260","B083ZNQ3F5","titolo senza misura leggibile","152.95","124.50","GOODYEAR EfficientGrip Performance (+) 215/45 R20 95T","Goodyear EfficientGrip Performance | Pneumatici estivi","https://sellercentral.amazon.it/skucentral?mSku=5452000819260&condition=New"
"5452000829238","B087CCZQYX","titolo senza misura leggibile","130.75","107.95","GOODYEAR Vector 4Seasons Gen-3 225/55 R18 102W","Goodyear Vector 4Seasons Gen-3 | Pneumatici per tutte le stagioni","https://sellercentral.amazon.it/skucentral?mSku=5452000829238&condition=New"
"5452000829917","B07XCXGWWD","titolo senza misura e marca diversa","262.4","224.00","GOODYEAR UltraGrip Performance + 275/40 R21 107V","ULTRAGRIP PERFORMANCE +","https://sellercentral.amazon.it/skucentral?mSku=5452000829917&condition=New"
"5452000831385","B086Q5FB54","titolo senza misura leggibile","144","120.00","GOODYEAR UltraGrip Performance + 205/60 R17 93V","Goodyear UltraGrip Performance + | Pneumatici invernali","https://sellercentral.amazon.it/skucentral?mSku=5452000831385&condition=New"
"5452000831651","B09JC8LCHQ","titolo senza misura leggibile","187.6","156.00","GOODYEAR UltraGrip Performance + * 235/60 R20 108H","Goodyear UltraGrip Performance + | Pneumatici invernali","https://sellercentral.amazon.it/skucentral?mSku=5452000831651&condition=New"
"6927116111717","B072XCVXRP","titolo senza misura leggibile","51.05","35.50","WESTLAKE SW608 155/65 R14 75T","Westlake Pneumatici invernali SW608-155/65R14 75T","https://sellercentral.amazon.it/skucentral?mSku=6927116111717&condition=New"
"6927116128739","B0788SZLCP","titolo senza misura e marca diversa","83.5","65.00","WESTLAKE SW612 225/75 R16 118Q","GOMME PNEUMATICI SW612","https://sellercentral.amazon.it/skucentral?mSku=6927116128739&condition=New"
"6927116128777","B07NVWFVDL","titolo senza misura e marca diversa","63.15","46.50","WESTLAKE SW612 185/75 R16 104Q","GOMME PNEUMATICI SW612","https://sellercentral.amazon.it/skucentral?mSku=6927116128777&condition=New"
"6927116128784","B07Q6L1MPK","titolo senza misura e marca diversa","80.2","62.00","WESTLAKE SW612 215/75 R16 113Q","GOMME PNEUMATICI SW612","https://sellercentral.amazon.it/skucentral?mSku=6927116128784&condition=New"
"6927116138554","B00ODP79Z2","titolo senza misura e marca diversa","61.5","45.00","WESTLAKE SW612 195/60 R16 99T","GOMME PNEUMATICI SW612","https://sellercentral.amazon.it/skucentral?mSku=6927116138554&condition=New"
"6927116141134","B00O4PADE0","titolo senza misura e marca diversa","67.55","50.50","WESTLAKE SW612 195/75 R16 107R","GOMME PNEUMATICI SW612","https://sellercentral.amazon.it/skucentral?mSku=6927116141134&condition=New"
"6927116144531","B00O4PA8Y0","titolo senza misura e marca diversa","63.7","47.00","WESTLAKE SW612 205/70 R15 106R","GOMME PNEUMATICI SW612","https://sellercentral.amazon.it/skucentral?mSku=6927116144531&condition=New"
"6927116160463","B014VPVC9W","titolo senza misura e marca diversa","71.4","54.00","WESTLAKE SU318 235/60 R18 103V","GOMME PNEUMATICI SU318 H/T M+S","https://sellercentral.amazon.it/skucentral?mSku=6927116160463&condition=New"
"6932621607372","B0HC4XW1B6","titolo senza misura leggibile","56","40.00","WESTLAKE Z-107 195/50 R16 88V","195 50 R16 88V XL WESTLAKE Z-107","https://sellercentral.amazon.it/skucentral?mSku=6932621607372&condition=New"
"6932621607389","B0HC4XNWFV","titolo senza misura leggibile","54.35","38.50","WESTLAKE Z-107 195/65 R15 95H","195 65 R15 95H XL WESTLAKE Z-107","https://sellercentral.amazon.it/skucentral?mSku=6932621607389&condition=New"
"6932621607419","B0HC77JT7P","titolo senza misura leggibile","58.2","42.00","WESTLAKE Z-107 205/60 R16 96H","205 60 R16 96H XL WESTLAKE Z-107","https://sellercentral.amazon.it/skucentral?mSku=6932621607419&condition=New"
"6938112605551","B07G8KB7JV","titolo senza misura e marca diversa","64.75","47.95","WESTLAKE H188 195/70 R15 104R","GOMME PNEUMATICI H188","https://sellercentral.amazon.it/skucentral?mSku=6938112605551&condition=New"
"6938112605612","B07KGFF9Q8","titolo senza misura e marca diversa","67","50.00","WESTLAKE H188 195/75 R16 107R","GOMME PNEUMATICI H188","https://sellercentral.amazon.it/skucentral?mSku=6938112605612&condition=New"
"6938112605735","B07FDLX3XH","titolo senza misura leggibile","70.85","53.50","GOODRIDE H188 225/70 R15 112R","Goodride H188-225/70R15 112R – Pneumatici estivi","https://sellercentral.amazon.it/skucentral?mSku=6938112605735&condition=New"
"6938112607876","B07T14LQ88","titolo senza misura e marca diversa","67","50.00","WESTLAKE SW608 235/45 R19 99V","GOMME PNEUMATICI SW608 XL","https://sellercentral.amazon.it/skucentral?mSku=6938112607876&condition=New"
"6938112608057","B07Q4F2RRY","titolo senza misura e marca diversa","56.55","40.50","WESTLAKE SW612 175/70 R14 95Q","GOMME PNEUMATICI SW612","https://sellercentral.amazon.it/skucentral?mSku=6938112608057&condition=New"
"6938112611835","B07KRFZV3W","titolo senza misura e marca diversa","73.6","56.00","WESTLAKE SU318 235/65 R17 108V","GOMME PNEUMATICI SU318 H/T M+S XL","https://sellercentral.amazon.it/skucentral?mSku=6938112611835&condition=New"
"6938112614140","B07ZBHK9JW","titolo senza misura e marca diversa","57.93","41.75","WESTLAKE Z-507 205/55 R16 91V","GOMME PNEUMATICI Z-507","https://sellercentral.amazon.it/skucentral?mSku=6938112614140&condition=New"
"6938112620417","B07VPKBCHN","titolo senza misura leggibile","61.5","45.00","WESTLAKE Z-107 215/55 R17 98W","Gomme Westlake Z 107 215 55 R17 98W TL Estivi per Auto","https://sellercentral.amazon.it/skucentral?mSku=6938112620417&condition=New"
"6938112625597","B08QYL14SQ","titolo senza misura e marca diversa","76.85","58.95","GOODRIDE H188 225/65 R16 112T","Lampada a LED 3D 7 colori Interruttore tattile Lampada da tavolo da tavolo,Lampada lava Acrilico Illusion Room Atmosfera Illuminazione Gioco Fans Gift","https://sellercentral.amazon.it/skucentral?mSku=6938112625597&condition=New"
"6938112637163","B0C815138D","titolo senza misura leggibile","48.3","33.00","WESTLAKE Z-401 4S 175/65 R13 80T","175 65 R13 80T WESTLAKE Z-401 4S","https://sellercentral.amazon.it/skucentral?mSku=6938112637163&condition=New"
"6938112637231","B0DG95S2NK","titolo senza misura leggibile","60.95","44.50","WESTLAKE Z-507 205/55 R17 95V","205 55 R17 95V XL WESTLAKE Z-507","https://sellercentral.amazon.it/skucentral?mSku=6938112637231&condition=New"
"6938112651008","B0HC466RZ5","titolo senza misura leggibile","54.35","38.50","WESTLAKE Z-507 185/55 R16 83H","185 55 R16 83H WESTLAKE Z-507","https://sellercentral.amazon.it/skucentral?mSku=6938112651008&condition=New"
"6938112651015","B0HC7KTWCG","titolo senza misura leggibile","57.1","41.00","WESTLAKE Z-507 205/45 R16 87V","205 45 R16 87V XL WESTLAKE Z-507","https://sellercentral.amazon.it/skucentral?mSku=6938112651015&condition=New"
"6938112651022","B0HC7SSG7B","titolo senza misura leggibile","59.3","43.00","WESTLAKE Z-507 205/50 R16 91V","205 50 R16 91V XL WESTLAKE Z-507","https://sellercentral.amazon.it/skucentral?mSku=6938112651022&condition=New"
"6938112651039","B0HC3VMTRX","titolo senza misura leggibile","67.55","50.50","WESTLAKE Z-507 215/45 R18 93V","215 45 R18 93 V XL WESTLAKE Z-507","https://sellercentral.amazon.it/skucentral?mSku=6938112651039&condition=New"
"6938112651046","B0HC59PCGB","titolo senza misura leggibile","78","60.00","WESTLAKE Z-507 245/50 R19 105H","245 50 R19 105H XL WESTLAKE Z-507","https://sellercentral.amazon.it/skucentral?mSku=6938112651046&condition=New"
"6938112651053","B0HC4XG21J","titolo senza misura leggibile","87.35","68.50","WESTLAKE Z-507 255/45 R19 104V","255 45 R19 104 V XL WESTLAKE Z-507","https://sellercentral.amazon.it/skucentral?mSku=6938112651053&condition=New"
"6938112651060","B0HC7DX7K9","titolo senza misura leggibile","91.2","72.00","WESTLAKE Z-507 255/55 R19 111H","255 55 R19 111H XL WESTLAKE Z-507","https://sellercentral.amazon.it/skucentral?mSku=6938112651060&condition=New"
"6971901474099","B07RQDWLX8","titolo senza misura e marca diversa","58.2","42.00","FIREMAX FM601 225/40 R18 92W","GOMME PNEUMATICI FM601 XL","https://sellercentral.amazon.it/skucentral?mSku=6971901474099&condition=New"
"6971901474235","B08MLGZHR4","titolo senza misura leggibile","64.25","47.50","FIREMAX FM518 225/60 R17 99H","FIREMAX 225 60 R17 99 H Pneumatico Sommerreifen OFF","https://sellercentral.amazon.it/skucentral?mSku=6971901474235&condition=New"
"6971901476642","B0C5B3JBM8","titolo senza misura leggibile","67","50.00","FIREMAX FM916 205/0 R16 110Q","Pneumatici 205/80 r16 110Q 8PR Firemax FM916 Gomme estive nuove","https://sellercentral.amazon.it/skucentral?mSku=6971901476642&condition=New"
"6971901477274","B08Z7TY6S3","titolo senza misura e marca diversa","60.4","44.00","FIREMAX FM601 215/70 R15 98H","Anime Figura Lampada Fate Okita Souji Led Night Light per Camera Da Letto Decor Nightlight Compleanno-Telecomando","https://sellercentral.amazon.it/skucentral?mSku=6971901477274&condition=New"
"6971901478745","B07PM8DBX5","titolo senza misura leggibile","70.3","53.00","FIREMAX FM916 225/65 R16 112T","1 PNEUMATICO GOMMA 225 65 R16 112T FIREMAX FM916 trasporto leggero estivi","https://sellercentral.amazon.it/skucentral?mSku=6971901478745&condition=New"
"6971901478752","B08QDLC977","titolo senza misura leggibile","67.55","50.50","FIREMAX FM916 205/75 R16 110R","FIREMAX Pneumatici 205 75 R16 110 R Sommerreifen LLKW","https://sellercentral.amazon.it/skucentral?mSku=6971901478752&condition=New"
"6971901478875","B07PP8KLYT","titolo senza misura leggibile","61.5","45.00","FIREMAX FM916 195/60 R16 99T","1 PNEUMATICO GOMMA 195 60 R16 99T FIREMAX FM916 6PR trasporto leggero estivi","https://sellercentral.amazon.it/skucentral?mSku=6971901478875&condition=New"
"6975313250487","B0D47432VW","titolo senza misura leggibile","67.55","50.50","KINGBOSS G866 245/40 R19 98W","Gomme estive 245 40 R19 98W XL KINGBOSS G866","https://sellercentral.amazon.it/skucentral?mSku=6975313250487&condition=New"
"6975313252184","B0D2DHWMBM","titolo senza misura leggibile","68.1","51.00","KINGBOSS G577 225/65 R17 102H","225 65 R17 102H KINGBOSS G577","https://sellercentral.amazon.it/skucentral?mSku=6975313252184&condition=New"
"6975313252238","B0D35Q9G6G","titolo senza misura leggibile","71.95","54.50","KINGBOSS G577 235/55 R18 104H","Gomme estive 235 55 R18 104H KINGBOSS G577","https://sellercentral.amazon.it/skucentral?mSku=6975313252238&condition=New"
"6975313253211","B0F5H9RJDT","titolo senza misura leggibile","46.1","31.00","KINGBOSS G521 175/60 R14 79H","Gomme estive 175 60 R14 79H KINGBOSS G521","https://sellercentral.amazon.it/skucentral?mSku=6975313253211&condition=New"
"6975313253419","B0DLBRV97S","titolo senza misura leggibile","85.7","67.00","KINGBOSS G866 265/40 R20 104W","Gomme estive 265 40 R20 104W XL KINGBOSS G866","https://sellercentral.amazon.it/skucentral?mSku=6975313253419&condition=New"
"6975313253426","B0D2JX4XZS","titolo senza misura leggibile","89","70.00","KINGBOSS G866 265/50 R20 111W","Gomme estive 265 50 R20 111W XL KINGBOSS G866","https://sellercentral.amazon.it/skucentral?mSku=6975313253426&condition=New"
"6975313253471","B0D474LK61","titolo senza misura leggibile","97.8","78.00","KINGBOSS G866 285/35 R22 106W","Gomme estive 285 35 R22 106W KINGBOSS G866","https://sellercentral.amazon.it/skucentral?mSku=6975313253471&condition=New"
"6975313254218","B0F47XMSKV","titolo senza misura leggibile","62.6","46.00","KINGBOSS AS365 allseason 225/50 R17 98W","225 50 R17 98W XL KINGBOSS AS365","https://sellercentral.amazon.it/skucentral?mSku=6975313254218&condition=New"
"6975313254263","B0F47ZP6RH","titolo senza misura leggibile","65.9","49.00","KINGBOSS AS365 allseason 245/45 R18 100W","245 45 R18 100W XL KINGBOSS AS365 allseason","https://sellercentral.amazon.it/skucentral?mSku=6975313254263&condition=New"
"6975313254300","B0F66TW412","titolo senza misura leggibile","64.75","47.95","KINGBOSS AS365 allseason 225/40 R19 93W","Gomme 4 stagioni 225 40 R19 93W XL KINGBOSS AS365 allseason","https://sellercentral.amazon.it/skucentral?mSku=6975313254300&condition=New"
"8019227195439","B07PDZW4FF","titolo senza misura e marca diversa","198.6","166.00","PIRELLI Scorpion Verde All Season (MO) 265/45 R20 108H","GOMME PNEUMATICI SCORPION VERDE ALL SEASON M+S (MO) XL","https://sellercentral.amazon.it/skucentral?mSku=8019227195439&condition=New"
"8019227252408","B07TKXHNYW","titolo senza misura e marca diversa","229.95","195.00","PIRELLI P-Zero (PZ4) (AO) NCS Luxury 265/40 R20 104Y","GOMME PNEUMATICI P-ZERO (AO) NCS XL","https://sellercentral.amazon.it/skucentral?mSku=8019227252408&condition=New"
"8019227256093","B01IK3JJGO","titolo senza misura leggibile","448.3","393.00","PIRELLI PZero Corsa (PZC4)(F) 315/35 R20 106Y","Pirelli PZERO CORSA(F) XL(P) 315/35Z/R20 106Y - E/A/74dB - Pneumatico Estivo","https://sellercentral.amazon.it/skucentral?mSku=8019227256093&condition=New"
"8019227261844","B077K1QH91","titolo senza misura leggibile","166.7","137.00","PIRELLI Winter Sottozero 3 (*) 225/60 R18 104H","PNEUMATICO INVERNALE PIRELLI - 225 60 R 18 104 H XL W SOTTOZERO 3 * M&S BMW","https://sellercentral.amazon.it/skucentral?mSku=8019227261844&condition=New"
"8019227271027","B07VLHPZWS","titolo senza misura e marca diversa","306.95","264.50","PIRELLI P-Zero (PZ4) (MO) Sports 285/40 R23 107Y","GOMME PNEUMATICI P-ZERO (MO)(E)","https://sellercentral.amazon.it/skucentral?mSku=8019227271027&condition=New"
"8019227271034","B07RWKJLHF","titolo senza misura e marca diversa","284.4","244.00","PIRELLI P-Zero (PZ4) (MO) Sports 325/35 R23 111Y","GOMME PNEUMATICI P-ZERO (MO)(E)","https://sellercentral.amazon.it/skucentral?mSku=8019227271034&condition=New"
"8019227275407","B07D4LZXSH","titolo senza misura e marca diversa","295.4","254.00","PIRELLI P-Zero (PZ4) Sports 305/35 R20 107Y","Pneumatici P-ZERO SPORT XL","https://sellercentral.amazon.it/skucentral?mSku=8019227275407&condition=New"
"8019227276107","B077BCCQBZ","titolo senza misura leggibile","236","200.00","PIRELLI P-Zero (PZ4) Sports 265/35 R21 101Y","PIRELLI 2653521 P ZERO 101 Y","https://sellercentral.amazon.it/skucentral?mSku=8019227276107&condition=New"
"8019227278149","B01IK3J6JE","titolo senza misura leggibile","343.8","298.00","PIRELLI P-Zero (PZ4) Sports 315/25 R22 (101Y)","Pirelli PZERO SPORT XL TL 315/25Z/R22 101Y - C/A/71dB - Pneumatico Estivo","https://sellercentral.amazon.it/skucentral?mSku=8019227278149&condition=New"
"8019227281422","B084TQMVGH","titolo senza misura leggibile","156.25","126.00","PIRELLI Cinturato P7 All Season R-F (*) 225/40 R19 93H","Gomme Pirelli Cinturato p 7 as 225 40 R19 93H TL 4 stagioni per Auto","https://sellercentral.amazon.it/skucentral?mSku=8019227281422&condition=New"
"8019227315011","B08DHG2KLQ","titolo senza misura leggibile","173.3","143.00","PIRELLI Cinturato P7 (MO) (P7C2) 255/45 R19 104Y","PNEUMATICI ESTATE 255 45 R19 104Y PIRELLI CINTURATO P7 C2 TL XL MFS MO","https://sellercentral.amazon.it/skucentral?mSku=8019227315011&condition=New"
"8019227319507","B079RN1TP5","titolo senza misura e marca diversa","306.4","264.00","PIRELLI P-Zero (PZ4) (F03) Sports 285/35 R20 104Y","GOMME PNEUMATICI P-ZERO XL","https://sellercentral.amazon.it/skucentral?mSku=8019227319507&condition=New"
"8019227327854","B087CFK9Q2","titolo senza misura leggibile","208.5","175.00","PIRELLI P-Zero (PZ4) R-F (*) Sports 275/40 R20 106W","Gomme Pirelli Pzero pz4 sports car 275 40 R20 106W TL Estivi per Auto","https://sellercentral.amazon.it/skucentral?mSku=8019227327854&condition=New"
"8019227351934","B07R73TMM1","titolo senza misura e marca diversa","165.6","136.00","PIRELLI P-Zero (PZ4) (J) NCS Luxury 245/40 R19 98Y","PNEUMATICI P-ZERO (J) NCS XL","https://sellercentral.amazon.it/skucentral?mSku=8019227351934&condition=New"
"8019227351941","B07R6J3R9D","titolo senza misura e marca diversa","171.65","141.50","PIRELLI P-Zero (PZ4) (J) NCS Luxury 255/35 R20 97Y","GOMME PNEUMATICI P-ZERO (J) NCS XL","https://sellercentral.amazon.it/skucentral?mSku=8019227351941&condition=New"
"8019227352672","B07CK4M48B","titolo senza misura e marca diversa","205.2","172.00","PIRELLI PZero (MGT) 275/40 R19 (101Y)","GOMME PNEUMATICI PZERO (MGT)","https://sellercentral.amazon.it/skucentral?mSku=8019227352672&condition=New"
"8019227357288","B07NLB7G4Q","titolo senza misura e marca diversa","229.95","194.50","PIRELLI P-Zero (PZ4) (MO-S) NCS Sports 275/45 R21 107Y","GOMME PNEUMATICI P-ZERO (MO-S) NCS","https://sellercentral.amazon.it/skucentral?mSku=8019227357288&condition=New"
"8019227361377","B07Z32DK5T","titolo senza misura leggibile","304.2","262.00","PIRELLI P-Zero (PZ4) (AO) Sports 295/35 R23 (108Y)","PIRELLI 295/35ZR33 P-ZERO(AO) XL S.C TL 108Y SUMMER CA72 Cod:52089","https://sellercentral.amazon.it/skucentral?mSku=8019227361377&condition=New"
"8019227378924","B081SFF44S","titolo senza misura leggibile","182.65","151.50","PIRELLI P-Zero (PZ4) R-F (*) Luxury 225/45 R19 96W","PIRELLI -2254519 96W PZERO -B/A/69-Pneumatici estivi","https://sellercentral.amazon.it/skucentral?mSku=8019227378924&condition=New"
"8019227379402","B09PJZSDWV","titolo senza misura leggibile","158.45","129.50","PIRELLI P-Zero (PZ4) (*)(KS) Sports 255/40 R19 100Y","Pirelli PIRELLI TL P-ZERO(PZ4) KS XL (EU)100Y E, come specificato","https://sellercentral.amazon.it/skucentral?mSku=8019227379402&condition=New"
"8019227379433","B099S459G8","titolo senza misura leggibile","160.65","131.50","PIRELLI P-Zero (PZ4) (I*) Sports 255/40 R19 100Y","Gomme Pirelli Pzero pz4 sports car 255 40 R19 100Y TL Estivi per Auto","https://sellercentral.amazon.it/skucentral?mSku=8019227379433&condition=New"
"8019227381634","B0CY5H81K6","titolo senza misura e marca diversa","216.2","182.00","PIRELLI P-Zero (PZ4) (NE0) elt Sports 235/55 R20 105Y","P-ZERO (PZ4)","https://sellercentral.amazon.it/skucentral?mSku=8019227381634&condition=New"
"8019227382266","B0861KK52H","titolo senza misura leggibile","358.1","311.00","PIRELLI P-Zero (PZ4) (N0) Sports 325/30 R21 (108Y)","Gomme Pirelli Pzero pz4 sports car 325 30 ZR21 (108Y) TL Estivi per Auto","https://sellercentral.amazon.it/skucentral?mSku=8019227382266&condition=New"
"8019227385151","B08F5D1JVX","titolo senza misura leggibile","221.7","187.00","PIRELLI P-Zero (PZ4) (NA1) Sports 255/35 R20 (93Y)","Gomme Pirelli Pzero pz4 sports car 255 35 ZR20 (93Y) TL Estivi per Auto","https://sellercentral.amazon.it/skucentral?mSku=8019227385151&condition=New"
"8019227385168","B08F5BZRLJ","titolo senza misura leggibile","326.2","282.00","PIRELLI P-Zero (PZ4) (NA1) Sports 315/30 R21 (105Y)","Gomme Pirelli Pzero pz4 sports car 315 30 ZR21 (105Y) TL Estivi per Auto","https://sellercentral.amazon.it/skucentral?mSku=8019227385168&condition=New"
"8019227385212","B088PL1DSR","titolo senza misura leggibile","288.8","248.00","PIRELLI P-Zero (PZ4) (MGT) Sports 285/30 R21 (100Y)","Gomme Pirelli Pzero pz4 sports car 285 30 ZR21 (100Y) TL Estivi per Auto","https://sellercentral.amazon.it/skucentral?mSku=8019227385212&condition=New"
"8019227389814","B0CW3N64FD","titolo senza misura e marca diversa","201.9","169.00","PIRELLI P-Zero (PZ4) (+) s-i elt 255/40 R20 101T","P-ZERO (PZ4)","https://sellercentral.amazon.it/skucentral?mSku=8019227389814&condition=New"
"8019227393996","B0C7LN1SFR","titolo senza misura e marca diversa","205.75","172.50","PIRELLI P-Zero (PZ4) (I*MO-S) ncs Sports 245/40 R20 99Y","P-ZERO (PZ4)","https://sellercentral.amazon.it/skucentral?mSku=8019227393996&condition=New"
"8019227394269","B096N7R12L","titolo senza misura leggibile","194.75","162.50","PIRELLI P-Zero (PZ4) (MO-S) KS NCS Sports 255/40 R20 101Y","PIRELLI 255 40 R 20 101 Y XL P-ZERO PZ4 MO-S NCS","https://sellercentral.amazon.it/skucentral?mSku=8019227394269&condition=New"
"8019227398335","B091JLZQGN","titolo senza misura leggibile","292.1","251.00","PIRELLI P-Zero (PZ4) (T1) NCS elt Luxury 275/35 R21 103W","PIRELLI 275 35 R 21 103 W XL P-ZERO PZ4 ELT NCS T1","https://sellercentral.amazon.it/skucentral?mSku=8019227398335&condition=New"
"8019227398342","B091KGPJFJ","titolo senza misura leggibile","259.1","221.00","PIRELLI P-Zero (PZ4) (T1) NCS elt Luxury 255/35 R21 98W","PIRELLI 255 35 R 21 98 W XL P-ZERO PZ4 ELT NCS T1","https://sellercentral.amazon.it/skucentral?mSku=8019227398342&condition=New"
"8019227408102","B0D2TW1Z8J","titolo senza misura e marca diversa","270.1","231.00","PIRELLI P-Zero (PZ4) (R0) NCS elt Sports 245/40 R21 100Y","P-ZERO (PZ4)","https://sellercentral.amazon.it/skucentral?mSku=8019227408102&condition=New"
"8019227412550","B09V6LBR9X","titolo senza misura leggibile","175.5","145.00","PIRELLI P-Zero (PZ4) NCS Sports 235/40 R19 96W","Gomme Pirelli Pzero pz4 sports car 235 40 R19 96W TL Estivi per Auto","https://sellercentral.amazon.it/skucentral?mSku=8019227412550&condition=New"
"8808563335803","B00I42TW4G","titolo senza misura leggibile","109.35","88.50","HANKOOK K117 Ventus S1 Evo2 MO 225/50 R17 94W","Hankook Ventus S1 evo2 K117 - 225/50R17 94W - Pneumatico Estivo","https://sellercentral.amazon.it/skucentral?mSku=8808563335803&condition=New"
"8808563375175","B077L8FKKV","titolo senza misura leggibile","95.05","75.50","HANKOOK K125 Ventus Prime3 205/60 R16 92H","Hankook Ventus Prime3 K125 - 205/60R16 92H - Pneumatico Estivo","https://sellercentral.amazon.it/skucentral?mSku=8808563375175&condition=New"
"8808563393575","B087G81LG7","titolo senza misura leggibile","96.7","77.00","HANKOOK K125B Ventus Prime3 * HRS 205/55 R16 91W","Gomme Hankook Ventus prime3 k125b 205 55 R16 91W TL Estivi per Auto","https://sellercentral.amazon.it/skucentral?mSku=8808563393575&condition=New"
"8808563393957","B077L1RVS1","titolo senza misura leggibile","92.3","73.00","HANKOOK K435 Kinergy Eco2 205/60 R16 92H","Hankook Kinergy Eco 2 K435 - 205/60R16 91H - Pneumatico Estivo","https://sellercentral.amazon.it/skucentral?mSku=8808563393957&condition=New"
"8808563411392","B07BB9LSGS","titolo senza misura leggibile","66.45","49.50","HANKOOK K435 Kinergy Eco2 175/65 R14 82T","Hankook Kinergy Eco 2 K435 - 175/65R14 82T - Pneumatico Estivo","https://sellercentral.amazon.it/skucentral?mSku=8808563411392&condition=New"
"8808563411422","B079QB6VNM","titolo senza misura leggibile","75.25","57.50","HANKOOK K435 Kinergy Eco2 175/65 R15 84T","Hankook Kinergy Eco 2 K435 - 175/65R15 84T - Pneumatico Estivo","https://sellercentral.amazon.it/skucentral?mSku=8808563411422&condition=New"
"8808563411835","B01N5OONYP","titolo senza misura leggibile","78.55","60.50","HANKOOK K125 Ventus Prime3 195/60 R15 88V","Hankook Ventus Prime3 K125 - 195/60R15 88V - Pneumatico Estivo","https://sellercentral.amazon.it/skucentral?mSku=8808563411835&condition=New"
"8808563413976","B01MS6QQWV","titolo senza misura leggibile","79.65","61.50","HANKOOK K125 Ventus Prime3 195/60 R15 88H","Hankook Ventus Prime3 K125 - 195/60R15 88H - Pneumatico Estivo","https://sellercentral.amazon.it/skucentral?mSku=8808563413976&condition=New"
"8808563415437","B082FJZKQD","titolo senza misura leggibile","105.5","85.00","HANKOOK W320 Winter i*cept evo2 AO 195/55 R16 91V","Gomme Hankook I cept evo2 w320 195 55 R16 91V TL Invernali per Auto","https://sellercentral.amazon.it/skucentral?mSku=8808563415437&condition=New"
"8808563415550","B07G8KRQ6W","titolo senza misura e marca diversa","229.4","194.00","HANKOOK W320A Winter i*cept evo2 SUV 285/45 R21 113V","GOMME PNEUMATICI WINTER ICEPT EVO2 W320 XL","https://sellercentral.amazon.it/skucentral?mSku=8808563415550&condition=New"
"8808563422633","B07BKVFLDC","titolo senza misura leggibile","98.9","79.00","HANKOOK K125 Ventus Prime3 205/55 R17 91V","Hankook Ventus Prime3 K125 - 205/55R16 91V - Pneumatico Estivo","https://sellercentral.amazon.it/skucentral?mSku=8808563422633&condition=New"
"8808563433233","B077L3C938","titolo senza misura leggibile","84.05","65.50","HANKOOK K435 Kinergy Eco2 175/55 R15 77T","Hankook Kinergy Eco 2 K435 - 175/55R15 77T - Pneumatico Estivo","https://sellercentral.amazon.it/skucentral?mSku=8808563433233&condition=New"
"8808563433424","B079P5PR4W","titolo senza misura leggibile","71.4","54.00","HANKOOK K435 Kinergy Eco2 165/80 R13 83T","Hankook Kinergy Eco 2 K435 - 165/80R13 83T - Pneumatico Estivo","https://sellercentral.amazon.it/skucentral?mSku=8808563433424&condition=New"
"8808563433554","B077LC37GB","titolo senza misura leggibile","82.95","64.50","HANKOOK K435 Kinergy Eco2 165/80 R15 87T","Hankook Kinergy Eco 2 K435 - 165/80R15 87T - Pneumatico Estivo","https://sellercentral.amazon.it/skucentral?mSku=8808563433554&condition=New"
"8808563433585","B07B5KWNTJ","titolo senza misura leggibile","96.7","77.00","HANKOOK K435 Kinergy Eco2 205/70 R15 96T","Hankook Kinergy Eco 2 K435 - 205/70R15 96T - Pneumatico Estivo","https://sellercentral.amazon.it/skucentral?mSku=8808563433585&condition=New"
"8808563433592","B077L1X7BH","titolo senza misura leggibile","92.85","73.50","HANKOOK K435 Kinergy Eco2 205/65 R15 94V","Hankook Kinergy Eco 2 K435 - 205/65R15 94V - Pneumatico Estivo","https://sellercentral.amazon.it/skucentral?mSku=8808563433592&condition=New"
"8808563437842","B07RMXDRNG","titolo senza misura e marca diversa","103.85","83.50","HANKOOK K435 Kinergy Eco2 215/60 R17 100H","KINERGY ECO 2 K435","https://sellercentral.amazon.it/skucentral?mSku=8808563437842&condition=New"
"8808563438870","B0BD12BQ7Q","titolo senza misura leggibile","71.4","54.00","HANKOOK K435 Kinergy Eco2 195/65 R15 91H","HANKOOK KINERGY ECO 2 K435-195/65R15 91H – B/B/69 – Pneumatici estivi","https://sellercentral.amazon.it/skucentral?mSku=8808563438870&condition=New"
"8808563446509","B07PZC1FQC","titolo senza misura e marca diversa","83.5","65.00","HANKOOK K125 Ventus Prime3 205/55 R16 94H","GOMME PNEUMATICI VENTUS PRIME 3 K125 XL","https://sellercentral.amazon.it/skucentral?mSku=8808563446509&condition=New"
"8808563447001","B08BTQKKM7","titolo senza misura leggibile","211.25","177.50","HANKOOK K127C Ventus S1 Evo3 * HRS 275/45 R20 110Y","Gomme Hankook Ventus s1 evo3 k127 275 45 R20 110Y TL Estivi per Fuoristrada","https://sellercentral.amazon.it/skucentral?mSku=8808563447001&condition=New"
"8808563449227","B083ZGN2Y3","titolo senza misura leggibile","138.5","115.00","HANKOOK RW12 Winter I*cept LV 215/70 R16 108/106R","Hankook Pneumatici invernali RW12-215/70R16 108R","https://sellercentral.amazon.it/skucentral?mSku=8808563449227&condition=New"
"8808563452913","B07BF7NRWF","titolo senza misura leggibile","68.65","51.50","HANKOOK K435 Kinergy Eco2 175/65 R14 82T","Hankook Kinergy Eco 2 K435 - 175/65R14 82T - Pneumatico Estivo","https://sellercentral.amazon.it/skucentral?mSku=8808563452913&condition=New"
"8808563454047","B07PXDTCJQ","titolo senza misura e marca diversa","115.95","94.50","HANKOOK K127 Ventus S1 Evo3 205/40 R18 86Y","GOMME PNEUMATICI K127 VENTUS S1 EVO3 XL","https://sellercentral.amazon.it/skucentral?mSku=8808563454047&condition=New"
"8808563455280","B096B8BVSR","titolo senza misura leggibile","131.35","108.50","HANKOOK K125A Ventus Prime3 X SealGuard 235/55 R18 100V","Gomme Hankook Ventus prime 3 k125 235 55 R18 100V TL Estivi per Fuoristrada","https://sellercentral.amazon.it/skucentral?mSku=8808563455280&condition=New"
"8808563462608","B07S37JGKR","titolo senza misura leggibile","73.6","56.00","HANKOOK H750 Kinergy 4S2 185/65 R14 86H","HANKOOK H750 ALLSEASON - Pneumatici per tutte le stagioni 1856514","https://sellercentral.amazon.it/skucentral?mSku=8808563462608&condition=New"
"8808563467382","B07Z5HNFLW","titolo senza misura leggibile","103.85","83.50","HANKOOK RA30 Vantra ST AS2 195/60 R16 99/97H","Hankook RA30-195/60R16 99H Pneumatico per tutte le stagioni","https://sellercentral.amazon.it/skucentral?mSku=8808563467382&condition=New"
"8808563478821","B08KS9ZVV2","titolo senza misura leggibile","127.5","105.00","HANKOOK W330 Winter i*cept evo3 235/45 R18 98V","Gomme Hankook Winter i cept evo3 w330 235 45 R18 98V TL Invernali per Auto","https://sellercentral.amazon.it/skucentral?mSku=8808563478821&condition=New"
"8808563478852","B08KSBF1TX","titolo senza misura leggibile","139.6","116.00","HANKOOK W330 Winter i*cept evo3 225/50 R18 99V","Gomme Hankook Winter i cept evo3 w330 225 50 R18 99V TL Invernali per Auto","https://sellercentral.amazon.it/skucentral?mSku=8808563478852&condition=New"
"8808563478906","B08KS8597C","titolo senza misura leggibile","130.25","107.50","HANKOOK W330 Winter i*cept evo3 235/40 R18 95V","Gomme Hankook Winter i cept evo3 w330 235 40 R18 95V TL Invernali per Auto","https://sellercentral.amazon.it/skucentral?mSku=8808563478906&condition=New"
"8808563478944","B08KS9VWYY","titolo senza misura leggibile","159","130.00","HANKOOK W330 Winter i*cept evo3 255/40 R19 100V","Gomme Hankook Winter i cept evo3 w330 255 40 R19 100V TL Invernali per Auto","https://sellercentral.amazon.it/skucentral?mSku=8808563478944&condition=New"
"8808563478982","B08KSCC9F5","titolo senza misura leggibile","128.6","106.00","HANKOOK W330 Winter i*cept evo3 215/45 R18 93V","Gomme Hankook Winter i cept evo3 w330 215 45 R18 93V TL Invernali per Auto","https://sellercentral.amazon.it/skucentral?mSku=8808563478982&condition=New"
"8808563479019","B08KS8WQ28","titolo senza misura leggibile","144","120.00","HANKOOK W330 Winter i*cept evo3 245/50 R18 104V","Gomme Hankook Winter i cept evo3 w330 245 50 R18 104V TL Invernali per Auto","https://sellercentral.amazon.it/skucentral?mSku=8808563479019&condition=New"
"8808563479026","B08KS8D2VN","titolo senza misura leggibile","127.5","105.00","HANKOOK W330 Winter i*cept evo3 235/45 R17 97V","Gomme Hankook Winter i cept evo3 w330 235 45 R17 97V TL Invernali per Auto","https://sellercentral.amazon.it/skucentral?mSku=8808563479026&condition=New"
"8808563479132","B08KS8RFSP","titolo senza misura leggibile","135.2","112.00","HANKOOK W330 Winter i*cept evo3 215/50 R18 92V","Gomme Hankook Winter i cept evo3 w330 215 50 R18 92V TL Invernali per Auto","https://sellercentral.amazon.it/skucentral?mSku=8808563479132&condition=New"
"8808563479576","B08KSB3RTR","titolo senza misura leggibile","122.55","100.50","HANKOOK W330A Winter i*cept evo3 X 215/65 R17 99V","Gomme Hankook Winter i cept evo3 x w330a 215 65 R17 99V TL Invernali per Fuoristrada","https://sellercentral.amazon.it/skucentral?mSku=8808563479576&condition=New"
"8808563479613","B08KS9YX6R","titolo senza misura leggibile","126.4","104.00","HANKOOK W330A Winter i*cept evo3 X 235/65 R17 108V","Gomme Hankook Winter i cept evo3 x w330a 235 65 R17 108V TL Invernali per Fuoristrada","https://sellercentral.amazon.it/skucentral?mSku=8808563479613&condition=New"
"8808563479668","B08KS9THPR","titolo senza misura leggibile","137.4","114.00","HANKOOK W330A Winter i*cept evo3 X 235/55 R18 100H","Gomme Hankook Winter i cept evo3 x w330a 235 55 R18 100H TL Invernali per Fuoristrada","https://sellercentral.amazon.it/skucentral?mSku=8808563479668&condition=New"
"8808563479705","B08KSB33JY","titolo senza misura leggibile","142.35","118.50","HANKOOK W330A Winter i*cept evo3 X 225/60 R18 104V","Gomme Hankook Winter i cept evo3 x w330a 225 60 R18 104V TL Invernali per Fuoristrada","https://sellercentral.amazon.it/skucentral?mSku=8808563479705&condition=New"
"8808563479767","B08KS9XV6N","titolo senza misura leggibile","182.65","151.50","HANKOOK W330A Winter i*cept evo3 X 255/55 R19 111V","Gomme Hankook Winter i cept evo3 x w330a 255 55 R19 111V TL Invernali per Fuoristrada","https://sellercentral.amazon.it/skucentral?mSku=8808563479767&condition=New"
"8808563479804","B08KS9J14N","titolo senza misura leggibile","155.7","127.00","HANKOOK W330A Winter i*cept evo3 X 255/65 R17 114H","Gomme Hankook Winter i cept evo3 x w330a 255 65 R17 114H TL Invernali per Fuoristrada","https://sellercentral.amazon.it/skucentral?mSku=8808563479804&condition=New"
"8808563508771","B0CNQ9M9H2","titolo senza misura leggibile","120.9","99.00","HANKOOK K127E Ventus S1 Evo3 ev + 235/60 R18 103T","HANKOOK K127E VENTUS S1 EVO3 EV","https://sellercentral.amazon.it/skucentral?mSku=8808563508771&condition=New"
"8808563536170","B0BR8LW6RS","titolo senza misura e marca diversa","106.6","86.00","HANKOOK W462 Winter i*cept RS3 215/55 R16 93H","205 Vr16Vredestein Tl Grip Classic Xl104T E","https://sellercentral.amazon.it/skucentral?mSku=8808563536170&condition=New"
"8808563545448","B09V5SFMQJ","titolo senza misura leggibile","115.4","94.00","HANKOOK K135 Ventus Prime4 215/60 R16 99V","Hankook Padangos Ventus Prime 4 (K135) 99 V XL (B A 69dB)","https://sellercentral.amazon.it/skucentral?mSku=8808563545448&condition=New"
"8808563545455","B09V5SKS5L","titolo senza misura leggibile","91.75","72.50","HANKOOK K135 Ventus Prime4 205/60 R16 92H","Hankook Padangos Ventus Prime 4 (K135) 92 H (B A B 69dB)","https://sellercentral.amazon.it/skucentral?mSku=8808563545455&condition=New"
"8808563545530","B09V5R84QQ","titolo senza misura leggibile","97.25","77.50","HANKOOK K135 Ventus Prime4 215/50 R17 95W","Hankook Padangos Ventus Prime 4 (K135) 95 W XL (B A 69dB)","https://sellercentral.amazon.it/skucentral?mSku=8808563545530&condition=New"
"8808563556819","B09V5RG7VY","titolo senza misura leggibile","103.3","83.00","HANKOOK K135A Ventus Prime4 225/65 R17 102H","Hankook Padangos Ventus Prime 4 (K135A) 102 H (B A B 69dB)","https://sellercentral.amazon.it/skucentral?mSku=8808563556819&condition=New"
"8808563590431","B0BMY5JQCR","titolo senza misura leggibile","74.15","56.50","HANKOOK K125 Ventus Prime3 195/50 R15 82V","Gomme estive 195 50 R15 82V HANKOOK K125 Ventus Prime3","https://sellercentral.amazon.it/skucentral?mSku=8808563590431&condition=New"
"8808563590738","B0BTBLF89T","titolo senza misura leggibile","68.1","51.00","HANKOOK K435 Kinergy Eco2 195/65 R15 91T","195 65 R15 91T HANKOOK K435 Kinergy Eco2","https://sellercentral.amazon.it/skucentral?mSku=8808563590738&condition=New"
"8848183005359","B0HC7K9HV5","titolo senza misura leggibile","62.6","46.00","FIREMAX FM518 215/65 R16 98H","215 65 R16 98H FIREMAX FM518","https://sellercentral.amazon.it/skucentral?mSku=8848183005359&condition=New"
"8848183005373","B0HC6JQZKR","titolo senza misura leggibile","64.25","47.50","FIREMAX FM518 225/60 R17 99H","225 60 R17 99H FIREMAX FM518","https://sellercentral.amazon.it/skucentral?mSku=8848183005373&condition=New"
"8848183005465","B0HC4YCVKJ","titolo senza misura leggibile","70.3","53.00","FIREMAX FM518 235/60 R18 107V","235 60 R18 107 V XL FIREMAX FM518","https://sellercentral.amazon.it/skucentral?mSku=8848183005465&condition=New"
"8848183005472","B0HC4W64MZ","titolo senza misura leggibile","82.4","64.00","FIREMAX FM518 265/65 R17 112H","265 65 R17 112H FIREMAX FM518","https://sellercentral.amazon.it/skucentral?mSku=8848183005472&condition=New"
"8848183005519","B0HC6KFSFM","titolo senza misura leggibile","46.1","31.00","FIREMAX FM601 155/70 R13 75T","155 70 R13 75T FIREMAX FM601","https://sellercentral.amazon.it/skucentral?mSku=8848183005519&condition=New"
"8848183006219","B0HC7PWV69","titolo senza misura leggibile","48.3","33.00","FIREMAX FM601 155/80 R13 79T","155 80 R13 79T FIREMAX FM601","https://sellercentral.amazon.it/skucentral?mSku=8848183006219&condition=New"
"8848183006233","B0HC4V2N6V","titolo senza misura leggibile","50.5","35.00","FIREMAX FM601 165/60 R15 81H","165 60 R15 81H XL FIREMAX FM601","https://sellercentral.amazon.it/skucentral?mSku=8848183006233&condition=New"
"8848183006240","B0HC4KT1GH","titolo senza misura leggibile","47.75","32.50","FIREMAX FM601 165/65 R14 79T","165 65 R14 79T FIREMAX FM601","https://sellercentral.amazon.it/skucentral?mSku=8848183006240&condition=New"
"8848183006271","B0HC4CPMPQ","titolo senza misura leggibile","47.2","32.00","FIREMAX FM601 165/70 R14 81T","165 70 R14 81T FIREMAX FM601","https://sellercentral.amazon.it/skucentral?mSku=8848183006271&condition=New"
"8848183006363","B0HC59N46L","titolo senza misura leggibile","46.65","31.50","FIREMAX FM601 175/70 R13 82T","175 70 R13 82T FIREMAX FM601","https://sellercentral.amazon.it/skucentral?mSku=8848183006363&condition=New"
"8848183006370","B0HC7SQPRK","titolo senza misura leggibile","48.3","33.00","FIREMAX FM601 175/70 R14 84H","175 70 R14 84H FIREMAX FM601","https://sellercentral.amazon.it/skucentral?mSku=8848183006370&condition=New"
"8848183006417","B0HC4YZ9YR","titolo senza misura leggibile","54.35","38.50","FIREMAX FM601 185/55 R16 87V","185 55 R16 87 V XL FIREMAX FM601","https://sellercentral.amazon.it/skucentral?mSku=8848183006417&condition=New"
"8848183006493","B0HC4WSP9L","titolo senza misura leggibile","52.7","37.00","FIREMAX FM601 195/45 R16 84V","195 45 R16 84 V XL FIREMAX FM601","https://sellercentral.amazon.it/skucentral?mSku=8848183006493&condition=New"
"8848183006523","B0HC4NDTRQ","titolo senza misura leggibile","52.7","37.00","FIREMAX FM601 195/55 R15 85V","195 55 R15 85 V FIREMAX FM601","https://sellercentral.amazon.it/skucentral?mSku=8848183006523&condition=New"
"8848183006530","B0HC7N6QHT","titolo senza misura leggibile","53.25","37.50","FIREMAX FM601 195/50 R16 84V","195 50 R16 84V FIREMAX FM601","https://sellercentral.amazon.it/skucentral?mSku=8848183006530&condition=New"
"8848183006585","B0HC7SG5QK","titolo senza misura leggibile","54.35","38.50","FIREMAX FM601 195/60 R16 89H","195 60 R16 89H FIREMAX FM601","https://sellercentral.amazon.it/skucentral?mSku=8848183006585&condition=New"
"8848183006592","B0HC4L13SV","titolo senza misura leggibile","51.6","36.00","FIREMAX FM601 195/65 R15 91V","195 65 R15 91V FIREMAX FM601","https://sellercentral.amazon.it/skucentral?mSku=8848183006592&condition=New"
"8848183006615","B0HC6GLYMM","titolo senza misura leggibile","52.7","37.00","FIREMAX FM601 195/65 R15 95T","195 65 R15 95T XL FIREMAX FM601","https://sellercentral.amazon.it/skucentral?mSku=8848183006615&condition=New"
"8848183006639","B0HC4D5LXB","titolo senza misura leggibile","53.75","37.95","FIREMAX FM601 205/40 R17 84W","205 40 R17 84W XL FIREMAX FM601","https://sellercentral.amazon.it/skucentral?mSku=8848183006639&condition=New"
"8848183006646","B0HC4VD86D","titolo senza misura leggibile","53.25","37.50","FIREMAX FM601 205/45 R16 87W","205 45 R16 87W XL FIREMAX FM601","https://sellercentral.amazon.it/skucentral?mSku=8848183006646&condition=New"
"8848183006745","B0HC4D71RR","titolo senza misura leggibile","56","40.00","FIREMAX FM601 205/60 R16 92V","205 60 R16 92V FIREMAX FM601","https://sellercentral.amazon.it/skucentral?mSku=8848183006745&condition=New"
"8848183006752","B0HC6S6C19","titolo senza misura leggibile","54.35","38.50","FIREMAX FM601 205/65 R15 94V","205 65 R15 94V FIREMAX FM601","https://sellercentral.amazon.it/skucentral?mSku=8848183006752&condition=New"
"8848183006813","B0HC4F2MS5","titolo senza misura leggibile","55.45","39.50","FIREMAX FM601 215/40 R17 87W","215 40 R17 87W XL FIREMAX FM601","https://sellercentral.amazon.it/skucentral?mSku=8848183006813&condition=New"
"8848183006837","B0HC6XBQ8L","titolo senza misura leggibile","56.55","40.50","FIREMAX FM601 215/45 R17 91W","215 45 R17 91W XL FIREMAX FM601","https://sellercentral.amazon.it/skucentral?mSku=8848183006837&condition=New"
"8848183006875","B0HC5GH8D5","titolo senza misura leggibile","61.5","45.00","FIREMAX FM601 215/55 R17 98W","215 55 R17 98W XL FIREMAX FM601","https://sellercentral.amazon.it/skucentral?mSku=8848183006875&condition=New"
"8848183006899","B0HC892KPW","titolo senza misura leggibile","57.1","41.00","FIREMAX FM601 215/60 R16 95V","215 60 R16 95V FIREMAX FM601","https://sellercentral.amazon.it/skucentral?mSku=8848183006899&condition=New"
"8848183006943","B0HC7TTQHL","titolo senza misura leggibile","60.4","44.00","FIREMAX FM601 225/35 R19 88W","225 35 R19 88W XL FIREMAX FM601","https://sellercentral.amazon.it/skucentral?mSku=8848183006943&condition=New"
"8848183006967","B0HC4K8C34","titolo senza misura leggibile","58.2","42.00","FIREMAX FM601 225/40 R18 92W","225 40 R18 92W XL FIREMAX FM601","https://sellercentral.amazon.it/skucentral?mSku=8848183006967&condition=New"
"8848183007025","B0HC4TPQYF","titolo senza misura leggibile","57.65","41.50","FIREMAX FM601 225/50 R16 96W","225 50 R16 96W XL FIREMAX FM601","https://sellercentral.amazon.it/skucentral?mSku=8848183007025&condition=New"
"8848183007032","B0HC86ZDQT","titolo senza misura leggibile","60.4","44.00","FIREMAX FM601 225/50 R17 98W","225 50 R17 98W XL FIREMAX FM601","https://sellercentral.amazon.it/skucentral?mSku=8848183007032&condition=New"
"8848183007094","B0HC7J3N9B","titolo senza misura leggibile","60.4","44.00","FIREMAX FM601 235/40 R18 95W","235 40 R18 95W XL FIREMAX FM601","https://sellercentral.amazon.it/skucentral?mSku=8848183007094&condition=New"
"8848183007100","B0HC4YH6HD","titolo senza misura leggibile","65.35","48.50","FIREMAX FM601 235/55 R17 103V","235 55 R17 103 V XL FIREMAX FM601","https://sellercentral.amazon.it/skucentral?mSku=8848183007100&condition=New"
"8848183007124","B0HC876X6G","titolo senza misura leggibile","62.05","45.50","FIREMAX FM601 235/35 R19 91W","235 35 R19 91W XL FIREMAX FM601","https://sellercentral.amazon.it/skucentral?mSku=8848183007124&condition=New"
"8848183007148","B0HC4XM3Z7","titolo senza misura leggibile","64.25","47.50","FIREMAX FM601 235/45 R18 98W","235 45 R18 98W XL FIREMAX FM601","https://sellercentral.amazon.it/skucentral?mSku=8848183007148&condition=New"
"8848183007193","B0HC554P3P","titolo senza misura leggibile","65.35","48.50","FIREMAX FM601 255/35 R19 96W","255 35 R19 96W XL FIREMAX FM601","https://sellercentral.amazon.it/skucentral?mSku=8848183007193&condition=New"
"8848183007261","B0HC5QJY1K","titolo senza misura leggibile","69.2","52.00","FIREMAX FM601 245/45 R19 102W","245 45 R19 102W XL FIREMAX FM601","https://sellercentral.amazon.it/skucentral?mSku=8848183007261&condition=New"
"8848183007469","B0HC3DDWTR","titolo senza misura leggibile","66.45","49.50","FIREMAX FM601 245/35 R20 95W","245 35 R20 95W XL FIREMAX FM601","https://sellercentral.amazon.it/skucentral?mSku=8848183007469&condition=New"
"8848183007506","B0HC4CVPXM","titolo senza misura leggibile","62.05","45.50","FIREMAX FM601 245/35 R19 93W","245 35 R19 93W XL FIREMAX FM601","https://sellercentral.amazon.it/skucentral?mSku=8848183007506&condition=New"
"8848183008688","B0HC7KBWM4","titolo senza misura leggibile","59.85","43.50","FIREMAX FM916 195/60 R16 99/97T","195 60 R16 99/97T 6PR FIREMAX FM916","https://sellercentral.amazon.it/skucentral?mSku=8848183008688&condition=New"
"8848183008800","B0HC36W2RL","titolo senza misura leggibile","65.9","49.00","FIREMAX FM916 225/70 R15 112/110R","225 70 R15 112/110R 8PR FIREMAX FM916","https://sellercentral.amazon.it/skucentral?mSku=8848183008800&condition=New"
"8848183008862","B0HC5ZMZ98","titolo senza misura leggibile","71.4","54.00","FIREMAX FM916 235/65 R16 115/113R","235 65 R16 115/113R 8PR FIREMAX FM916","https://sellercentral.amazon.it/skucentral?mSku=8848183008862&condition=New"
"8859903102593","B0HC4TRK8M","titolo senza misura leggibile","47.75","32.50","WESTLAKE Z-107 155/65 R14 75T","155 65 R14 75T WESTLAKE Z-107","https://sellercentral.amazon.it/skucentral?mSku=8859903102593&condition=New"
"8859903102623","B0HC56D243","titolo senza misura leggibile","47.2","32.00","WESTLAKE Z-107 165/60 R14 75H","165 60 R14 75H WESTLAKE Z-107","https://sellercentral.amazon.it/skucentral?mSku=8859903102623&condition=New"
"8859903102654","B0HC4XDBJB","titolo senza misura leggibile","48.85","33.50","WESTLAKE Z-107 165/70 R13 79T","165 70 R13 79T WESTLAKE Z-107","https://sellercentral.amazon.it/skucentral?mSku=8859903102654&condition=New"
"8859903102722","B0HC42DDJD","titolo senza misura leggibile","51.05","35.50","WESTLAKE Z-107 175/65 R14 82T","175 65 R14 82T WESTLAKE Z-107","https://sellercentral.amazon.it/skucentral?mSku=8859903102722&condition=New"
"8859903102869","B0HC439DK5","titolo senza misura leggibile","53.25","37.50","WESTLAKE Z-107 185/65 R15 88T","185 65 R15 88T WESTLAKE Z-107","https://sellercentral.amazon.it/skucentral?mSku=8859903102869&condition=New"
"8859903102876","B0HC5GD2TD","titolo senza misura leggibile","51.6","36.00","WESTLAKE Z-107 185/70 R13 86T","185 70 R13 86T WESTLAKE Z-107","https://sellercentral.amazon.it/skucentral?mSku=8859903102876&condition=New"
"8859903102951","B0HC779GKM","titolo senza misura leggibile","53.25","37.50","WESTLAKE Z-107 195/55 R15 85H","195 55 R15 85H WESTLAKE Z-107","https://sellercentral.amazon.it/skucentral?mSku=8859903102951&condition=New"
"8859903102982","B0HC5DN3RR","titolo senza misura leggibile","57.1","41.00","WESTLAKE Z-107 195/55 R16 87V","195 55 R16 87 V WESTLAKE Z-107","https://sellercentral.amazon.it/skucentral?mSku=8859903102982&condition=New"
"8859903102999","B0HC73FG7T","titolo senza misura leggibile","65.9","49.00","WESTLAKE Z-107 195/55 R20 95H","195 55 R20 95H XL WESTLAKE Z-107","https://sellercentral.amazon.it/skucentral?mSku=8859903102999&condition=New"
"8859903103002","B0HC57ZV7S","titolo senza misura leggibile","54.35","38.50","WESTLAKE Z-107 195/60 R15 88H","195 60 R15 88H WESTLAKE Z-107","https://sellercentral.amazon.it/skucentral?mSku=8859903103002&condition=New"
"8859903103170","B0HC7JVHQY","titolo senza misura leggibile","54.35","38.50","WESTLAKE Z-107 205/55 R16 91H","205 55 R16 91H WESTLAKE Z-107","https://sellercentral.amazon.it/skucentral?mSku=8859903103170&condition=New"
"8859903103330","B0HC7STQDY","titolo senza misura leggibile","56","40.00","WESTLAKE Z-107 215/45 R16 90W","215 45 R16 90W XL WESTLAKE Z-107","https://sellercentral.amazon.it/skucentral?mSku=8859903103330&condition=New"
"8859903103521","B0HC5BDGYT","titolo senza misura leggibile","64.75","47.95","WESTLAKE Z-107 225/45 R19 96W","225 45 R19 96W XL WESTLAKE Z-107","https://sellercentral.amazon.it/skucentral?mSku=8859903103521&condition=New"
"8859903103705","B0HC7Q5FDT","titolo senza misura leggibile","73.05","55.50","WESTLAKE Z-107 235/55 R19 105V","235 55 R19 105V XL WESTLAKE Z-107","https://sellercentral.amazon.it/skucentral?mSku=8859903103705&condition=New"
"8859903103712","B0HC6R6H8Y","titolo senza misura leggibile","67","50.00","WESTLAKE Z-107 235/60 R16 100H","235 60 R16 100H WESTLAKE Z-107","https://sellercentral.amazon.it/skucentral?mSku=8859903103712&condition=New"
"8859903103798","B0HC6YMJP9","titolo senza misura leggibile","65.9","49.00","WESTLAKE Z-107 245/45 R17 99W","245 45 R17 99W XL WESTLAKE Z-107","https://sellercentral.amazon.it/skucentral?mSku=8859903103798&condition=New"
"8859903103934","B0HC3WLZ87","titolo senza misura leggibile","66.45","49.50","WESTLAKE H188 195/65 R16 104/102T","195 65 R16 104/102T 8PR WESTLAKE H188","https://sellercentral.amazon.it/skucentral?mSku=8859903103934&condition=New"
"8859903104092","B0HC7MJDY8","titolo senza misura leggibile","87.35","68.50","WESTLAKE H188 225/75 R16 118/116R","225 75 R16 118/116R 10PR WESTLAKE H188","https://sellercentral.amazon.it/skucentral?mSku=8859903104092&condition=New"
"8859903104122","B0HC4NWY6C","titolo senza misura leggibile","47.2","32.00","WESTLAKE Z-401 4S 155/65 R13 73T","155 65 R13 73T WESTLAKE Z-401 4S","https://sellercentral.amazon.it/skucentral?mSku=8859903104122&condition=New"
"8859903104146","B0HC53XSD6","titolo senza misura leggibile","47.2","32.00","WESTLAKE Z-401 4S 155/70 R13 75T","155 70 R13 75T WESTLAKE Z-401 4S","https://sellercentral.amazon.it/skucentral?mSku=8859903104146&condition=New"
"8859903104153","B0HC4MYWWK","titolo senza misura leggibile","48.85","33.50","WESTLAKE Z-401 4S 155/80 R13 79T","155 80 R13 79T WESTLAKE Z-401 4S","https://sellercentral.amazon.it/skucentral?mSku=8859903104153&condition=New"
"8859903104160","B0HC84XDYH","titolo senza misura leggibile","47.75","32.50","WESTLAKE Z-401 4S 165/60 R14 79H","165 60 R14 79H WESTLAKE Z-401 4S","https://sellercentral.amazon.it/skucentral?mSku=8859903104160&condition=New"
"8859903104177","B0HC5D1PZP","titolo senza misura leggibile","50.5","35.00","WESTLAKE Z-401 4S 165/65 R14 79T","165 65 R14 79T WESTLAKE Z-401 4S","https://sellercentral.amazon.it/skucentral?mSku=8859903104177&condition=New"
"8859903104184","B0HC4MN5WZ","titolo senza misura leggibile","52.15","36.50","WESTLAKE Z-401 4S 165/65 R15 81T","165 65 R15 81T WESTLAKE Z-401 4S","https://sellercentral.amazon.it/skucentral?mSku=8859903104184&condition=New"
"8859903104238","B0HC7TFLZL","titolo senza misura leggibile","51.6","37.50","WESTLAKE Z-401 4S 175/65 R15 84H","175 65 R15 84H WESTLAKE Z-401","https://sellercentral.amazon.it/skucentral?mSku=8859903104238&condition=New"
"8859903104245","B0HC59CPL1","titolo senza misura leggibile","51.05","35.50","WESTLAKE Z-401 4S 175/70 R14 88T","175 70 R14 88T XL WESTLAKE Z-401 4S","https://sellercentral.amazon.it/skucentral?mSku=8859903104245&condition=New"
"8859903104313","B0HC3VSGG3","titolo senza misura leggibile","51.05","35.50","WESTLAKE Z-401 4S 185/65 R14 86H","185 65 R14 86H WESTLAKE Z-401 4S","https://sellercentral.amazon.it/skucentral?mSku=8859903104313&condition=New"
"8859903104337","B0HC5FCJR1","titolo senza misura leggibile","54.35","38.50","WESTLAKE Z-401 4S 195/45 R16 84V","195 45 R16 84 V XL WESTLAKE Z-401 4S","https://sellercentral.amazon.it/skucentral?mSku=8859903104337&condition=New"
"8859903104344","B0HC4BHV5N","titolo senza misura leggibile","54.9","39.00","WESTLAKE Z-401 4S 195/50 R15 82V","195 50 R15 82V WESTLAKE Z-401 4S","https://sellercentral.amazon.it/skucentral?mSku=8859903104344&condition=New"
"8859903104382","B0HC6DB8BC","titolo senza misura leggibile","56","40.00","WESTLAKE Z-401 4S 195/65 R15 91V","195 65 R15 91V WESTLAKE Z-401 4S","https://sellercentral.amazon.it/skucentral?mSku=8859903104382&condition=New"
"8859903104399","B0HC7MW2WX","titolo senza misura leggibile","56","40.00","WESTLAKE Z-401 4S 195/65 R15 95H","195 65 R15 95H XL WESTLAKE Z-401 4S","https://sellercentral.amazon.it/skucentral?mSku=8859903104399&condition=New"
"8859903104405","B0HC475SZB","titolo senza misura leggibile","58.48","42.25","WESTLAKE Z-401 4S 205/45 R16 87W","205 45 R16 87W XL WESTLAKE Z-401 4S","https://sellercentral.amazon.it/skucentral?mSku=8859903104405&condition=New"
"8859903104429","B0HC4F9TDB","titolo senza misura leggibile","60.4","44.00","WESTLAKE Z-401 4S 205/50 R17 93V","205 50 R17 93 V XL WESTLAKE Z-401 4S","https://sellercentral.amazon.it/skucentral?mSku=8859903104429&condition=New"
"8859903104436","B0HC3Q8TCK","titolo senza misura leggibile","57.1","41.00","WESTLAKE Z-401 4S 205/55 R16 91V","205 55 R16 91 V WESTLAKE Z-401","https://sellercentral.amazon.it/skucentral?mSku=8859903104436&condition=New"
"8859903104450","B0HC51RXWJ","titolo senza misura leggibile","60.4","44.00","WESTLAKE Z-401 4S 205/55 R17 95V","205 55 R17 95 V XL WESTLAKE Z-401 4S","https://sellercentral.amazon.it/skucentral?mSku=8859903104450&condition=New"
"8859903104467","B0HC4QVGK3","titolo senza misura leggibile","59.85","43.50","WESTLAKE Z-401 4S 205/60 R16 96V","205 60 R16 96 V XL WESTLAKE Z-401 4S","https://sellercentral.amazon.it/skucentral?mSku=8859903104467&condition=New"
"8859903104481","B0HC6FDJFZ","titolo senza misura leggibile","59.85","43.50","WESTLAKE Z-401 4S 215/40 R17 87W","215 40 R17 87W XL WESTLAKE Z-401 4S","https://sellercentral.amazon.it/skucentral?mSku=8859903104481&condition=New"
"8859903104498","B0HC3XQQMM","titolo senza misura leggibile","61.5","45.00","WESTLAKE Z-401 4S 215/45 R16 90V","215 45 R16 90 V XL WESTLAKE Z-401","https://sellercentral.amazon.it/skucentral?mSku=8859903104498&condition=New"
"8859903104511","B0HC7P7KJ9","titolo senza misura leggibile","63.7","47.00","WESTLAKE Z-401 4S 215/45 R18 93W","215 45 R18 93W XL WESTLAKE Z-401 4S","https://sellercentral.amazon.it/skucentral?mSku=8859903104511&condition=New"
"8859903104528","B0HC7L3HJG","titolo senza misura leggibile","61.5","45.00","WESTLAKE Z-401 4S 215/50 R17 95W","215 50 R17 95W XL WESTLAKE Z-401 4S","https://sellercentral.amazon.it/skucentral?mSku=8859903104528&condition=New"
"8859903104542","B0HC7X22D4","titolo senza misura leggibile","62.6","46.00","WESTLAKE Z-401 4S 215/55 R17 98V","215 55 R17 98 V XL WESTLAKE Z-401 4S","https://sellercentral.amazon.it/skucentral?mSku=8859903104542&condition=New"
"8859903104559","B0HC5N51F9","titolo senza misura leggibile","68.1","51.00","WESTLAKE Z-401 4S 215/55 R18 99V","215 55 R18 99 V WESTLAKE Z-401 4S","https://sellercentral.amazon.it/skucentral?mSku=8859903104559&condition=New"
"8859903104566","B0HC5DGS1T","titolo senza misura leggibile","60.95","44.50","WESTLAKE Z-401 4S 215/60 R16 99V","215 60 R16 99 V XL WESTLAKE Z-401 4S","https://sellercentral.amazon.it/skucentral?mSku=8859903104566&condition=New"
"8859903104573","B0HC76Q53J","titolo senza misura leggibile","63.7","47.00","WESTLAKE Z-401 4S 215/60 R17 96H","215 60 R17 96H WESTLAKE Z-401 4S","https://sellercentral.amazon.it/skucentral?mSku=8859903104573&condition=New"
"8859903104603","B0HC5311Z2","titolo senza misura leggibile","64.75","47.95","WESTLAKE Z-401 4S 215/70 R16 100H","215 70 R16 100H WESTLAKE Z-401 4S","https://sellercentral.amazon.it/skucentral?mSku=8859903104603&condition=New"
"8859903104627","B0HC75KG9X","titolo senza misura leggibile","60.95","44.50","WESTLAKE Z-401 4S 225/40 R18 92W","225 40 R18 92W XL WESTLAKE Z-401 4S","https://sellercentral.amazon.it/skucentral?mSku=8859903104627&condition=New"
"8859903104634","B0HC514GQB","titolo senza misura leggibile","66.45","49.50","WESTLAKE Z-401 4S 225/40 R19 93W","225 40 R19 93W XL WESTLAKE Z-401","https://sellercentral.amazon.it/skucentral?mSku=8859903104634&condition=New"
"8859903104641","B0HC4LD9NN","titolo senza misura leggibile","60.4","44.00","WESTLAKE Z-401 4S 225/45 R17 94W","225 45 R17 94W XL WESTLAKE Z-401 4S","https://sellercentral.amazon.it/skucentral?mSku=8859903104641&condition=New"
"8859903104665","B0HC7L2PK4","titolo senza misura leggibile","64.25","47.50","WESTLAKE Z-401 4S 225/50 R17 98W","225 50 R17 98W XL WESTLAKE Z-401 4S","https://sellercentral.amazon.it/skucentral?mSku=8859903104665&condition=New"
"8859903104696","B0HC5HKT4F","titolo senza misura leggibile","68.1","51.00","WESTLAKE Z-401 4S 225/55 R17 101W","225 55 R17 101W XL WESTLAKE Z-401 4S","https://sellercentral.amazon.it/skucentral?mSku=8859903104696&condition=New"
"8859903104719","B0HC4CZXTX","titolo senza misura leggibile","72.5","55.00","WESTLAKE Z-401 4S 225/55 R19 99V","225 55 R19 99 V WESTLAKE Z-401 4S","https://sellercentral.amazon.it/skucentral?mSku=8859903104719&condition=New"
"8859903104733","B0HC4R8LH1","titolo senza misura leggibile","69.2","52.00","WESTLAKE Z-401 4S 225/65 R17 106H","225 65 R17 106H XL WESTLAKE Z-401 4S","https://sellercentral.amazon.it/skucentral?mSku=8859903104733&condition=New"
"8859903104771","B0HC5BDRPM","titolo senza misura leggibile","64.25","47.50","WESTLAKE Z-401 4S 235/45 R17 97W","235 45 R17 97W XL WESTLAKE Z-401 4S","https://sellercentral.amazon.it/skucentral?mSku=8859903104771&condition=New"
"8859903104788","B0HC4PF7JQ","titolo senza misura leggibile","65.9","49.00","WESTLAKE Z-401 4S 235/45 R18 98W","235 45 R18 98W XL WESTLAKE Z-401 4S","https://sellercentral.amazon.it/skucentral?mSku=8859903104788&condition=New"
"8859903104825","B0HC53TVPX","titolo senza misura leggibile","70.3","53.00","WESTLAKE Z-401 4S 235/55 R17 103W","235 55 R17 103W XL WESTLAKE Z-401 4S","https://sellercentral.amazon.it/skucentral?mSku=8859903104825&condition=New"
"8859903104832","B0HC7D49TB","titolo senza misura leggibile","71.95","54.50","WESTLAKE Z-401 4S 235/55 R18 100V","235 55 R18 100 V WESTLAKE Z-401 4S","https://sellercentral.amazon.it/skucentral?mSku=8859903104832&condition=New"
"8859903104849","B0HC55CQKJ","titolo senza misura leggibile","73.6","56.00","WESTLAKE Z-401 4S 235/55 R19 105W","235 55 R19 105W XL WESTLAKE Z-401","https://sellercentral.amazon.it/skucentral?mSku=8859903104849&condition=New"
"8859903104870","B0HC84CVN8","titolo senza misura leggibile","72.5","55.00","WESTLAKE Z-401 4S 235/60 R18 107V","235 60 R18 107V XL WESTLAKE Z-401","https://sellercentral.amazon.it/skucentral?mSku=8859903104870&condition=New"
"8859903104894","B0HC48MV49","titolo senza misura leggibile","69.2","52.00","WESTLAKE Z-401 4S 245/40 R19 98W","245 40 R19 98W XL WESTLAKE Z-401 4S","https://sellercentral.amazon.it/skucentral?mSku=8859903104894&condition=New"
"8859903104900","B0HC4QXV1P","titolo senza misura leggibile","66.45","49.50","WESTLAKE Z-401 4S 245/45 R17 99W","245 45 R17 99W XL WESTLAKE Z-401 4S","https://sellercentral.amazon.it/skucentral?mSku=8859903104900&condition=New"
"8859903104924","B0HC7L3GRG","titolo senza misura leggibile","70.3","53.00","WESTLAKE Z-401 4S 245/45 R19 102W","245 45 R19 102W XL WESTLAKE Z-401 4S","https://sellercentral.amazon.it/skucentral?mSku=8859903104924&condition=New"
"8859903104931","B0HC35XGZ5","titolo senza misura leggibile","68.1","51.00","WESTLAKE Z-401 4S 255/35 R19 96W","255 35 R19 96W WESTLAKE Z-401 4S","https://sellercentral.amazon.it/skucentral?mSku=8859903104931&condition=New"
"8859903104993","B0HC7NNH3J","titolo senza misura leggibile","65.9","49.00","WESTLAKE SW613 4S 185/75 R16 104/102Q","185 75 R16 104/102Q WESTLAKE SW613 4S","https://sellercentral.amazon.it/skucentral?mSku=8859903104993&condition=New"
"8859903105006","B0HC6Q2DQR","titolo senza misura leggibile","65.9","49.00","WESTLAKE SW613 195/60 R16 99/97T","195 60 R16 99/97T WESTLAKE SW613","https://sellercentral.amazon.it/skucentral?mSku=8859903105006&condition=New"
"8859903105013","B0HC5KTR85","titolo senza misura leggibile","68.1","51.00","WESTLAKE SW613 4S 195/65 R16 104/102T","195 65 R16 104/102T WESTLAKE SW613 4S","https://sellercentral.amazon.it/skucentral?mSku=8859903105013&condition=New"
"8859903105037","B0HC4RBJZX","titolo senza misura leggibile","70.3","53.00","WESTLAKE SW613 4S 205/65 R16 107/105T","205 65 R16 107/105T 8PR WESTLAKE SW613 4S","https://sellercentral.amazon.it/skucentral?mSku=8859903105037&condition=New"
"8859903105099","B0HC4V1NZ8","titolo senza misura leggibile","71.4","54.00","WESTLAKE SW613 4S 225/70 R15 112/110R","225 70 R15 112/110R WESTLAKE SW613 4S","https://sellercentral.amazon.it/skucentral?mSku=8859903105099&condition=New"
"8859903105129","B0HC5747YC","titolo senza misura leggibile","68.65","51.50","WESTLAKE SW613 4S 195/75 R16 110/108R","195 75 R16 110/108R 8PR WESTLAKE SW613 4S","https://sellercentral.amazon.it/skucentral?mSku=8859903105129&condition=New"
"3286341328516","B09V5N1ZSD","titolo senza misura leggibile","127.5","105.00","BRIDGESTONE Turanza T005 235/55 R17 103H","Bridgestone TURANZA T005-235/55 R17 103H XL - A/A/71 - pneumatico estivo (per auto e SUV/4X4)","https://sellercentral.amazon.it/skucentral?mSku=3286341328516&condition=New"
"3286341411614","B08R17MJWP","titolo senza misura leggibile","144.55","120.50","BRIDGESTONE Turanza T005 MO Extended 235/55 R18 104T","Bridgestone TURANZA T005-235/55 R18 104T XL MOEXTENDED - A/B/68 - pneumatico estivo (per auto e SUV/4X4)","https://sellercentral.amazon.it/skucentral?mSku=3286341411614&condition=New"
"4024068004905","B09J9K7LZB","titolo senza misura leggibile","95.6","76.00","UNIROYAL RainExpert 5 205/65 R15 94V","Gomme Uniroyal Rainexpert 5 205 65 R15 94V TL Estivi per Auto","https://sellercentral.amazon.it/skucentral?mSku=4024068004905&condition=New"
"6975313252436","B0DKTX2XK3","titolo senza misura leggibile","63.7","47.00","KINGBOSS G866 255/35 R19 96W","Sommerreifen 255 35 R19 96W XL KINGBOSS G866","https://sellercentral.amazon.it/skucentral?mSku=6975313252436&condition=New"
"8019227343229","B07NHXDRTH","titolo senza misura leggibile","208.5","175.00","PIRELLI Scorpion Zero All Season (LR) NCS 255/50 R20 109W","Pirelli SCORPION ZERO ALL SEASON (LR) M+S XL","https://sellercentral.amazon.it/skucentral?mSku=8019227343229&condition=New"
"8808563410067","B01COYDGXM","titolo senza misura leggibile","119.25","97.50","HANKOOK K115 Ventus Prime2 225/60 R17 99H","Hankook Ventus Prime2 K115 - 225/60R17 99H - Pneumatico Estivo","https://sellercentral.amazon.it/skucentral?mSku=8808563410067&condition=New"
"8808563479545","B08KSBG335","titolo senza misura leggibile","133","110.00","HANKOOK W330A Winter i*cept evo3 X 225/65 R17 102H","Gomme Hankook Winter i cept evo3 x w330a 225 65 R17 102H TL Invernali per Fuoristrada","https://sellercentral.amazon.it/skucentral?mSku=8808563479545&condition=New"
"8848183006356","B0HC4VF1H4","titolo senza misura leggibile","50.5","35.00","FIREMAX FM601 175/65 R15 84H","175 65 R15 84H FIREMAX FM601","https://sellercentral.amazon.it/skucentral?mSku=8848183006356&condition=New"
"8848183008909","B0HC8467H7","titolo senza misura leggibile","64.25","47.50","FIREMAX FM916 205/65 R16 107/105R","205 65 R16 107/105R 8PR FIREMAX FM916","https://sellercentral.amazon.it/skucentral?mSku=8848183008909&condition=New"
"8859903104276","B0HC56S9VW","titolo senza misura leggibile","54.9","39.00","WESTLAKE Z-401 4S 185/55 R15 82H","185 55 R15 82H WESTLAKE Z-401 4S","https://sellercentral.amazon.it/skucentral?mSku=8859903104276&condition=New"
"8859903104917","B0HC4XPDQ4","titolo senza misura leggibile","68.1","51.00","WESTLAKE Z-401 4S 245/45 R18 100W","245 45 R18 100W XL WESTLAKE Z-401 4S","https://sellercentral.amazon.it/skucentral?mSku=8859903104917&condition=New"
