ean,asin,marca,misura,titolo_amazon
"3188649821594","B00DMCD2NU","DUNLOP","225/55/18","Dunlop SPORT 4D XL 225/55/R18 102 H - Pneumatico All Season - C/C/69"
"3188649821723","B00J3FG2EQ","DUNLOP","235/50/18","Dunlop SPORT MAXX GT MO ROF 235/50/R 18 97 V - Pneumatico Estivo - B/C/69"
"3286340651417","B00FIYOB9O","BRIDGESTONE","265/60/18","B/ridgestone D684II 265/60/R18 110 H - Pneumatico All Season - E/C/72"
"3286340667111","B00J3D490M","BRIDGESTONE","195/50/20","Bridgestone S001 I* XL 195/50/R 20 93 W - Pneumatico Estivo - B/C/72"
"3286340669818","B017FZJ35K","BRIDGESTONE","255/50/20","B/ridgestone LM-80 EVO AO XL 255/50/R20 109 H - Pneumatico All Season - C/E/73"
"3286340676618","B01N4JIGU7","BRIDGESTONE","235/65/18","Bridgestone DUELER H/P SPORT - 235/65 R18 106W AO - C/C/71 - pneumatico estivo (per SUV)"
"3286340740319","B00V8KJ2QY","BRIDGESTONE","235/50/18","B/ridgestone D400 MOE 235/50/R18 97 H - Pneumatico All Season - B//E/70"
"3286340786119","B00W3NXOUU","BRIDGESTONE","185/50/16","Bridgestone T001 185/50/R 16 81 H - Pneumatico Estivo - C/C/69"
"3286340791311","B017CT3I0U","BRIDGESTONE","225/45/17","Bridgestone T001* RFT 225/45/R 17 91 W - Pneumatico Estivo - B/C/70"
"3286340804516","B013COCWHY","BRIDGESTONE","225/40/18","Bridgestone T001 MOE XL 225/40/R 18 92 W - Pneumatico Estivo - B/E/71"
"3286340842914","B01MU6WBLH","BRIDGESTONE","255/50/20","Bridgestone DUELER H/P SPORT - 255/50 R20 109H XL - C/B/72 - pneumatico estivo (per SUV)"
"3286340866811","B01AVQI66W","BRIDGESTONE","265/65/17","B/ridgestone D-693 III 265/65/R17 112 S - Pneumatico All Season - C/C/72"
"3286340866910","B01B7IXD3E","BRIDGESTONE","265/60/18","Bridgestone DUELER H/T 684 II - 60/265/R18 110H - C/E/72 dB - Pneumatico Estivo"
"3286340868112","B01CCMDGBI","BRIDGESTONE","205/60/16","Bridgestone LM-001* RFT 205/60/R 16 92 H - Pneumatico Estivo - B/E/72"
"3286340875110","B077P9PXKH","BRIDGESTONE","275/45/20","Bridgestone Dueler H/P Sport XL - 275/45R20 110Y - Pneumatico Estivo"
"3286340890618","B0FJNHW2ZW","BRIDGESTONE","205/55/16","BRIDGESTONE 205/55 R16 91W TURANZA T005"
"3286340921213","B01H8JV59U","BRIDGESTONE","205/55/16","Bridgestone LM-001* RFT 205/55/R 16 91 H - Pneumatico Estivo - C/E/72"
"3286340925815","B01LBIRQQU","BRIDGESTONE","155/70/19","Bridgestone ECOPIA EP500 - 70/155/R19 84Q - B/B/69 dB - Pneumatico Estivo"
"3286340935517","B07CGCXW1Q","BRIDGESTONE","225/55/18","BRIDGESTONE 225/55 R18 102Y Estivo XL Auto"
"3286340936019","B07WNWZW2L","BRIDGESTONE","215/65/17","Bridgestone Blizzak LM-001 M+S - 215/65R17 99H - Pneumatico Invernale"
"3286340936415","B077L11ND3","BRIDGESTONE","205/55/17","Bridgestone Blizzak LM-001 M+S - 205/55R17 91H - Pneumatico Invernale"
"3286340960212","B079CL6VXZ","BRIDGESTONE","255/35/21","Bridgestone Turanza T 005 XL - 255/35R21 98Y - Pneumatico Estivo"
"3286340977616","B01M2WSCX7","BRIDGESTONE","225/45/19","Bridgestone DUELER H/P SPORT - 225/45 R19 92W - C/B/71 - pneumatico estivo (per SUV)"
"3286340988919","B07HMG9PZ7","BRIDGESTONE","285/45/20","BRIDGESTONE 285/45 R20 108W Estivo Fuoristrada"
"3286340989114","B07HM3M4FR","BRIDGESTONE","285/40/21","Bridgestone Alenza 001 XL - 285/40R21 109Y - Pneumatico Estivo"
"3286340989619","B07CKBDVSC","BRIDGESTONE","215/60/17","BRIDGESTONE 215/60 R17 96H Estivo Fuoristrada"
"3286340998017","B07846W6J1","BRIDGESTONE","195/50/20","BRIDGESTONE 195/50 R20 93T Estivo XL Auto"
"3286341006018","B077L12PLX","BRIDGESTONE","245/40/21","BRIDGESTONE 245/40 R21 100Y Estivo XL Runflat Auto"
"3286341006315","B077L4MTP7","BRIDGESTONE","275/35/21","BRIDGESTONE ALENZA * RFT XL - 275/35/R21 103Y - B/E/72dB - Pneumatici estivi (SUV e 4X4)"
"3286341042610","B0851TXNX1","BRIDGESTONE","235/50/19","BRIDGESTONE 235/50 R19 ALENZA1(AO) TL 99V SUMMER CA71 Cod:66977"
"3286341042719","B07PN5TVPF","BRIDGESTONE","255/50/20","Bridgestone Alenza 001 XL - 255/50R20 109H - Pneumatico Estivo"
"3286341087314","B079Y3GTKX","BRIDGESTONE","195/60/15","BRIDGESTONE 195/60 R15 88V Estivo Auto"
"3286341115017","B08M3V5HYX","BRIDGESTONE","215/60/17","Bridgestone DUELER H/P SPORT - 215/60 R17 96H - C/B/71 - pneumatico estivo (per SUV)"
"3286341116717","B07MDGYXD7","BRIDGESTONE","205/55/17","BRIDGESTONE 205/55 R17 95W TURANZA T001 XL"
"3286341118018","B07PN64YVG","BRIDGESTONE","275/50/20","Bridgestone 61659 Pneumatico 275/50 R20 113W Alenza 001 Moextended, Rft Mercedes"
"3286341284812","B07XCXH19V","BRIDGESTONE","235/55/18","Bridgestone 61664 Pneumatico 235/55 R18 100Y Turanza T005 Mo, Mercedes"
"3286341301618","B086Q6DZWY","BRIDGESTONE","225/45/17","Bridgestone 77789 Pneumatico 225/45 R17 91Y Turanza T005"
"3286341319118","B08G4PYDJ1","BRIDGESTONE","215/45/20","BRIDGESTONE 215/45 R20 95T TURANZA ECO XL SEAL"
"3286341325317","B07KK15GYT","BRIDGESTONE","285/40/21","Bridgestone DUELER H/P SPORT - 285/40 ZR21 (109Y) XL N-0 - C/A/75 - pneumatico estivo (per SUV)"
"3286341337013","B07CMDJHL4","BRIDGESTONE","185/65/15","BRIDGESTONE 185/65 R15 92T Estivo XL Auto"
"3286341357219","B07KJHY66G","BRIDGESTONE","235/55/18","BRIDGESTONE 235/55 R18 LM-001(AO)(M+S) TL 100H WINTER"
"3286341364910","B07XLKD5J8","BRIDGESTONE","255/40/18","Bridgestone 77715 Pneumatico 255/40 R18 99Y Turanza T005 Xl, Bmw"
"3286341368314","B07Q57ZVJF","BRIDGESTONE","305/40/20","BRIDGESTONE 305/40 R20 112Y ALENZA 001 XL RFT*(BMW)"
"3286341375015","B0851V96DG","BRIDGESTONE","235/35/19","BRIDGESTONE 235/35 R19 91Y POTENZA S005 XL AO (AUDI)"
"3286341377613","B089RMD26S","BRIDGESTONE","205/50/19","BRIDGESTONE 205/50 R19 94H TURANZA ECO XL"
"3286341388411","B0851V2Q65","BRIDGESTONE","235/55/19","Bridgestone DUELER H/P SPORT - 235/55 R19 101V MO - B/A/70 - pneumatico estivo (per SUV)"
"3286341388510","B0851V6SX8","BRIDGESTONE","235/60/18","Bridgestone DUELER H/P SPORT - 235/60 R18 103V MO - A/B/70 - pneumatico estivo (per SUV)"
"3286341392012","B07NTG56WL","BRIDGESTONE","225/55/17","BRIDGESTONE 225/55 R17 97W Estivo Runflat Auto"
"3286341395815","B0851VD24R","BRIDGESTONE","215/55/18","BRIDGESTONE 215/55 R18 95T Estivo Auto"
"3286341396416","B0851TYKJX","BRIDGESTONE","255/45/19","BRIDGESTONE 255/45 R19 T005 TL 100V SUMMER BA72 Cod:66982"
"3286341406917","B08R14SCSB","BRIDGESTONE","235/60/18","BRIDGESTONE 235/60 R18 TURANZA ECO SLT AO 103T SUMMER AA72"
"3286341408317","B09V7PHM2L","BRIDGESTONE","235/60/20","235/60Hr20Bridgestone Tl Alenza 001 Xl108H E"
"3286341411317","B08R15CG5Z","BRIDGESTONE","235/55/19","BRIDGESTONE 235/55 R19 101T TURANZA ECO"
"3286341414813","B086Q642P6","BRIDGESTONE","245/40/18","bridgestone ECO 245/40R18 93H"
"3286341415810","B07XLK11JF","BRIDGESTONE","225/50/18","Bridgestone 61718 Pneumatico 225/50 R18 99W Turanza T005 Xl, Bmw"
"3286341417814","B07S2S9Y2G","BRIDGESTONE","235/55/18","BRIDGESTONE 235/55 R18 100W Estivo Runflat Auto"
"3286341661019","B08MJ81FF6","BRIDGESTONE","225/45/18","BRIDGESTONE 225/45 R18 91V Estivo Auto"
"3286341671117","B07TVK46NP","BRIDGESTONE","205/60/16","Bridgestone BLIZZAK LM005 DRIVEGUARD - 205/60 R16 96H XL - D/A/71 - pneumatico invernale con tecnologia DriveGuard Run-Flat (per auto e SUV/4x4)"
"3286341766615","B0DXVGNZFW","BRIDGESTONE","235/55/20","Bridgestone POTENZA SPORT - 235/55 R20 105Y XL - B/B/71 - Pneumatici estivi (per auto e SUV/4x4)"
"3286341830316","B086Q6D6HV","BRIDGESTONE","255/30/20","BRIDGESTONE 255/30 R20 92Y Estivo XL Runflat Auto"
"3286341836615","B096B6ST9B","BRIDGESTONE","255/50/19","BSTONE 255/50R19 103T TURA ECO ENLITEN C+AO 72AB"
"3286341838817","B08R13NKCS","BRIDGESTONE","235/55/19","235/55Yr19Bridgestone Tl T005 B-Silent Mo-S Xl104Y E"
"3286341858112","B086Q5SJFQ","BRIDGESTONE","255/50/19","Bridgestone BRIDGESTONE Weather Control A005 255/50 19 103T"
"3286341879919","B08R15R36J","BRIDGESTONE","235/55/18","BRIDGESTONE 235/55 R18 T005 AO 100V SUMMER"
"3286341880618","B07ZG5MXPR","BRIDGESTONE","225/40/18","Bridgestone 77808 Pneumatico 225/40 R18 92Y Potenza S001 Xl Mo, Mercedes"
"3286341881615","B0BD12BY7Q","BRIDGESTONE","245/40/18","BRIDGESTONE 245/40 R18 97Y Estivo XL Auto"
"3286341882919","B0BR8YT4Y9","BRIDGESTONE","235/55/18","GOMME PNEUMATICI TURANZA T005 235/55 R18 100V BRIDGESTONE"
"3286341883619","B0851V4V7J","BRIDGESTONE","275/40/20","Bridgestone 77860 Pneumatico 275/40 R20 106W Alenza 001 Xl, Bmw"
"3286341938913","B08D3FN4HS","BRIDGESTONE","195/60/15","Bridgestone 77922 Pneumatico 195/60 R15 92V Weather Control A005 Evo Xl Tutte Le Stagioni"
"3286341939118","B08CZ8N2S5","BRIDGESTONE","195/65/15","BRIDGESTONE 195/65 R15 91H 4 Stagioni Auto"
"3286341939316","B08CZ3K3VR","BRIDGESTONE","195/65/15","Bridgestone WEATHER CONTROL A005 EVO - 195/65 R15 95V XL - C/A/71 - pneumatico quattro stagioni (per auto e SUV/4x4)"
"3286341974515","B0851VGPK2","BRIDGESTONE","245/50/19","BRIDGESTONE 245/50 R19 105W ALENZA 001 XL *(BMW)"
"3286342035413","B0CBL2FCM5","BRIDGESTONE","265/70/16","BRIDGESTONE 265/70 R16 112T Estivo Fuoristrada"
"3286342035819","B0CT8ZFSZJ","BRIDGESTONE","225/60/17","BRIDGESTONE 225/60HR17 103H XL DUELER A/T 002,"
"3286342036014","B0CG9K932M","BRIDGESTONE","225/65/17","BRIDGESTONE 225/65 R17 102H Estivo Fuoristrada"
"3286342036113","B0CD7XVGW2","BRIDGESTONE","235/65/17","BRIDGESTONE 235/65 R17 108H Estivo XL Fuoristrada"
"3286342037011","B0C7LMZJZ7","BRIDGESTONE","235/55/18","235/55HR18 BRIDGESTONE TL Dueler A/T 2 Xl 104H"
"3286342044217","B0FV4NN4WK","BRIDGESTONE","215/70/16","BRIDGESTONE 215/70 R16 104H BLIZZAK 6"
"3286342044910","B0DGLFS2VB","BRIDGESTONE","215/65/17","Bridgestone BLIZZAK 6 ENLITEN - 215/65 R17 103V XL - B/B/70 - Pneumatici invernali (vettura e SUV)"
"3286342046914","B0FTFQ67CT","BRIDGESTONE","255/60/18","BRIDGESTONE 255/60 R18 112V BLIZZAK 6"
"3286342047317","B0DGLHJF2P","BRIDGESTONE","235/55/19","Bridgestone BLIZZAK 6 ENLITEN - 235/55 R19 105W XL - B/B/70 - Pneumatici invernali (vettura e SUV)"
"3286342048215","B0DGLF6JXL","BRIDGESTONE","255/45/20","Bridgestone BLIZZAK 6 ENLITEN - 255/45 R20 105W XL - B/B/72 - Pneumatici invernali (vettura e SUV)"
"3286342048819","B0DHGTGNFY","BRIDGESTONE","275/45/20","Bridgestone BLIZZAK 6 ENLITEN - 275/45 R20 110W XL - B/B/72 - Pneumatici invernali (vettura e SUV)"
"3286342049311","B0DGLFGV2D","BRIDGESTONE","255/40/21","Bridgestone BLIZZAK 6 ENLITEN - 255/40 R21 102W XL - B/B/72 - Pneumatici invernali (vettura e SUV)"
"3286342049816","B0FK4Z2D4Y","BRIDGESTONE","295/35/21","BRIDGESTONE 107W XL Blizzak 295/35 R21 107W Pneumatico Invernale Auto"
"3286342052113","B0D5HXPTD4","BRIDGESTONE","235/60/16","Bridgestone TURANZA 6 ENLITEN - 235/60 R16 104H XL - A/B/70 - Pneumatici estivi (per auto e SUV/4x4)"
"3286342053011","B0BTHHCG6G","BRIDGESTONE","225/60/17","Bridgestone TURANZA 6 ENLITEN - 225/60 R17 99V - A/B/69 - Pneumatici estivi (per auto e SUV/4x4)"
"3286342053516","B0BTHJCNZN","BRIDGESTONE","235/55/17","Bridgestone TURANZA 6 ENLITEN - 235/55 R17 103Y XL - A/B/70 - Pneumatici estivi (per auto e SUV/4x4)"
"3286342054216","B0BTHJ5SFS","BRIDGESTONE","265/65/17","Bridgestone TURANZA 6 ENLITEN - 265/65 R17 112H - A/B/70 - Pneumatici estivi (per auto e SUV/4x4)"
"3286342055510","B0BTHHKFCS","BRIDGESTONE","255/60/18","Bridgestone TURANZA 6 ENLITEN - 255/60 R18 112V XL - A/A/71 - Pneumatici estivi (per auto e SUV/4x4)"
"3286342056111","B0BTHJTVLH","BRIDGESTONE","235/55/19","Bridgestone TURANZA 6 ENLITEN - 235/55 R19 105W XL - A/A/70 - Pneumatici estivi (per auto e SUV/4x4)"
"3286342056616","B0BTHJTN3P","BRIDGESTONE","265/50/19","Bridgestone TURANZA 6 ENLITEN - 265/50 R19 110Y XL - A/B/71 - Pneumatici estivi (per auto e SUV/4x4)"
"3286342058511","B0BQ7KQD9K","BRIDGESTONE","255/40/21","Bridgestone TURANZA 6 ENLITEN - 255/40 R21 102Y XL - A/B/71 - Pneumatici estivi (per auto e SUV/4x4)"
"3286342058610","B0BQ7K2N4D","BRIDGESTONE","275/45/21","Bridgestone TURANZA 6 ENLITEN - 275/45 R21 110Y XL - A/B/71 - Pneumatici estivi (per auto e SUV/4x4)"
"3286342068510","B08Y1RWBK9","BRIDGESTONE","235/55/19","Bridgestone POTENZA SPORT - 235/55 R19 105Y XL - C/A/72 - pneumatico estivo (per auto e SUV/4x4)"
"3286342080116","B0F6M2JHF6","BRIDGESTONE","235/65/16","BRIDGESTONE 235/65 R16 115R 4 Stagioni LCamion"
"3286342091518","B0F44DDXL1","BRIDGESTONE","225/70/15","BRIDGESTONE 225/70 R15 112/110R Invernale LCamion"
"3286342091815","B0F33TTJ6B","BRIDGESTONE","195/75/16","BRIDGESTONE 195/75 R16 107/105R Invernale LCamion"
"3286342092218","B0F348PT41","BRIDGESTONE","205/65/16","BRIDGESTONE 205/65 R16 107/105T Invernale LCamion"
"3286342092614","B0F44GTY9Q","BRIDGESTONE","215/75/16","BRIDGESTONE 215/75 R16 116/114R Invernale LCamion"
"3286342093116","B0F44B39BK","BRIDGESTONE","235/65/16","BRIDGESTONE 235/65 R16 115/113R Invernale LCamion"
"3286342093215","B0F44F81WT","BRIDGESTONE","235/65/16","BRIDGESTONE 235/65 R16 121/119R Invernale LCamion"
"3286342117515","B0FHQPJVLX","BRIDGESTONE","195/50/16","Bridgestone BLIZZAK 6 ENLITEN - 195/50 R16 88H XL - B/70 - Pneumatici invernali (PKW & SUV)"
"3286342117614","B0FK51GT5P","BRIDGESTONE","195/55/16","BRIDGESTONE 195/55 R16 91H BLIZZAK 6"
"3286342118314","B0G2S399M5","BRIDGESTONE","205/55/16","BRIDGESTONE 205/55 HR16 TL 94H BR BLIZZAK 6 XL"
"3286342118413","B0F33ZSF39","BRIDGESTONE","205/60/16","BRIDGESTONE 205/60 R16 96H BLIZZAK 6"
"3286342118710","B0FV4HKCBX","BRIDGESTONE","215/55/16","BRIDGESTONE 215/55 R16 97H Invernale XL Auto"
"3286342118918","B0FK5182G4","BRIDGESTONE","215/60/16","BRIDGESTONE 215/60 R16 99H BLIZZAK 6"
"3286342119311","B0DGLDXNRY","BRIDGESTONE","205/55/17","Bridgestone BLIZZAK 6 ENLITEN - 205/55 R17 95V XL - B/B/70 - Pneumatici invernali (vettura e SUV)"
"3286342119410","B0F44DY987","BRIDGESTONE","205/60/17","Bridgestone BLIZZAK 6 ENLITEN - 205/60 R17 93V - B/B/70 - Pneumatici invernali (PKW & SUV)"
"3286342120119","B0G2RZ9PMC","BRIDGESTONE","225/50/17","BRIDGESTONE 225/50 VR17 TL 98V BR BLIZZAK 6 XL"
"3286342120812","B0DX232Z9M","BRIDGESTONE","235/50/17","Bridgestone BLIZZAK 6 ENLITEN - 235/50 R17 100V XL - B/B/70 - Pneumatici invernali (vettura e SUV)"
"3286342121017","B0DGLFJBW6","BRIDGESTONE","235/55/17","Bridgestone BLIZZAK 6 ENLITEN - 235/55 R17 103V XL - B/B/70 - Pneumatici invernali (vettura e SUV)"
"3286342121512","B0D6RRXBDF","BRIDGESTONE","215/55/18","Bridgestone BLIZZAK 6 ENLITEN - 215/55 R18 99V XL - B/B/70 - Pneumatici invernali (vettura e SUV)"
"3286342121611","B0G2S1FFPX","BRIDGESTONE","225/40/18","BRIDGESTONE 225/40 VR18 TL 92V BR BLIZZAK 6 XL"
"3286342121819","B0DGLD1LWY","BRIDGESTONE","225/50/18","Bridgestone BLIZZAK 6 ENLITEN - 225/50 R18 99V XL - B/C/70 - Pneumatici invernali (vettura e SUV)"
"3286342122311","B0FHQRXPYZ","BRIDGESTONE","245/40/18","BRIDGESTONE 245/40 R18 97W Invernale XL Auto"
"3286342122410","B0FHQR2N1V","BRIDGESTONE","245/40/18","Bridgestone BLIZZAK 6 ENLITEN - 245/40 R18 97V XL - B/72 - Pneumatici invernali (PKW & SUV)"
"3286342123219","B0DGLDBS8G","BRIDGESTONE","225/45/19","Bridgestone BLIZZAK 6 ENLITEN - 225/45 R19 96W XL - B/C/70 - Pneumatici invernali (vettura e SUV)"
"3286342123615","B0DGLFTLTT","BRIDGESTONE","245/35/19","Bridgestone BLIZZAK 6 ENLITEN - 245/35 R19 93W XL - B/C/72 - Pneumatici invernali (vettura e SUV)"
"3286342123813","B0DGLG3NZL","BRIDGESTONE","245/45/19","Bridgestone BLIZZAK 6 ENLITEN - 245/45 R19 102W XL - B/C/72 - Pneumatici invernali (vettura e SUV)"
"3286342124414","B0FHQPRRN5","BRIDGESTONE","245/35/20","Bridgestone BLIZZAK 6 ENLITEN - 245/35 R20 95W XL - B/72 - Pneumatici invernali (PKW & SUV)"
"3286342124810","B0DGLHG92D","BRIDGESTONE","255/35/21","Bridgestone BLIZZAK 6 ENLITEN - 255/35 R21 98W XL - B/C/72 - Pneumatici invernali (vettura e SUV)"
"3286342130910","B0BQ7HHP8X","BRIDGESTONE","215/45/17","Bridgestone TURANZA 6 ENLITEN - 215/45 R17 87W - A/B/69 - Pneumatici estivi (per auto e SUV/4x4)"
"3286342153711","B08Y5NT92C","BRIDGESTONE","275/30/19","Bridgestone POTENZA SPORT - 275/30 R19 96Y XL - D/A/73 - pneumatico estivo (per auto e SUV/4x4)"
"3286342156118","B096B7VQ6R","BRIDGESTONE","275/30/20","Bridgestone Pneumatico 275/30 Zr20 97Y, Potenza Sport Xl"
"3286342175614","B0BWBPZLR8","BRIDGESTONE","255/40/20","BRIDGESTONE 255/40 R20 104Y Estivo XL Auto"
"3286342175713","B0BXVLS5C9","BRIDGESTONE","255/35/21","BRIDGESTONE 255/35 R21 101Y TURANZA T005 XL SILENT"
"3286342199115","B0C2LRQBY4","BRIDGESTONE","245/35/20","Bridgestone POTENZA SPORT - 245/35 ZRF20 91Y - B/B/70 - Pneumatici estivi (per auto e SUV/4x4)"
"3286342227511","B0D5HWR9B5","BRIDGESTONE","195/50/16","Bridgestone TURANZA 6 ENLITEN - 195/50 R16 88V XL - A/B/70 - Pneumatici estivi (per auto e SUV/4x4)"
"3286342227610","B0D4LZF5ZD","BRIDGESTONE","195/55/16","Bridgestone TURANZA 6 ENLITEN - 195/55 R16 87V - A/B/69 - Pneumatici estivi (per auto e SUV/4x4)"
"3286342227917","B0D3RVDMDP","BRIDGESTONE","205/60/16","Bridgestone TURANZA 6 ENLITEN - 205/60 R16 96V XL - A/B/70 - Pneumatici estivi (per auto e SUV/4x4)"
"3286342228310","B0D3RWNWCF","BRIDGESTONE","205/55/16","BRIDGESTONE 205/55 R16 91V Estivo Auto"
"3286342229812","B0D4M2CDFL","BRIDGESTONE","205/55/16","Bridgestone TURANZA 6 ENLITEN - 205/55 R16 94V XL - A/B/69 - Pneumatici estivi (per auto e SUV/4x4)"
"3286342230115","B0D4LZPHVG","BRIDGESTONE","205/55/16","Bridgestone TURANZA 6 ENLITEN - 205/55 R16 91H - A/B/69 - Pneumatici estivi (per auto e SUV/4x4)"
"3286342232515","B0D4M1V5HD","BRIDGESTONE","215/55/16","Bridgestone TURANZA 6 ENLITEN - 215/55 R16 93V - A/B/69 - Pneumatici estivi (per auto e SUV/4x4)"
"3286342235110","B0BQ7FRJL6","BRIDGESTONE","205/55/17","Bridgestone TURANZA 6 ENLITEN - 205/55 R17 95V XL - A/B/70 - Pneumatici estivi (per auto e SUV/4x4)"
"3286342237718","B0BQ7GSX7T","BRIDGESTONE","225/40/18","Bridgestone TURANZA 6 ENLITEN - 225/40 R18 92Y XL - A/B/70 - Pneumatici estivi (per auto e SUV/4x4)"
"3286342237817","B0BQ7H92NY","BRIDGESTONE","235/50/18","Bridgestone TURANZA 6 ENLITEN - 235/50 R18 97V - A/B/69 - Pneumatici estivi (per auto e SUV/4x4)"
"3286342237916","B0BQ7J2DWN","BRIDGESTONE","235/40/18","Bridgestone TURANZA 6 ENLITEN - 235/40 R18 95Y XL - A/B/70 - Pneumatici estivi (per auto e SUV/4x4)"
"3286342238814","B0BQ7JK6ZH","BRIDGESTONE","265/35/18","Bridgestone TURANZA 6 ENLITEN - 265/35 R18 97Y XL - A/B/71 - Pneumatici estivi (per auto e SUV/4x4)"
"3286342240015","B0BQ7HS77M","BRIDGESTONE","255/35/20","Bridgestone TURANZA 6 ENLITEN - 255/35 R20 97Y XL - A/B/71 - Pneumatici estivi (per auto e SUV/4x4)"
"3286342247311","B08Y1TQCTT","BRIDGESTONE","225/50/17","Bridgestone POTENZA SPORT - 225/50 R17 98Y XL - C/A/72 - pneumatico estivo (per auto e SUV/4x4)"
"3286342271712","B0D73PR3CJ","BRIDGESTONE","255/50/20","BRIDGESTONE 255/50 R20 109W Estivo XL Fuoristrada"
"3286342271811","B0D73M1KR5","BRIDGESTONE","285/45/20","BRIDGESTONE 285/45 R20 112W Estivo XL Fuoristrada"
"3286342274218","B0C5B3Q65X","BRIDGESTONE","205/75/16","BRIDGESTONE 205/75 R16 113/111R Estivo LCamion"
"3286342274614","B0F44KL4RV","BRIDGESTONE","235/50/20","BRIDGESTONE 235/50 R20 104T Estivo XL Runflat Auto"
"3286342274713","B0F44KSK4J","BRIDGESTONE","265/45/20","265/45TR20 BRIDGESTONE TL TURANZA 6 + B-SEAL Enl XL 108T"
"3286342279213","B0CT8Z9D1C","BRIDGESTONE","245/40/20","BRIDGESTONE 245/40YR20 99Y XL TURANZA 6 (MO)(*)"
"3286342279510","B0DXVC68FH","BRIDGESTONE","275/30/21","Bridgestone TURANZA 6 ENLITEN - 275/30 R21 98Y XL - B/A/69 - Pneumatici estivi (per auto e SUV/4x4)"
"3286342295916","B0F6LY4WYX","BRIDGESTONE","235/65/16","BRIDGESTONE 235/65 R16 121/119R 4 Stagioni LCamion"
"3286342296210","B0F33SP7QN","BRIDGESTONE","215/75/16","BRIDGESTONE 215/75 R16 116/114R 4 Stagioni LCamion"
"3286342311418","B08ZHWFG5Y","BRIDGESTONE","265/30/19","Bridgestone POTENZA SPORT - 265/30 R19 93Y XL - A/A/69 - Pneumatici estivi (per auto e SUV/4x4)"
"3286342311616","B08ZHJG1WL","BRIDGESTONE","245/35/19","Bridgestone POTENZA SPORT - 245/35 R19 93Y XL - A/B/70 - Pneumatici estivi (per auto e SUV/4x4)"
"3286342313610","B0CDBVCT8W","BRIDGESTONE","255/40/20","BRIDGESTONE 255/40 R20 101T Estivo XL Runflat Auto"
"3286342313818","B0DXVD47VL","BRIDGESTONE","255/40/20","Bridgestone POTENZA SPORT - 255/40 R20 101T XL - A/B/72 - Pneumatici estivi (per auto e SUV/4x4)"
"3286342313917","B0D73NVT7F","BRIDGESTONE","235/45/20","Bridgestone POTENZA SPORT - 235/45 R20 100T XL - A/B/70 - Pneumatici estivi (per auto e SUV/4x4)"
"3286342314112","B0CDBWS33R","BRIDGESTONE","235/45/20","BRIDGESTONE 235/45 R20 100T Estivo XL Runflat Auto"
"3286342315713","B0BHHDDK1R","BRIDGESTONE","285/35/20","GOMME PNEUMATICI TURANZA T005 (MOE-S) XL 285/35 R20 104Y BRIDGESTONE"
"3286342344010","B0BHHCJ5MP","BRIDGESTONE","255/40/20","255/40YR20 BRIDGESTONE TL T005 B-Silent Mo-S Xl 101Y"
"3286342344911","B0H8LTG2LZ","BRIDGESTONE","255/45/20","BRIDGESTONE 255/45 105W BR POTENZA SPORT XL MGT 255/45 R20 105W Pneumatico Estivo Auto"
"3286342354811","B08Z1ZNPQB","BRIDGESTONE","275/40/20","BRIDGESTONE 275/40 R20 106W Estivo XL Fuoristrada"
"3286342384412","B0FHQLZDGB","BRIDGESTONE","275/35/19","Bridgestone BLIZZAK 6 ENLITEN - Pneumatici invernali per auto e SUV, 275/35 R19 100W XL, B/B/72"
"3286342388519","B0DHYCCWDM","BRIDGESTONE","225/45/17","BRIDGESTONE 225/45 R17 94W 4 Stagioni XL Runflat Auto"
"3286342388618","B0DHY8XH5J","BRIDGESTONE","225/50/17","BRIDGESTONE 225/50 R17 98V 4 Stagioni XL Runflat Auto"
"3286342390314","B0CF64L2HK","BRIDGESTONE","205/60/16","Bridgestone TURANZA ALL SEASON 6 ENLITEN - 205/60 R16 96V XL - B/C/70 - Pneumatici Quattro stagioni (per auto e SUV)"
"3286342390413","B0CNXXR634","BRIDGESTONE","215/45/16","Bridgestone TURANZA ALL SEASON 6 ENLITEN - 215/45 R16 90V XL - B/C/70 - Pneumatici Quattro stagioni (per auto e SUV)"
"3286342390512","B0CNXZQ8ZW","BRIDGESTONE","215/55/16","Bridgestone TURANZA ALL SEASON 6 ENLITEN - 215/55 R16 97V XL - B/C/70 - Pneumatici Quattro stagioni (per auto e SUV)"
"3286342390918","B0CNXYWYWS","BRIDGESTONE","225/55/16","Bridgestone TURANZA ALL SEASON 6 ENLITEN - 225/55 R16 99W XL - B/B/70 - Pneumatici Quattro stagioni (per auto e SUV)"
"3286342391212","B0CL59YTTT","BRIDGESTONE","205/40/17","Bridgestone TURANZA ALL SEASON 6 ENLITEN - 205/40 R17 84W XL - B/C/70 - Pneumatici Quattro stagioni (per auto e SUV)"
"3286342391410","B0CN72MQMM","BRIDGESTONE","205/50/17","Bridgestone TURANZA ALL SEASON 6 ENLITEN - 205/50 R17 93V XL - B/C/70 - Pneumatici Quattro stagioni (per auto e SUV)"
"3286342392011","B0CL5KJRVR","BRIDGESTONE","215/55/17","Bridgestone TURANZA ALL SEASON 6 ENLITEN - 215/55 R17 98W XL - B/C/70 - Pneumatici Quattro stagioni (per auto e SUV)"
"3286342392110","B0CN6Z5DNB","BRIDGESTONE","215/60/17","Bridgestone TURANZA ALL SEASON 6 ENLITEN - 215/60 R17 100V XL - B/C/70 - Pneumatici Quattro stagioni (per auto e SUV)"
"3286342392219","B0CN6ZW7XR","BRIDGESTONE","215/65/17","Bridgestone TURANZA ALL SEASON 6 ENLITEN - 215/65 R17 103V XL - B/B/70 - Pneumatici Quattro stagioni (per auto e SUV)"
"3286342392318","B0CHQ6XYKT","BRIDGESTONE","225/45/17","Bridgestone TURANZA ALL SEASON 6 ENLITEN - 225/45 R17 94V XL - B/C/70 - Pneumatici Quattro stagioni (per auto e SUV)"
"3286342392417","B0CGRYTMXD","BRIDGESTONE","225/45/17","Bridgestone TURANZA ALL SEASON 6 ENLITEN - 225/45 R17 94W XL - B/C/70 - Pneumatici Quattro stagioni (per auto e SUV)"
"3286342392615","B0CN6YRJ8M","BRIDGESTONE","225/55/17","Bridgestone TURANZA ALL SEASON 6 ENLITEN - 225/55 R17 101W XL - B/C/72 - Pneumatici Quattro stagioni (per auto e SUV)"
"3286342392714","B0CN715S9Y","BRIDGESTONE","225/60/17","Bridgestone TURANZA ALL SEASON 6 ENLITEN - 225/60 R17 103V XL - B/C/70 - Pneumatici Quattro stagioni (per auto e SUV)"
"3286342393315","B0CGY85HB6","BRIDGESTONE","215/50/18","Bridgestone TURANZA ALL SEASON 6 ENLITEN - 215/50 R18 92W - B/C/70 - Pneumatici Quattro stagioni (per auto e SUV)"
"3286342393414","B0CHQ7C5PF","BRIDGESTONE","215/55/18","Bridgestone TURANZA ALL SEASON 6 ENLITEN - 215/55 R18 99V XL - B/B/70 - Pneumatici Quattro stagioni (per auto e SUV)"
"3286342393711","B0CN71782S","BRIDGESTONE","225/50/18","Bridgestone TURANZA ALL SEASON 6 ENLITEN - 225/50 R18 99W XL - B/C/70 - Pneumatici Quattro stagioni (per auto e SUV)"
"3286342393810","B0CLD3BDRQ","BRIDGESTONE","225/55/18","Bridgestone TURANZA ALL SEASON 6 ENLITEN - 225/55 R18 102V XL - B/B/70 - Pneumatici Quattro stagioni (per auto e SUV)"
"3286342394015","B0CL5FWLH3","BRIDGESTONE","235/40/18","Bridgestone TURANZA ALL SEASON 6 ENLITEN - 235/40 R18 95W XL - B/C/70 - Pneumatici Quattro stagioni (per auto e SUV)"
"3286342394114","B0CNXYZWF9","BRIDGESTONE","235/45/18","Bridgestone TURANZA ALL SEASON 6 ENLITEN - 235/45 R18 98Y XL - B/B/70 - Pneumatici Quattro stagioni (per auto e SUV)"
"3286342394213","B0CNXYTH62","BRIDGESTONE","235/50/18","Bridgestone TURANZA ALL SEASON 6 ENLITEN - 235/50 R18 101V XL - B/B/70 - Pneumatici Quattro stagioni (per auto e SUV)"
"3286342394312","B0CGLZFQH5","BRIDGESTONE","235/55/18","Bridgestone TURANZA ALL SEASON 6 ENLITEN - 235/55 R18 104V XL - B/B/70 - Pneumatici Quattro stagioni (per auto e SUV)"
"3286342394411","B0CL6B3H1K","BRIDGESTONE","235/60/18","Bridgestone TURANZA ALL SEASON 6 ENLITEN - 235/60 R18 107V XL - B/C/70 - Pneumatici Quattro stagioni (per auto e SUV)"
"3286342394619","B0CNY1S8PF","BRIDGESTONE","245/40/18","Bridgestone TURANZA ALL SEASON 6 ENLITEN - 245/40 R18 97Y XL - B/B/71 - Pneumatici Quattro stagioni (per auto e SUV)"
"3286342394718","B0CNXZ7GR1","BRIDGESTONE","245/45/18","Bridgestone TURANZA ALL SEASON 6 ENLITEN - 245/45 R18 100Y XL - B/B/70 - Pneumatici Quattro stagioni (per auto e SUV)"
"3286342394817","B0CNXYWC3M","BRIDGESTONE","245/50/18","Bridgestone TURANZA ALL SEASON 6 ENLITEN - 245/50 R18 100V - B/B/70 - Pneumatici Quattro stagioni (per auto e SUV)"
"3286342394916","B0DP3BFVQG","BRIDGESTONE","255/35/18","Bridgestone TURANZA ALL SEASON 6 ENLITEN - 255/35 R18 94Y XL - B/B/71 - Pneumatici Quattro stagioni (per auto e SUV)"
"3286342395012","B0CNY195TM","BRIDGESTONE","255/45/18","Bridgestone TURANZA ALL SEASON 6 ENLITEN - 255/45 R18 103Y XL - B/B/71 - Pneumatici Quattro stagioni (per auto e SUV)"
"3286342395111","B0CNY1YW5N","BRIDGESTONE","255/55/18","Bridgestone TURANZA ALL SEASON 6 ENLITEN - 255/55 R18 109V XL - B/C/71 - Pneumatici Quattro stagioni (per auto e SUV)"
"3286342395210","B0CNXYQ3QV","BRIDGESTONE","255/60/18","Bridgestone TURANZA ALL SEASON 6 ENLITEN - 255/60 R18 112V XL - B/B/71 - Pneumatici Quattro stagioni (per auto e SUV)"
"3286342395319","B0CNXZZFGV","BRIDGESTONE","225/40/19","Bridgestone TURANZA ALL SEASON 6 ENLITEN - 225/40 R19 93Y XL - B/B/70 - Pneumatici Quattro stagioni (per auto e SUV)"
"3286342395418","B0CNXY83PC","BRIDGESTONE","225/45/19","Bridgestone TURANZA ALL SEASON 6 ENLITEN - 225/45 R19 96W XL - B/B/70 - Pneumatici Quattro stagioni (per auto e SUV)"
"3286342395517","B0CL5K6SD4","BRIDGESTONE","225/55/19","Bridgestone TURANZA ALL SEASON 6 ENLITEN - 225/55 R19 99V - B/C/70 - Pneumatici Quattro stagioni (per auto e SUV)"
"3286342395616","B0CN7393XB","BRIDGESTONE","235/35/19","Bridgestone TURANZA ALL SEASON 6 ENLITEN - 235/35 R19 91Y XL - B/C/70 - Pneumatici Quattro stagioni (per auto e SUV)"
"3286342395715","B0CNY1BRJP","BRIDGESTONE","235/40/19","235/40YR19 BRIDGESTONE TL TURANZA AS 6 Enliten XL (EU) 96Y"
"3286342395814","B0CNY15LGZ","BRIDGESTONE","235/45/19","Bridgestone TURANZA ALL SEASON 6 ENLITEN - 235/45 R19 99W XL - B/B/70 - Pneumatici Quattro stagioni (per auto e SUV)"
"3286342395913","B0CNXZGCYR","BRIDGESTONE","235/50/19","Bridgestone TURANZA ALL SEASON 6 ENLITEN - 235/50 R19 103W XL - B/B/70 - Pneumatici Quattro stagioni (per auto e SUV)"
"3286342396019","B0CLD2QM19","BRIDGESTONE","235/55/19","Bridgestone TURANZA ALL SEASON 6 ENLITEN - 235/55 R19 105W XL - B/C/70 - Pneumatici Quattro stagioni (per auto e SUV)"
"3286342396118","B0CN6ZDT7B","BRIDGESTONE","245/40/19","Bridgestone TURANZA ALL SEASON 6 ENLITEN - 245/40 R19 98Y XL - B/C/71 - Pneumatici Quattro stagioni (per auto e SUV)"
"3286342396217","B0CL5F6HV7","BRIDGESTONE","245/45/19","Bridgestone TURANZA ALL SEASON 6 ENLITEN - 245/45 R19 102W XL - B/C/71 - Pneumatici Quattro stagioni (per auto e SUV)"
"3286342396316","B0CNXXV9WL","BRIDGESTONE","255/35/19","Bridgestone TURANZA ALL SEASON 6 ENLITEN - 255/35 R19 96Y XL - B/B/71 - Pneumatici Quattro stagioni (per auto e SUV)"
"3286342396514","B07BCHQK77","BRIDGESTONE","255/50/19","Bridgestone TURANZA ALL SEASON 6 ENLITEN - 255/50 R19 107W XL - B/B/71 - Pneumatici Quattro stagioni (per auto e SUV)"
"3286342396613","B0CNXYKKFY","BRIDGESTONE","255/55/19","Bridgestone TURANZA ALL SEASON 6 ENLITEN - 255/55 R19 111W XL - B/B/71 - Pneumatici Quattro stagioni (per auto e SUV)"
"3286342396712","B0CNXYDZHH","BRIDGESTONE","275/40/19","Bridgestone TURANZA ALL SEASON 6 ENLITEN - 275/40 R19 105Y XL - B/B/71 - Pneumatici Quattro stagioni (per auto e SUV)"
"3286342396910","B0CNXYC681","BRIDGESTONE","245/45/20","Bridgestone TURANZA ALL SEASON 6 ENLITEN - 245/45 R20 103W XL - B/B/71 - Pneumatici Quattro stagioni (per auto e SUV)"
"3286342397016","B0CN71NLSP","BRIDGESTONE","255/45/20","Bridgestone TURANZA ALL SEASON 6 ENLITEN - 255/45 R20 105Y XL - B/C/71 - Pneumatici Quattro stagioni (per auto e SUV)"
"3286342397115","B0CN716NNH","BRIDGESTONE","275/45/20","Bridgestone TURANZA ALL SEASON 6 ENLITEN - 275/45 R20 110W XL - B/B/71 - Pneumatici Quattro stagioni (per auto e SUV)"
"3286342397214","B0CN71ZWS6","BRIDGESTONE","275/45/21","Bridgestone TURANZA ALL SEASON 6 ENLITEN - 275/45 R21 110W XL - B/B/71 - Pneumatici Quattro stagioni (per auto e SUV)"
"3286342445014","B0BY3VJ1WV","BRIDGESTONE","285/35/20","BRIDGESTONE 285/35 R20 104Y TURANZA T005 XL MO-S NCS"
"3286342447810","B0BHHJDSBV","BRIDGESTONE","295/40/20","Bridgestone POTENZA SPORT – 295/40 R20 110W XL – B/A/71 – Pneumatici estivi (PKW & SUV)"
"3286342459813","B09V5P78KG","BRIDGESTONE","205/45/17","BRIDGESTONE 205/45 R17 84W ECOPIA EP150"
"3286342470511","B0F63GND7N","BRIDGESTONE","245/40/19","Bridgestone TURANZA 6 ENLITEN - 245/40 R19 98Y XL - B/A/69 - Pneumatici estivi (per auto e SUV/4x4)"
"3286342578118","B002RMZE7I","BRIDGESTONE","195/75/16","195/75RR16C BRIDGESTONE TL DUR; van Winter Enlite (NEU)110R"
"3286342579511","B0CHB95KZR","BRIDGESTONE","265/45/20","Bridgestone POTENZA SPORT - 265/45 ZR20 108Y XL - A/B/71 - Pneumatici estivi (per auto e SUV/4x4)"
"3286342584317","B0BHHK117Q","BRIDGESTONE","225/45/17","225/45YR17 BRIDGESTONE TL T005* XL (EU) 94Y"
"3286342604114","B0BQ7H6NB7","BRIDGESTONE","275/50/20","Bridgestone TURANZA 6 ENLITEN - 275/50 R20 113W XL - A/A/71 - Pneumatici estivi (per auto e SUV/4x4)"
"3286342618517","B0DXV93B5B","BRIDGESTONE","245/40/19","Bridgestone TURANZA 6 ENLITEN - 245/40 R19 98Y XL - B/A/69 - Pneumatici estivi (per auto e SUV/4x4)"
"3286342662411","B0DHY7Z6K1","BRIDGESTONE","225/45/18","BRIDGESTONE 225/45 R18 95W 4 Stagioni XL Runflat Auto"
"3286342673219","B0CNXYX4XR","BRIDGESTONE","235/45/20","Bridgestone TURANZA ALL SEASON 6 ENLITEN - 235/45 R20 100W XL - B/B/70 - Pneumatici Quattro stagioni (per auto e SUV)"
"3286342673417","B0CNXXQDGH","BRIDGESTONE","215/40/18","BRIDGESTONE 215/40 R18 89Y 4 Stagioni XL Auto"
"3286342673516","B0CNXYWPRB","BRIDGESTONE","245/35/19","Bridgestone TURANZA ALL SEASON 6 ENLITEN - 245/35 R19 93Y XL - B/B/70 - Pneumatici Quattro stagioni (per auto e SUV)"
"3286342673615","B0CNXY9449","BRIDGESTONE","255/45/19","Bridgestone TURANZA ALL SEASON 6 ENLITEN - 255/45 R19 104Y XL - B/B/71 - Pneumatici Quattro stagioni (per auto e SUV)"
"3286342673714","B0CNXYDF9N","BRIDGESTONE","265/50/19","Bridgestone TURANZA ALL SEASON 6 ENLITEN - 265/50 R19 110Y XL - B/B/71 - Pneumatici Quattro stagioni (per auto e SUV)"
"3286342673813","B0CNXYBY8Z","BRIDGESTONE","205/55/19","Bridgestone TURANZA ALL SEASON 6 ENLITEN - 205/55 R19 97V XL - B/B/70 - Pneumatici Quattro stagioni (per auto e SUV)"
"3286342678511","B0G2N2CQGY","BRIDGESTONE","225/45/17","BRIDGESTONE 225/45 R17 91Y Estivo Auto"
"3286342678719","B0CPQ371NC","BRIDGESTONE","225/45/17","Bridgestone TURANZA 6 ENLITEN - 225/45 R17 94W XL - B/A/69 - Pneumatici estivi (per auto e SUV/4x4)"
"3286342678917","B0D73P4WQW","BRIDGESTONE","235/35/19","Bridgestone POTENZA SPORT - 235/35 R19 91Y XL - A/B/70 - Pneumatici estivi (per auto e SUV/4x4)"
"3286342684512","B0CBJDXY8X","BRIDGESTONE","255/45/20","Bridgestone POTENZA SPORT - 255/45 R20 105W XL - A/A/70 - Pneumatici estivi (per auto e SUV/4x4)"
"3286342718910","B0FPXRQXZD","BRIDGESTONE","235/60/18","BRIDGESTONE 235/60 R18 107H Invernale XL Auto"
"3286342725710","B0D5HXGQGP","BRIDGESTONE","225/45/18","Bridgestone TURANZA 6 ENLITEN - 225/45 R18 95Y XL - B/B/70 - Pneumatici estivi (per auto e SUV/4x4)"
"3286342726717","B0D5J23Y7R","BRIDGESTONE","235/40/19","Bridgestone TURANZA 6 ENLITEN - 235/40 R19 96Y XL - B/B/70 - Pneumatici estivi (per auto e SUV/4x4)"
"3286342746616","B0FX57KY95","BRIDGESTONE","225/45/18","BRIDGESTONE 225/45 R18 95W Estivo XL Auto"
"3286342746814","B0BQ7J8Z7M","BRIDGESTONE","225/40/19","Bridgestone TURANZA 6 ENLITEN - 225/40 R19 93W XL - B/A/68 - Pneumatici estivi (per auto e SUV/4x4)"
"3286342756714","B0D4LWZYV8","BRIDGESTONE","235/40/20","Bridgestone POTENZA SPORT - 235/40 R20 96Y XL - B/B/71 - Pneumatici estivi (per auto e SUV/4x4)"
"3286342784816","B0BRPKZD2G","BRIDGESTONE","255/40/19","Bridgestone POTENZA SPORT - 255/40 R19 100Y XL - A/B/72 - Pneumatici estivi (per auto e SUV/4x4)"
"3286342786117","B0BHGYJM8G","BRIDGESTONE","255/40/20","Bridgestone POTENZA SPORT - 255/40 ZR20 101Y XL - A/B/72 - Pneumatici estivi (per auto e SUV/4x4)"
"3286342787619","B0BXTY9NBD","BRIDGESTONE","245/35/21","Bridgestone POTENZA SPORT - 245/35 ZR21 96Y XL - A/B/72 - Pneumatici estivi (per auto e SUV/4x4)"
"3286342787817","B09V6QD4KB","BRIDGESTONE","265/40/21","Bridgestone POTENZA SPORT - 265/40 ZR21 105Y XL - A/B/72 - Pneumatici estivi (per auto e SUV/4x4)"
"3286342788418","B0BHHMN6X6","BRIDGESTONE","265/40/22","Bridgestone POTENZA SPORT - 265/40 R22 106Y XL - A/B/73 - Pneumatici estivi (per auto e SUV/4x4)"
"3286342848112","B0GMDF8CH9","BRIDGESTONE","235/50/19","BRIDGESTONE 235/50 R19 103W Estivo XL Auto"
"3286342853918","B0F33JRRBM","BRIDGESTONE","195/75/16","195/75R16C BRIDGESTONE TL DURAVIS AS EVO Enlite 110R"
"3286342854618","B0C8167D9G","BRIDGESTONE","205/40/18","Bridgestone POTENZA SPORT - 205/40 R18 86H XL - A/A/69 - Pneumatici estivi (per auto e SUV/4x4)"
"3286342855318","B0BXVSKJKY","BRIDGESTONE","255/50/19","Pneumatici 255/50 r19 103T M+S Bridgestone BLIZZAK LM005 Gomme invernali nuove"
"3286342863313","B0BQ7HKTSS","BRIDGESTONE","235/40/20","Bridgestone TURANZA 6 ENLITEN - 235/40 R20 96V XL - B/A/68 - Pneumatici estivi (per auto e SUV/4x4)"
"3286342871516","B0GL9RFJ31","BRIDGESTONE","235/50/19","BRIDGESTONE 235/50 R19 99V Estivo Auto"
"3286342872315","B0DX22B398","BRIDGESTONE","255/45/19","Bridgestone TURANZA 6 ENLITEN - 255/45 R19 100V - A/A/68 - Pneumatici estivi (per auto e SUV/4x4)"
"3286342875019","B0DXV991RR","BRIDGESTONE","215/40/18","Bridgestone POTENZA SPORT - 215/40 R18 89Y XL - A/B/71 - Pneumatici estivi (per auto e SUV/4x4)"
"3286342875613","B0FK56JDRP","BRIDGESTONE","245/40/19","BRIDGESTONE 245/40 R19 98Y Estivo XL Auto"
"3286342875811","B0FK56FC15","BRIDGESTONE","255/40/19","BRIDGESTONE 255/40 R19 100Y Estivo XL Auto"
"3286342885414","B0FVFSJ9C1","BRIDGESTONE","225/75/16","BRIDGESTONE 225/75 R16 121/120R 4 Stagioni LCamion"
"3286342885612","B0C811WPGT","BRIDGESTONE","225/65/16","BRIDGESTONE 225/65 R16 112R 4 Stagioni LCamion"
"3286342888910","B0FTFN4QSM","BRIDGESTONE","235/60/16","BRIDGESTONE 235/60 R16 104H Invernale XL Fuoristrada"
"3286342889115","B0FHQS4YHY","BRIDGESTONE","185/55/16","BRIDGESTONE 185/55 R16 87H Invernale XL Auto"
"3286342890111","B0DXVF8BCP","BRIDGESTONE","195/60/18","Bridgestone BLIZZAK 6 ENLITEN - 195/60 R18 96V XL - B/B/70 - Pneumatici invernali (vettura e SUV)"
"3286342890210","B0DGLFT27Z","BRIDGESTONE","205/40/18","Bridgestone BLIZZAK 6 ENLITEN - 205/40 R18 86V XL - B/B/70 - Pneumatici invernali (vettura e SUV)"
"3286342890418","B0FHQQ1PYD","BRIDGESTONE","205/55/19","BRIDGESTONE 205/55 R19 97W Invernale XL Auto"
"3286342890814","B0FV4D4YMT","BRIDGESTONE","285/30/19","Bridgestone BLIZZAK 6 ENLITEN – 285/30 R19 98W XL – B/A/72 – Pneumatici invernali (PKW & SUV)"
"3286342891415","B0DXVG1KPQ","BRIDGESTONE","245/40/20","Bridgestone BLIZZAK 6 ENLITEN - 245/40 R20 99W XL - B/B/72 - Pneumatici invernali (vettura e SUV)"
"3286342894416","B0DHY8VXJ2","BRIDGESTONE","225/40/18","Bridgestone TURANZA ALL SEASON 6 ENLITEN DRIVEGUARD – 225/40 R18 92Y XL – B/B/71 – Pneumatici per tutte le stagioni (PKW & SUV)"
"3286342896410","B0GL9NCK48","BRIDGESTONE","225/50/17","Bridgestone POTENZA SPORT EVO - 225/50 R17 98Y XL - A/B/72 - Pneumatici estivi (VETTURA / 4x4 / SUV)"
"3286342897318","B0GS5HHC2N","BRIDGESTONE","225/40/18","Bridgestone POTENZA SPORT EVO - 225/40 R18 92Y XL - A/B/72 - Pneumatici estivi (VETTURA / 4x4 / SUV)"
"3286342897912","B0GL9YV84V","BRIDGESTONE","235/50/18","Bridgestone POTENZA SPORT EVO - 235/50 R18 101Y XL - A/B/72 - Pneumatici estivi (VETTURA / 4x4 / SUV)"
"3286342898018","B0GL9YWFL7","BRIDGESTONE","245/35/18","Bridgestone POTENZA SPORT EVO - 245/35 R18 92Y XL - A/B/72 - Pneumatici estivi (VETTURA / 4x4 / SUV)"
"3286342905617","B0GL9RFHYZ","BRIDGESTONE","255/50/19","Bridgestone POTENZA SPORT EVO - 255/50 R19 107Y XL - A/B/72 - Pneumatici estivi (VETTURA / 4x4 / SUV)"
"3286342908915","B0GR1B7B66","BRIDGESTONE","235/35/20","Bridgestone POTENZA SPORT EVO - 235/35 R20 92Y XL - A/B/72 - Pneumatici estivi (VETTURA / 4x4 / SUV)"
"3286342909912","B0GS5RBQ2B","BRIDGESTONE","245/40/20","Bridgestone POTENZA SPORT EVO - 245/40 ZR20 99Y XL - A/B/72 - Pneumatici estivi (VETTURA / 4x4 / SUV)"
"3286342912011","B0GL9DYY1H","BRIDGESTONE","265/45/20","Bridgestone POTENZA SPORT EVO - 265/45 R20 108Y XL - A/B/72 - Pneumatici estivi (VETTURA / 4x4 / SUV)"
"3286342913711","B0GQ3CJ751","BRIDGESTONE","305/30/20","Bridgestone POTENZA SPORT EVO - 305/30 ZR20 103Y XL - A/B/73 - Pneumatici estivi (VETTURA / 4x4 / SUV)"
"3286342915715","B0GQ2QLBHD","BRIDGESTONE","285/35/22","Bridgestone POTENZA SPORT EVO - 285/35 R22 106Y XL - A/B/73 - Pneumatici estivi (VETTURA / 4x4 / SUV)"
"3286342925417","B0D5HYGFGD","BRIDGESTONE","215/65/16","Bridgestone TURANZA 6 ENLITEN - 215/65 R16 102H XL - B/B/71 - Pneumatici estivi (per auto e SUV/4x4)"
"3286342925912","B0FJMHSDTT","BRIDGESTONE","215/65/16","BRIDGESTONE 215/65 R16 102H 4 Stagioni XL Auto"
"3286342967318","B0DP3BYX9B","BRIDGESTONE","245/45/18","BRIDGESTONE 245/45 R18 100Y 4 Stagioni XL Runflat Auto"
"3286342979618","B0G4XMVF3S","BRIDGESTONE","255/35/20","BRIDGESTONE 255/35 ZR20 97Y Estivo XL Auto"
"3286342982816","B0GL9Q48P3","BRIDGESTONE","225/45/17","BRIDGESTONE 225/45 R17 91W Estivo Auto"
"3286342983219","B0GL9TCSRQ","BRIDGESTONE","225/40/18","BRIDGESTONE 225/40 R18 92Y Estivo XL Auto"
"3286342983417","B0GL9STSZM","BRIDGESTONE","235/35/19","BRIDGESTONE 235/35 R19 91Y Estivo XL Auto"
"3286342987019","B0GL9RQT1S","BRIDGESTONE","225/40/20","BRIDGESTONE 225/40 R20 94W Estivo XL Auto"
"3286342997018","B0GR1NDP2K","BRIDGESTONE","285/35/20","BRIDGESTONE 285/35 ZR20 100Y Estivo Auto"
"3286343080115","B0CJLK6SSS","BRIDGESTONE","275/45/20","BRIDGESTONE 275/45 R20 110Y Estivo XL Runflat Fuoristrada"
"3286343085219","B0F33VNMLL","BRIDGESTONE","265/40/20","BRIDGESTONE 265/40 ZR20 104Y Estivo XL Auto"
"3286343093719","B0F344XFMN","BRIDGESTONE","255/45/20","255/45TR20 BRIDGESTONE TL TURANZA 6 (+) Enlite 101T"
"3286343093917","B0FHQQPXF3","BRIDGESTONE","235/50/20","BRIDGESTONE 235/50 R20 100T Estivo Auto"
"3286343109618","B0DXVCH8DK","BRIDGESTONE","235/50/20","Bridgestone TURANZA 6 ENLITEN - 235/50 R20 100T - B/A/68 - Pneumatici estivi (per auto e SUV/4x4)"
"3286343110218","B0DXVB3GZ1","BRIDGESTONE","255/45/20","Bridgestone TURANZA 6 ENLITEN - 255/45 R20 101T - B/A/68 - Pneumatici estivi (per auto e SUV/4x4)"
"3286343111017","B0H5NFM6CV","BRIDGESTONE","225/40/20","BRIDGESTONE 225/40 BR POTENZA SPORT+ XL 225/40 R20 0T Pneumatico Estivo Auto"
"3286343121610","B0DP39BYY3","BRIDGESTONE","205/45/17","BRIDGESTONE 205/45 R17 88V 4 Stagioni XL Runflat Auto"
"3286343128916","B0GWQXTRDP","BRIDGESTONE","275/40/22","Bridgestone POTENZA SPORT EVO - 275/40 ZR22 107Y XL - A/B/73 - Pneumatici estivi (VETTURA / 4x4 / SUV)"
"3286343130018","B0GWQV9FXB","BRIDGESTONE","235/45/20","Bridgestone POTENZA SPORT EVO - 235/45 ZR20 100Y XL - A/B/72 - Pneumatici estivi (VETTURA / 4x4 / SUV)"
"3286343130216","B0GL9VXYSG","BRIDGESTONE","205/55/17","Bridgestone POTENZA SPORT EVO - 205/55 ZR17 95Y XL - A/B/72 - Pneumatici estivi (VETTURA / 4x4 / SUV)"
"3286343222416","B0GX9N79JN","BRIDGESTONE","245/40/19","BRIDGESTONE 245/40 R19 94W Estivo Auto"
"3286343227015","B0D98CFRKM","BRIDGESTONE","225/40/18","Bridgestone TURANZA ALL SEASON 6 ENLITEN - 225/40 R18 92Y XL - B/B/70 - Pneumatici Quattro stagioni (per auto e SUV)"
"3286343227619","B0GLB3ZTGH","BRIDGESTONE","235/50/19","BRIDGESTONE 235/50 R19 99Y Estivo Auto"
"3286343227817","B0H6GQ7QTP","BRIDGESTONE","235/40/20","BRIDGESTONE 235/40 R20 96V Estivo XL Auto"
"3286343251812","B0DP36FFG6","BRIDGESTONE","265/45/20","Bridgestone TURANZA ALL SEASON 6 ENLITEN - 265/45 R20 108Y XL - B/B/71 - Pneumatici Quattro stagioni (per auto e SUV)"
"3286343251911","B004IJZWP2","BRIDGESTONE","215/45/20","Bridgestone TURANZA ALL SEASON 6 ENLITEN - 215/45 R20 95W XL - B/B/70 - Pneumatici Quattro stagioni (per auto e SUV)"
"3286343252017","B0DP3BTW7W","BRIDGESTONE","195/60/18","Bridgestone TURANZA ALL SEASON 6 ENLITEN - 195/60 R18 96H XL - B/B/70 - Pneumatici Quattro stagioni (per auto e SUV)"
"3286343252116","B0DP37CTKP","BRIDGESTONE","235/50/20","Bridgestone TURANZA ALL SEASON 6 ENLITEN - 235/50 R20 104Y XL - B/B/70 - Pneumatici Quattro stagioni (per auto e SUV)"
"3286343252710","B0F44FRBVQ","BRIDGESTONE","275/40/20","275/40YR20 BRIDGESTONE TL TURANZA AS 6 Enliten XL 106Y"
"3286343252918","B0DP396FPC","BRIDGESTONE","255/40/20","Bridgestone TURANZA ALL SEASON 6 ENLITEN - 255/40 R20 101Y XL - B/B/71 - Pneumatici Quattro stagioni (per auto e SUV)"
"3286343253014","B0DP38TM7P","BRIDGESTONE","215/50/19","Bridgestone TURANZA ALL SEASON 6 ENLITEN - 215/50 R19 93H - B/B/70 - Pneumatici Quattro stagioni (per auto e SUV)"
"3286343253113","B0DP378B8F","BRIDGESTONE","255/55/20","Bridgestone TURANZA ALL SEASON 6 ENLITEN - 255/55 R20 110Y XL - B/B/71 - Pneumatici Quattro stagioni (per auto e SUV)"
"3286348000118","B0DX23217W","BRIDGESTONE","215/45/20","Bridgestone TURANZA 6 ENLITEN - 215/45 R20 95H XL - B/A/67 - Pneumatici estivi (per auto e SUV/4x4)"
"3286348002594","B0GL9NQGFT","BRIDGESTONE","225/55/19","Bridgestone POTENZA SPORT EVO - 225/55 ZR19 103Y XL - A/B/72 - Pneumatici estivi (VETTURA / 4x4 / SUV)"
"3286348032409","B0GL9YXBP7","BRIDGESTONE","225/45/18","BRIDGESTONE 225/45 R18 95Y 4 Stagioni XL Auto"
"3286348032454","B0GR1B29S1","BRIDGESTONE","255/40/19","BRIDGESTONE 255/40 R19 100Y 4 Stagioni XL Auto"
"3528700021646","B0F6FSKPNN","MICHELIN","195/55/16","Pneumatico All season Michelin CROSSCLIMATE 2 195/55R16 91H XL"
"3528700026382","B0994TH43H","MICHELIN","235/55/18","Pneumatico All season Michelin CROSSCLIMATE 2 235/55R18 104H XL"
"3528700171662","B0F6FXNKZZ","MICHELIN","225/45/18","Pneumatico Estate Michelin PILOT SPORT 5 225/45R18 95W XL"
"3528700183474","B07WWJJCPL","MICHELIN","315/40/21","Pneumatico Estate Michelin PILOT SPORT 4 SUV 315/40ZR21 115Y XL"
"3528700207279","B0DVT8MDNK","MICHELIN","225/45/18","Pneumatico Estate Michelin PRIMACY 5 225/45R18 95W XL"
"3528700266368","B09PDJBMLW","MICHELIN","275/35/21","Pneumatico Estate Michelin PILOT SPORT 4 S 275/35ZR21 (103Y) XL"
"3528700285192","B0F6FV7WSZ","MICHELIN","255/60/18","Pneumatico All season Michelin CROSSCLIMATE 3 255/60R18 112V XL"
"3528700306590","B09FCYNCYD","MICHELIN","195/65/15","Pneumatico All season Michelin CROSSCLIMATE 2 195/65R15 91H"
"3528700315448","B0F6GHKHX5","MICHELIN","195/60/18","Pneumatico Estate Michelin E PRIMACY 195/60R18 96H XL ACOUSTIC"
"3528700325430","B077L3C9QK","MICHELIN","295/35/21","Pneumatico Estate Michelin PILOT SPORT 4 S 295/35ZR21 (107Y) XL"
"3528700444957","B0F13NLQ6L","MICHELIN","215/55/18","Pneumatico Estate Michelin PRIMACY 5 215/55R18 99V XL"
"3528700461343","B07PGHMS1L","MICHELIN","255/60/18","Pneumatico Estate Michelin PILOT SPORT 4 SUV 255/60R18 112W XL"
"3528700494433","B09FFDS8GQ","MICHELIN","235/45/17","Pneumatico All season Michelin CROSSCLIMATE 2 235/45R17 97Y XL"
"3528700584493","B0C6B2X52C","MICHELIN","225/50/18","Pneumatico Estate Michelin PILOT SPORT 5 225/50ZR18 (99Y) XL"
"3528700699777","B07H4QPPTH","MICHELIN","265/45/20","Pneumatico Inverno Michelin PILOT ALPIN 5 SUV 265/45R20 104V"
"3528700710854","B0F13P4C4X","MICHELIN","235/40/19","Pneumatico Estate Michelin PRIMACY 5 235/40R19 96W XL"
"3528700744293","B0FMS513VX","MICHELIN","215/45/17","Pneumatico Estate Michelin PRIMACY 5 215/45R17 91W XL"
"3528700769487","B07WXKNBM3","MICHELIN","255/40/21","Pneumatico Estate Michelin PILOT SPORT 4 S 255/40ZR21 (102Y) XL"
"3528700849721","B07P8N538F","MICHELIN","275/45/21","Pneumatico Estate Michelin PILOT SPORT 4 SUV 275/45R21 110Y XL"
"3528700873481","B07HPB6SBR","MICHELIN","295/35/21","Michelin Latitude Sport 3 - 295/35R21 103Y - Pneumatico Estivo"
"3528700890815","B0CFDS2332","MICHELIN","255/45/21","Pneumatico Estate Michelin PILOT SPORT EV 255/45R21 106Y XL"
"3528700920253","B0F6G6K2SF","MICHELIN","255/50/19","Pneumatico Estate Michelin LATITUDE SPORT 3 255/50R19 107W XL"
"3528700972085","B07PN4XKJ5","MICHELIN","255/50/19","Pneumatico Estate Michelin PILOT SPORT 4 SUV 255/50R19 107Y XL"
"3528701034379","B07VN7RPLQ","MICHELIN","195/60/15","Pneumatico Inverno Michelin ALPIN 6 195/60R15 88T"
"3528701204086","B09JCZ34LJ","MICHELIN","225/45/18","Pneumatico Inverno Michelin PILOT ALPIN 5 225/45R18 95H XL"
"3528701214368","B0F6G4PHWM","MICHELIN","205/50/17","Pneumatico All season Michelin CROSSCLIMATE 3 205/50R17 89V"
"3528701229621","B00AZTYHLO","MICHELIN","255/40/20","Michelin SUPER SPORT N0 XL 255/40/R20 101 Y - Pneumatico Estivo - A/E/71"
"3528701242620","B0D9QSC43V","MICHELIN","215/55/17","Pneumatico Inverno Michelin ALPIN 7 215/55R17 98V XL"
"3528701323169","B096BB5C46","MICHELIN","245/40/21","Pneumatico Estate Michelin PILOT SPORT 4 S 245/40ZR21 (100Y) XL"
"3528701323398","B0DVT6Z38R","MICHELIN","205/55/16","Pneumatico Estate Michelin PRIMACY 5 205/55R16 94H XL"
"3528701341361","B07DM8CNW2","MICHELIN","215/75/16","Pneumatico All season Michelin AGILIS CROSSCLIMATE 215/75R16C 116/114R"
"3528701345635","B07NG1CPX6","MICHELIN","215/55/18","Pneumatico Estate Michelin PRIMACY 4 215/55R18 99V XL"
"3528701395531","B07SYCH616","MICHELIN","225/50/18","Michelin Primacy 4 XL FSL - 225/50R18 99W - Pneumatico Estivo"
"3528701399034","B0F6G8Z6SZ","MICHELIN","275/40/22","Pneumatico All season Michelin CROSSCLIMATE 2 SUV 275/40R22 108Y XL"
"3528701414584","B0D9QQLB55","MICHELIN","225/50/17","Pneumatico Inverno Michelin ALPIN 7 225/50R17 94H"
"3528701463254","B01MYA1IWP","MICHELIN","305/30/19","Michelin PS4 S XL 305/30/R 19 102 Y - Pneumatico Estivo - B/C/75"
"3528701511832","B08NX8LNT5","MICHELIN","295/45/20","Pneumatico Inverno Michelin PILOT ALPIN 5 SUV 295/45R20 114V XL"
"3528701530802","B07JQ5HL31","MICHELIN","205/60/16","Pneumatico Estate Michelin PRIMACY 4 205/60R16 92V"
"3528701584591","B08WSQT36T","MICHELIN","325/35/22","Pneumatico Estate Michelin PILOT SPORT 4 S 325/35ZR22 (114Y) XL"
"3528701642673","B097DW21BY","MICHELIN","245/45/17","Pneumatico Estate Michelin PRIMACY 4 245/45R17 99Y XL"
"3528701668406","B07M7Z5L1S","MICHELIN","235/45/19","Pneumatico Estate Michelin PILOT SPORT 4 235/45ZR19 (99Y) XL"
"3528701688770","B0F6G6M2CM","MICHELIN","225/50/17","Pneumatico Estate Michelin PRIMACY 5 225/50R17 94Y"
"3528701744568","B0G2N9DZT2","MICHELIN","235/45/19","Pneumatico Inverno Michelin ALPIN 7 235/45R19 99V XL"
"3528701770185","B0F6FTVLWP","MICHELIN","205/60/16","Pneumatico All season Michelin CROSSCLIMATE 3 205/60R16 96H XL"
"3528701844411","B08VK5SKTJ","MICHELIN","235/55/18","Pneumatico Estate Michelin PRIMACY 4 235/55R18 100W"
"3528701926988","B0G2N9QV9C","MICHELIN","225/50/19","Pneumatico Inverno Michelin ALPIN 7 225/50R19 100H XL"
"3528701983158","B09Q38F3S6","MICHELIN","225/45/17","Pneumatico Estate Michelin PRIMACY 4+ 225/45R17 91Y"
"3528702008034","B07Z24JHS3","MICHELIN","275/35/20","Pneumatico Estate Michelin PILOT SPORT 4 275/35ZR20 102Y XL ZP"
"3528702022795","B01M0AYAQL","MICHELIN","275/30/20","Pneumatico Estate Michelin PILOT SPORT 3 275/30R20 97Y XL ZP"
"3528702063989","B07ST1P6B8","MICHELIN","205/55/17","Pneumatico Estate Michelin PRIMACY 4 205/55R17 95W XL"
"3528702091364","B096B6W8SG","MICHELIN","325/35/23","Pneumatico Estate Michelin PILOT SPORT 4 S 325/35ZR23 (115Y) XL"
"3528702094655","B0F6G5TPLD","MICHELIN","255/40/18","Pneumatico Estate Michelin PILOT SPORT 5 255/40R18 99Y XL"
"3528702094983","B09GJTGDMS","MICHELIN","215/55/16","Pneumatico All season Michelin CROSSCLIMATE 2 215/55R16 97W XL"
"3528702104781","B08WSQWMLG","MICHELIN","315/35/20","Pneumatico Estate Michelin PILOT SPORT 4 S 315/35ZR20 (110Y) XL"
"3528702133774","B09GK16WSB","MICHELIN","245/45/17","Pneumatico All season Michelin CROSSCLIMATE 2 245/45R17 95Y"
"3528702158296","B0F6GHZTGN","MICHELIN","245/50/19","Pneumatico All season Michelin CROSSCLIMATE 3 245/50R19 105V XL"
"3528702160282","B09J9VNDSL","MICHELIN","225/45/18","Pneumatico All season Michelin CROSSCLIMATE 2 225/45R18 95Y XL ZP"
"3528702174722","B07CZL4Q99","MICHELIN","235/65/16","Pneumatico All season Michelin AGILIS CROSSCLIMATE 235/65R16C 121/119R"
"3528702184349","B0DVTB27DW","MICHELIN","205/55/16","Pneumatico Estate Michelin PRIMACY 5 205/55R16 91W"
"3528702199473","B0FW5PKGTD","MICHELIN","255/45/20","Pneumatico Estate Michelin PILOT SPORT 4 SUV 255/45R20 105W XL"
"3528702239353","B07NTG5VPM","MICHELIN","245/40/19","Pneumatico Estate Michelin PRIMACY 3 245/40R19 98Y XL ZP ACOUSTIC"
"3528702249994","B07QB3TYPY","MICHELIN","295/40/21","Pneumatico Estate Michelin PILOT SPORT 4 SUV 295/40R21 111Y XL"
"3528702257395","B0DVT7VV7K","MICHELIN","215/60/16","Pneumatico Estate Michelin PRIMACY 5 215/60R16 99V XL"
"3528702273890","B0G4XJXSJ2","MICHELIN","235/45/20","Pneumatico Estate Michelin PILOT SPORT 5 235/45R20 100W XL"
"3528702377291","B0F6G43SV1","MICHELIN","175/60/18","Pneumatico All season Michelin CROSSCLIMATE 3 175/60R18 85H"
"3528702379004","B0F6FM2R26","MICHELIN","235/50/18","Pneumatico All season Michelin CROSSCLIMATE 3 235/50R18 97V"
"3528702447956","B0D4M91T1F","MICHELIN","215/60/17","Pneumatico All season Michelin CROSSCLIMATE 2 215/60R17 100H XL"
"3528702465004","B09GJXV15H","MICHELIN","215/45/16","Pneumatico All season Michelin CROSSCLIMATE 2 215/45R16 90V XL"
"3528702522950","B09FCW18JH","MICHELIN","205/55/16","Pneumatico All season Michelin CROSSCLIMATE 2 205/55R16 91V"
"3528702539583","B09Q35XGFB","MICHELIN","225/55/18","Pneumatico Estate Michelin PRIMACY 4+ 225/55R18 102V XL"
"3528702557938","B0F6FYYZDT","MICHELIN","215/65/17","Pneumatico Estate Michelin PRIMACY 5 215/65R17 99V"
"3528702588918","B0F6G2XSQD","MICHELIN","255/35/18","Pneumatico All season Michelin CROSSCLIMATE 3 255/35R18 94Y XL"
"3528702615454","B07RZLMC7S","MICHELIN","245/45/20","Pneumatico Estate Michelin PILOT SPORT 4 245/45R20 103Y XL"
"3528702788066","B07SYSZHZ4","MICHELIN","195/65/15","Pneumatico Estate Michelin PRIMACY 4 195/65R15 95H XL"
"3528702794067","B0F6G3YYPG","MICHELIN","225/60/17","Pneumatico All season Michelin CROSSCLIMATE 3 225/60R17 99V"
"3528702794920","B08VKB18QZ","MICHELIN","185/65/15","Pneumatico Estate Michelin PRIMACY 4 185/65R15 88H"
"3528702946220","B0GS5YZTQN","MICHELIN","235/60/18","Pneumatico Estate Michelin PRIMACY 5 235/60R18 103V"
"3528702949412","B09Q38G8FT","MICHELIN","215/50/18","Pneumatico Estate Michelin PRIMACY 4+ 215/50R18 92W"
"3528702955468","B0GBZWXCLM","MICHELIN","255/45/20","Pneumatico Estate Michelin PRIMACY 5 ENERGY 255/45R20 101H"
"3528702992951","B07MCD9R83","MICHELIN","225/55/18","Pneumatico Estate Michelin PRIMACY 4 225/55R18 102Y XL"
"3528703031437","B09Q3887KV","MICHELIN","195/55/16","Pneumatico Estate Michelin PRIMACY 4+ 195/55R16 87H"
"3528703057505","B07P7GMSVJ","MICHELIN","255/45/20","Pneumatico Estate Michelin PILOT SPORT 4 SUV 255/45R20 105Y XL"
"3528703176213","B09JB2WFNV","MICHELIN","255/45/20","Pneumatico Estate Michelin PILOT SPORT 4 SUV 255/45R20 105Y XL ACOUSTIC"
"3528703334354","B0FDBJ2WPX","MICHELIN","255/40/20","Pneumatico All season Michelin CROSSCLIMATE 3 SPORT 255/40R20 101Y XL"
"3528703390961","B0F6FV4W5P","MICHELIN","205/55/16","Pneumatico All season Michelin CROSSCLIMATE 3 205/55R16 91V"
"3528703455042","B07BP9RT8D","MICHELIN","235/55/18","MICHELIN 235/55 R18 100V Estivo Auto"
"3528703457152","B07YZNT6SB","MICHELIN","165/65/15","Pneumatico All season Michelin CROSSCLIMATE+ 165/65R15 85H XL"
"3528703560616","B07WPFWGVN","MICHELIN","245/50/19","Pneumatico Estate Michelin PILOT SPORT 4 SUV 245/50R19 105W XL"
"3528703589785","B0D9QPGFDS","MICHELIN","235/50/18","Pneumatico Inverno Michelin ALPIN 7 235/50R18 101V XL"
"3528703610762","B0C7LM9MMW","MICHELIN","295/35/21","Pneumatico Estate Michelin PILOT SPORT 4 SUV 295/35ZR21 (107Y) XL"
"3528703717218","B09Q37LTT1","MICHELIN","225/45/17","Pneumatico Estate Michelin PILOT SPORT 5 225/45ZR17 (94Y) XL"
"3528703780595","B0D9QPY8SC","MICHELIN","225/55/18","Pneumatico Inverno Michelin ALPIN 7 225/55R18 102V XL"
"3528703813552","B077L1FZGZ","MICHELIN","265/40/20","Pneumatico Estate Michelin PILOT SPORT 4 S 265/40ZR20 (104Y) XL"
"3528703856405","B08P5BB5VY","MICHELIN","235/65/16","Pneumatico Estate Michelin AGILIS 3 235/65R16C 121/119R"
"3528703863762","B07QJSCB7L","MICHELIN","275/50/21","Pneumatico Estate Michelin PILOT SPORT 4 SUV 275/50R21 113V XL SUV"
"3528703940869","B08Z2W9CS3","MICHELIN","295/35/21","Pneumatico Estate Michelin PILOT SPORT 4 S 295/35ZR21 (107Y) XL"
"3528704007882","B0BLVJ1J3N","MICHELIN","225/65/16","Pneumatico All season Michelin CROSSCLIMATE CAMPING 225/65R16C 112/110R"
"3528704026128","B0DVT9P9KP","MICHELIN","225/55/18","Pneumatico Estate Michelin PRIMACY 5 225/55R18 102V XL"
"3528704103454","B0GBXYMWTV","MICHELIN","205/55/16","Pneumatico Estate Michelin PRIMACY 5 ENERGY 205/55R16 91V"
"3528704135851","B08Z1PXRM9","MICHELIN","215/50/18","Pneumatico Estate Michelin PRIMACY 4 215/50R18 92W"
"3528704144198","B01N5R1M19","MICHELIN","245/50/19","Michelin LATITUDE SPORT 3* XL 245/50/R19 105 W - Pneumatico All Season - B//C/75"
"3528704161010","B0F6FYKC6D","MICHELIN","205/55/16","Pneumatico Inverno Michelin ALPIN 7 205/55R16 91H"
"3528704167333","B0D9QPZM7H","MICHELIN","225/50/17","Pneumatico Inverno Michelin ALPIN 7 225/50R17 98V XL"
"3528704176748","B0BH89HBWX","MICHELIN","215/55/18","Pneumatico All season Michelin CROSSCLIMATE 2 215/55R18 99V XL"
"3528704220915","B09JCYXH2J","MICHELIN","235/55/19","Pneumatico All season Michelin CROSSCLIMATE 2 235/55R19 105H XL"
"3528704223367","B08VKDGG8D","MICHELIN","255/45/20","Pneumatico Estate Michelin PRIMACY 4 255/45R20 105V XL"
"3528704229918","B0DVT7Y98M","MICHELIN","205/55/17","Pneumatico Estate Michelin PRIMACY 5 205/55R17 91V"
"3528704267668","B0GBYXPVVJ","MICHELIN","215/55/18","Pneumatico Estate Michelin PRIMACY 5 ENERGY 215/55R18 99V XL"
"3528704281589","B0DVT6S9YY","MICHELIN","225/60/17","Pneumatico Estate Michelin PRIMACY 5 225/60R17 99V"
"3528704402403","B07PNRF1F1","MICHELIN","265/40/21","Pneumatico Estate Michelin PILOT SPORT 4 SUV 265/40R21 105Y XL SUV"
"3528704424122","B08Z1HVCL4","MICHELIN","255/45/20","Pneumatico Estate Michelin PILOT SPORT 4 SUV 255/45R20 105W XL"
"3528704431588","B0F1CXPGLV","BFGOODRICH","265/75/16","Pneumatico Tutte le stagioni BFGoodrich ALL-TERRAIN T/A KO3 LT265/75R16 119/116S LRD RWL"
"3528704533176","B08LR33JVJ","MICHELIN","235/45/18","Pneumatico All season Michelin CROSSCLIMATE 2 235/45R18 94W"
"3528704556250","B0DVT8KT84","MICHELIN","225/45/17","Pneumatico Estate Michelin PRIMACY 5 225/45R17 94V XL"
"3528704560769","B0DVTBC35M","MICHELIN","225/45/18","Pneumatico Estate Michelin PRIMACY 5 225/45R18 95Y XL"
"3528704585526","B0BLW1DQF9","MICHELIN","245/40/20","Pneumatico Estate Michelin E PRIMACY 245/40R20 99Y XL"
"3528704596652","B0BW1LBCX1","MICHELIN","195/65/16","Pneumatico All season Michelin AGILIS CROSSCLIMATE 195/65R16C 104/102H"
"3528704655571","B0BLW3RYL1","MICHELIN","235/55/19","Pneumatico All season Michelin CROSSCLIMATE 2 SUV 235/55R19 101V"
"3528704712618","B0F6FSM9F9","MICHELIN","225/45/17","Pneumatico All season Michelin CROSSCLIMATE 3 225/45R17 91Y"
"3528704744619","B0G4XLS9T2","MICHELIN","255/45/19","Pneumatico Estate Michelin PRIMACY 5 ENERGY 255/45R19 104W XL"
"3528704751266","B0F6G95964","MICHELIN","195/55/18","Pneumatico All season Michelin CROSSCLIMATE 2 195/55R18 93H XL"
"3528704761661","B0DVT6QP9S","MICHELIN","225/40/18","Pneumatico Estate Michelin PRIMACY 5 225/40R18 92Y XL"
"3528704792207","B0F6FX4568","MICHELIN","235/55/17","Pneumatico All season Michelin CROSSCLIMATE 3 235/55R17 99V"
"3528704792504","B09GJSDZKN","MICHELIN","215/60/16","Pneumatico All season Michelin CROSSCLIMATE 2 215/60R16 99H XL"
"3528704865215","B0FDBJ9WR2","MICHELIN","265/40/21","Pneumatico All season Michelin CROSSCLIMATE 3 SPORT 265/40R21 105Y XL"
"3528704906628","B07PH17859","MICHELIN","235/55/19","Pneumatico Estate Michelin PILOT SPORT 4 SUV 235/55R19 105Y XL"
"3528704977567","B01N1YKP3D","MICHELIN","245/30/20","Michelin PS4 S XL 245/30/R 20 90 Y - Pneumatico Estivo - B/C/75"
"3528704995813","B09V5V5GD1","MICHELIN","235/65/16","Pneumatico All season Michelin CROSSCLIMATE CAMPING 235/65R16C 115/113R"
"3528705001834","B09FD6292Q","MICHELIN","215/65/16","Pneumatico All season Michelin CROSSCLIMATE 2 215/65R16 98H"
"3528705083779","B0F6FYCZVY","MICHELIN","205/50/17","Pneumatico All season Michelin CROSSCLIMATE 3 205/50R17 93V XL"
"3528705124595","B0CFHNM34H","MICHELIN","205/55/16","Pneumatico Estate Michelin PRIMACY 5 205/55R16 91H"
"3528705130213","B0DVT6L1JX","MICHELIN","235/55/17","Pneumatico Estate Michelin PRIMACY 5 235/55R17 99V"
"3528705140281","B003HF5GLI","MICHELIN","255/55/18","Michelin LAT. SPORT N1 XL 255/55/R18 109 Y - Pneumatico All Season - B//C/72"
"3528705169176","B07V1P36GD","MICHELIN","275/45/19","Pneumatico Estate Michelin PILOT SPORT 4 275/45R19 108Y XL"
"3528705172961","B0BSH7K6PR","MICHELIN","195/60/15","MICHELIN 195/60 R15 88H PRIMACY 4"
"3528705179106","B0CDLX8PNK","MICHELIN","215/50/17","Pneumatico Estate Michelin PILOT SPORT 5 215/50ZR17 (95Y) XL"
"3528705224349","B0DVT6QKKB","MICHELIN","225/45/17","Pneumatico Estate Michelin PRIMACY 5 225/45R17 91Y"
"3528705267988","B0F6FZVLXX","MICHELIN","205/55/16","Pneumatico All season Michelin CROSSCLIMATE 3 205/55R16 91H"
"3528705288112","B09FFDKRLX","MICHELIN","215/55/16","Pneumatico All season Michelin CROSSCLIMATE 2 215/55R16 97V XL"
"3528705295943","B0994S1RH8","MICHELIN","235/55/19","Pneumatico Estate Michelin PILOT SPORT 4 SUV 235/55R19 101Y"
"3528705334321","B0F6FRZL2W","MICHELIN","265/45/20","Pneumatico Estate Michelin PILOT SPORT EV 265/45R20 108Y ACOUSTIC"
"3528705489496","B0CJLK9GN4","MICHELIN","315/30/22","Pneumatico Estate Michelin PILOT SPORT 4 SUV 315/30R22 107Y XL"
"3528705576332","B085PRDZ5W","MICHELIN","205/55/17","Pneumatico Estate Michelin PRIMACY 4 205/55R17 91W"
"3528705580094","B0DVT8MJM8","MICHELIN","205/55/16","Pneumatico Estate Michelin PRIMACY 5 205/55R16 94V XL"
"3528705583897","B0F6FYZ3GQ","MICHELIN","205/55/17","Pneumatico Estate Michelin E PRIMACY 2 205/55R17 95W XL"
"3528705613952","B089RN45H7","MICHELIN","225/55/17","Pneumatico Estate Michelin PRIMACY 4 225/55R17 101Y XL"
"3528705645953","B0C81445P6","MICHELIN","275/45/20","Pneumatico Estate Michelin PILOT SPORT EV 275/45R20 110Y ACOUSTIC"
"3528705713829","B09PDJ9JD2","MICHELIN","245/45/20","Pneumatico Estate Michelin PILOT SPORT 4 SUV 245/45R20 103V XL"
"3528705715168","B01EYBHPE4","MICHELIN","285/30/20","Michelin SUPER SPORT* XL 285/30/R 20 99 Y - Pneumatico Estivo - B/E/73"
"3528705770334","B09GJXMP9B","MICHELIN","215/55/16","Pneumatico All season Michelin CROSSCLIMATE 2 215/55R16 93V"
"3528705792879","B0F12L39VB","MICHELIN","235/50/19","Pneumatico Estate Michelin PRIMACY 5 235/50R19 103W XL"
"3528705955564","B09GJZF3C2","MICHELIN","185/60/15","Pneumatico All season Michelin CROSSCLIMATE 2 185/60R15 84H"
"3528705960551","B0BQGS8QKR","MICHELIN","235/60/18","Pneumatico Estate Michelin E PRIMACY 235/60R18 103W"
"3528705979898","B08P35SVYS","MICHELIN","255/40/20","Pneumatico Estate Michelin PILOT SPORT 4 255/40ZR20 101Y XL ZP"
"3528706033223","B0F6GBBBS2","MICHELIN","205/55/16","Pneumatico All season Michelin CROSSCLIMATE 3 205/55R16 91W"
"3528706059315","B087M228G7","MICHELIN","255/40/20","Pneumatico Estate Michelin PILOT SPORT 4 S 255/40ZR20 (101Y) XL"
"3528706077371","B0F6FVNVFF","MICHELIN","225/50/19","Pneumatico All season Michelin CROSSCLIMATE 3 225/50R19 100V XL"
"3528706089039","B0F6FTZ29S","MICHELIN","225/45/19","Pneumatico All season Michelin CROSSCLIMATE 3 225/45R19 96W XL"
"3528706110726","B096B6Y57C","MICHELIN","285/35/20","Pneumatico Estate Michelin PILOT SPORT 4 285/35ZR20 104Y XL ZP"
"3528706144790","B09GJLFXPT","MICHELIN","195/45/16","Pneumatico All season Michelin CROSSCLIMATE 2 195/45R16 84V XL"
"3528706166815","B0797Y6YDK","MICHELIN","175/65/15","MICHELIN 175/65 R15 88H Estivo XL Auto"
"3528706169540","B07NPTF9J9","MICHELIN","265/40/22","Pneumatico Estate Michelin PILOT SPORT 4 S 265/40ZR22 (106Y) XL"
"3528706184505","B0F6FV7JY4","MICHELIN","225/50/17","Pneumatico All season Michelin CROSSCLIMATE 3 225/50R17 98Y XL"
"3528706234576","B07PBX2SS8","MICHELIN","275/45/20","Pneumatico Estate Michelin PILOT SPORT 4 SUV 275/45R20 110Y XL"
"3528706260742","B0DVT6ST3D","MICHELIN","225/60/17","Pneumatico Estate Michelin PRIMACY 5 225/60R17 103V XL"
"3528706297618","B09GJTFY3T","MICHELIN","195/55/16","Pneumatico All season Michelin CROSSCLIMATE 2 195/55R16 87V"
"3528706462177","B09JB48GB3","MICHELIN","255/35/18","Pneumatico All season Michelin CROSSCLIMATE 2 255/35R18 94Y XL"
"3528706480645","B07HPK9Y6F","MICHELIN","315/40/21","Pneumatico Estate Michelin LATITUDE SPORT 3 315/40R21 111Y"
"3528706492716","B07PCQP9WM","MICHELIN","255/50/19","Pneumatico Estate Michelin PILOT SPORT 4 SUV 255/50R19 103W"
"3528706558405","B0CCPQ7K11","MICHELIN","235/55/19","Pneumatico Estate Michelin E PRIMACY 235/55R19 105V XL"
"3528706567476","B07HPJSHB8","MICHELIN","215/65/16","Pneumatico All season Michelin AGILIS CROSSCLIMATE 215/65R16C 106/104T"
"3528706574337","B09GJXH917","MICHELIN","245/45/17","Pneumatico All season Michelin CROSSCLIMATE 2 245/45R17 99Y XL"
"3528706599323","B09GK7BYPK","MICHELIN","205/55/16","Pneumatico All season Michelin CROSSCLIMATE 2 205/55R16 91W"
"3528706618413","B09Q38GDWH","MICHELIN","215/60/16","Pneumatico Estate Michelin PRIMACY 4+ 215/60R16 99H XL"
"3528706627804","B07XLJS3LC","MICHELIN","225/45/17","Pneumatico Estate Michelin PRIMACY 4 225/45R17 94Y XL"
"3528706693472","B0F6FRWNK6","MICHELIN","225/45/17","Pneumatico All season Michelin CROSSCLIMATE 3 225/45R17 94Y XL"
"3528706720086","B07VSW58BP","MICHELIN","225/45/19","Pneumatico Estate Michelin PILOT SPORT 4 225/45R19 96W XL"
"3528706752636","B0994T3NGL","MICHELIN","235/60/18","Pneumatico All season Michelin CROSSCLIMATE 2 235/60R18 107H XL"
"3528706800559","B0BH8GPFHM","MICHELIN","245/50/19","Pneumatico Inverno Michelin PILOT ALPIN 5 SUV 245/50R19 105V XL"
"3528706805158","B0FDBHKZ5H","MICHELIN","245/40/19","Pneumatico All season Michelin CROSSCLIMATE 3 SPORT 245/40R19 98Y XL"
"3528706818059","B0F1D1SRL1","BFGOODRICH","275/65/17","Pneumatico Tutte le stagioni BFGoodrich ALL-TERRAIN T/A KO3 LT275/65R17 118/115S LRD RWL"
"3528706831812","B08Z1NY67Q","MICHELIN","275/45/20","Pneumatico Estate Michelin PILOT SPORT 4 SUV 275/45R20 110V XL"
"3528706935596","B09V6D1BNW","MICHELIN","245/45/18","Pneumatico Estate Michelin PILOT SPORT 5 245/45ZR18 (100Y) XL"
"3528706968594","B0F6G8KMS4","MICHELIN","235/50/18","Pneumatico All season Michelin CROSSCLIMATE 3 235/50R18 101Y XL"
"3528706973079","B0F6GBRJ1B","MICHELIN","205/50/17","Pneumatico Estate Michelin PRIMACY 5 205/50R17 89V"
"3528707067197","B087LZTHQ4","MICHELIN","195/70/15","Pneumatico Estate Michelin AGILIS 3 195/70R15C 104/102T"
"3528707082275","B085PQK413","MICHELIN","275/35/19","Pneumatico Estate Michelin PILOT SPORT 4 275/35R19 100Y XL ZP"
"3528707099761","B0F6GJBHH6","MICHELIN","285/45/19","Pneumatico Estate Michelin PILOT SPORT 4 SUV 285/45R19 111W XL"
"3528707106414","B0DVT8ZN78","MICHELIN","225/55/18","Pneumatico Estate Michelin PRIMACY 5 225/55R18 98V"
"3528707119896","B09JCYR726","MICHELIN","275/35/22","Pneumatico Estate Michelin PILOT SPORT 4 S 275/35ZR22 (104Y) XL"
"3528707171351","B07DM3KRBF","MICHELIN","205/75/16","Pneumatico All season Michelin AGILIS CROSSCLIMATE 205/75R16C 113/111R"
"3528707174604","B09JBC8JDK","MICHELIN","275/45/20","Pneumatico All season Michelin CROSSCLIMATE 2 275/45R20 110H XL"
"3528707212887","B0GBZBB213","MICHELIN","215/55/17","Pneumatico Estate Michelin PRIMACY 5 ENERGY 215/55R17 98W XL"
"3528707223401","B07GVQVDN2","MICHELIN","225/55/18","Pneumatico Inverno Michelin PILOT ALPIN 5 225/55R18 102V XL"
"3528707235718","B0F6NX6F2K","MICHELIN","295/45/20","Pneumatico Inverno Michelin PILOT ALPIN 5 SUV 295/45R20 114V XL"
"3528707282361","B09GK16KHG","MICHELIN","215/60/16","Pneumatico All season Michelin CROSSCLIMATE 2 215/60R16 95V"
"3528707404435","B0DVT92H87","MICHELIN","225/45/17","Pneumatico Estate Michelin PRIMACY 5 225/45R17 94W XL"
"3528707414793","B07SXBPDPY","MICHELIN","185/65/15","Pneumatico Estate Michelin PRIMACY 4 185/65R15 88H"
"3528707446541","B07WTWGBMV","MICHELIN","315/30/22","Pneumatico Estate Michelin PILOT SPORT 4 S 315/30ZR22 (107Y) XL"
"3528707460387","B077L313KQ","MICHELIN","275/40/20","Pneumatico Estate Michelin PILOT SPORT 4 S 275/40ZR20 (106Y) XL"
"3528707493217","B09V677XNZ","MICHELIN","245/45/20","Pneumatico Estate Michelin PILOT SPORT 5 245/45ZR20 (103Y) XL"
"3528707603241","B0DVTB7ZKL","MICHELIN","235/45/18","Pneumatico Estate Michelin PRIMACY 5 235/45R18 98W XL"
"3528707634221","B07WWGLGHY","MICHELIN","275/45/21","Pneumatico Estate Michelin PILOT SPORT 4 SUV 275/45ZR21 110Y XL"
"3528707666819","B0GBYJHHVR","MICHELIN","285/45/20","Pneumatico Estate Michelin PILOT SPORT 5 ENERGY 285/45R20 112Y XL"
"3528707808479","B07CZMKLWT","MICHELIN","235/65/16","Pneumatico All season Michelin AGILIS CROSSCLIMATE 235/65R16C 115/113R"
"3528707876119","B07W4D78QS","MICHELIN","195/50/15","Pneumatico All season Michelin CROSSCLIMATE+ 195/50R15 86V XL"
"3528708122550","B09V68QYZR","MICHELIN","245/45/20","Pneumatico Estate Michelin PILOT SPORT 4 SUV 245/45R20 103V XL"
"3528708139909","B0F6FYY8V8","MICHELIN","265/40/20","Pneumatico Estate Michelin PILOT SPORT 4 S 265/40R20 104Y XL"
"3528708141513","B0797Y6BR5","MICHELIN","275/35/20","Michelin Pilot Sport 4S EL FSL - 275/35R20 102Y - Pneumatico Estivo"
"3528708179271","B0F6GBT5ZW","MICHELIN","225/40/19","Pneumatico Estate Michelin E PRIMACY 2 225/40R19 93W XL"
"3528708184008","B0F12TKZ1H","MICHELIN","235/55/18","Pneumatico Estate Michelin PRIMACY 5 235/55R18 104W XL"
"3528708215740","B00B9BSD6M","MICHELIN","255/45/19","Michelin ALPIN PA4 XL 255/45/R19 104 W - Pneumatico Estivo - C/C/71"
"3528708215795","B0F13TNPD4","MICHELIN","225/45/19","Pneumatico Estate Michelin PRIMACY 5 225/45R19 96W XL"
"3528708215825","B01N0WUK57","MICHELIN","255/40/20","Michelin PS4 S XL 255/40/R 20 101 Y - Pneumatico Estivo - B/C/75"
"3528708223196","B07CZLHX86","MICHELIN","195/75/16","Pneumatico All season Michelin AGILIS CROSSCLIMATE 195/75R16C 107/105R"
"3528708234772","B07QGKHQBR","MICHELIN","235/60/18","Pneumatico Estate Michelin LATITUDE SPORT 3 235/60R18 103V"
"3528708253599","B0C815RN23","MICHELIN","235/55/20","Pneumatico Estate Michelin PILOT SPORT EV 235/55R20 105Y XL"
"3528708268685","B09GJN5JQW","MICHELIN","225/45/17","Pneumatico All season Michelin CROSSCLIMATE 2 225/45R17 94Y XL"
"3528708311497","B0F6FZYGQK","MICHELIN","225/45/17","Pneumatico Inverno Michelin ALPIN 7 225/45R17 94V XL"
"3528708313163","B07N8BK3L3","MICHELIN","255/35/19","Pneumatico Estate Michelin PILOT SPORT 4 S 255/35R19 96Y XL"
"3528708321014","B0GLD7B36H","MICHELIN","215/45/17","Pneumatico Estate Michelin PRIMACY 5 215/45R17 87W"
"3528708363250","B0F6GFR9DM","MICHELIN","295/35/21","MICHELIN PILOT SPORT S 5 (AR) 295/35R21 110(Y) (AR) BSW"
"3528708388994","B07HPB3G5V","MICHELIN","285/45/21","Pneumatico Estate Michelin LATITUDE CROSS 285/45R21 113W XL"
"3528708574724","B0F6GBCM65","MICHELIN","235/55/17","Pneumatico All season Michelin CROSSCLIMATE 3 235/55R17 103Y XL"
"3528708649637","B0DVT9B6HQ","MICHELIN","215/50/17","Pneumatico Estate Michelin PRIMACY 5 215/50R17 95W XL"
"3528708666573","B09JCYY51N","MICHELIN","225/45/18","Pneumatico Estate Michelin PRIMACY 4 225/45R18 95Y XL"
"3528708667433","B0BR2JPGKM","MICHELIN","215/55/18","Pneumatico All season Michelin CROSSCLIMATE 2 215/55R18 95H"
"3528708669871","B01N9NVWQK","MICHELIN","235/45/20","Michelin PS4 S XL 235/45/R 20 100 Y - Pneumatico Estivo - B/C/75"
"3528708673618","B0DVT8KGYN","MICHELIN","225/45/17","Pneumatico Estate Michelin PRIMACY 5 225/45R17 91V"
"3528708736092","B0D4M8GK9S","MICHELIN","255/55/18","Pneumatico Estate Michelin LATITUDE TOUR HP 255/55R18 105V"
"3528708753273","B0DVT6P1VH","MICHELIN","205/45/17","Pneumatico Estate Michelin PRIMACY 5 205/45R17 88V XL"
"3528708765146","B07DM2QQFG","MICHELIN","225/70/15","Pneumatico All season Michelin AGILIS CROSSCLIMATE 225/70R15C 112/110R"
"3528708768055","B0BN2SCMB6","MICHELIN","235/50/20","Pneumatico All season Michelin CROSSCLIMATE 2 SUV 235/50R20 104W XL"
"3528708773189","B0DVT9GQ26","MICHELIN","205/55/16","Pneumatico Estate Michelin PRIMACY 5 205/55R16 91V"
"3528708921597","B0F6FYWNRC","MICHELIN","255/35/19","Pneumatico Estate Michelin PILOT SPORT 5 255/35R19 96Y XL"
"3528708922945","B08FF1ZR9Q","MICHELIN","245/45/18","Pneumatico Estate Michelin PRIMACY 4 245/45R18 100W XL"
"3528708947863","B0DVT8WG9H","MICHELIN","235/50/18","Pneumatico Estate Michelin PRIMACY 5 235/50R18 97W"
"3528708958401","B0DVT8BBL6","MICHELIN","215/60/16","Pneumatico Estate Michelin PRIMACY 5 215/60R16 99H XL"
"3528708993259","B0C88DXDQS","MICHELIN","285/45/20","Pneumatico Estate Michelin PILOT SPORT EV 285/45R20 112Y XL"
"3528709009119","B087M6ZL9B","MICHELIN","235/65/16","Pneumatico Estate Michelin AGILIS 3 235/65R16C 115/113R"
"3528709010177","B0DVT9W73R","MICHELIN","225/45/17","Pneumatico Estate Michelin PRIMACY 5 225/45R17 91W"
"3528709073479","B0D9QQ92RY","MICHELIN","225/60/18","Pneumatico Inverno Michelin ALPIN 7 225/60R18 104H XL"
"3528709080545","B09GJNQCVT","MICHELIN","195/60/15","Pneumatico All season Michelin CROSSCLIMATE 2 195/60R15 88H"
"3528709212830","B0DVT6V1L5","MICHELIN","195/55/16","Pneumatico Estate Michelin PRIMACY 5 195/55R16 87V"
"3528709212984","B0F6FLGWN3","MICHELIN","205/50/17","Pneumatico All season Michelin CROSSCLIMATE 3 205/50R17 93W XL"
"3528709282437","B09V68RVL9","MICHELIN","195/60/18","Pneumatico Estate Michelin E PRIMACY 195/60R18 96H XL"
"3528709289498","B087M1Y6J1","MICHELIN","195/75/16","Pneumatico Estate Michelin AGILIS 3 195/75R16C 107/105R"
"3528709302036","B0FDBHQ6BQ","MICHELIN","235/35/19","Pneumatico All season Michelin CROSSCLIMATE 3 SPORT 235/35R19 91Y XL"
"3528709387019","B09V6H66L9","MICHELIN","255/40/20","Pneumatico Estate Michelin PILOT SPORT 5 255/40ZR20 (101Y) XL"
"3528709441438","B0H3TBQHTC","MICHELIN","225/55/17","Pneumatico All season Michelin CROSSCLIMATE 3 225/55R17 101Y XL"
"3528709483896","B00W3P4BT6","MICHELIN","245/50/18","Michelin PRIMACY 3* ZP 245/50/R18 100 Y - Pneumatico Estivo - A/C/71"
"3528709491921","B08VKDBP29","MICHELIN","235/50/19","Pneumatico Estate Michelin PRIMACY 4 235/50R19 103V XL"
"3528709537728","B07RLF2BNN","MICHELIN","225/60/18","Pneumatico Estate Michelin PILOT SPORT 4 SUV 225/60R18 100V"
"3528709605700","B08NXB2LMF","MICHELIN","275/50/21","Pneumatico Inverno Michelin PILOT ALPIN 5 SUV 275/50R21 113V XL"
"3528709629287","B0F6FSPTVJ","MICHELIN","225/50/17","Pneumatico Estate Michelin E PRIMACY 2 225/50R17 98W XL"
"3528709680257","B07P8LX8Y6","MICHELIN","265/45/20","Pneumatico Estate Michelin PILOT SPORT 4 SUV 265/45R20 108Y XL"
"3528709694476","B09Q38VR9Q","MICHELIN","235/55/17","Pneumatico Estate Michelin PRIMACY 4+ 235/55R17 103Y XL"
"3528709723930","B0FDBHPSJ8","MICHELIN","255/45/19","Pneumatico All season Michelin CROSSCLIMATE 3 SPORT 255/45R19 104Y XL"
"3528709748551","B0FMS54GB7","MICHELIN","215/55/16","Pneumatico Estate Michelin PRIMACY 5 215/55R16 97W XL"
"3528709810517","B09V6KNGH2","MICHELIN","235/50/18","Pneumatico Estate Michelin PILOT SPORT 5 235/50ZR18 (101Y) XL"
"3528709811132","B0F6G419BY","MICHELIN","225/40/18","Pneumatico Estate Michelin PILOT SPORT 4 225/40ZR18 92Y XL"
"3528709820424","B0847T6LMJ","MICHELIN","185/65/15","Pneumatico Estate Michelin PRIMACY 4 185/65R15 92T XL"
"3528709838672","B08Z21QF84","MICHELIN","285/50/20","Pneumatico Estate Michelin PILOT SPORT 4 SUV 285/50R20 116W XL"
"3528709937924","B08NX6YT21","MICHELIN","245/45/20","Pneumatico Inverno Michelin PILOT ALPIN 5 SUV 245/45R20 103V XL"
"3528709948548","B07CM8ZGPH","MICHELIN","285/35/20","Michelin Pilot Sport 4S XL FSL - 285/35R20 104Y - Pneumatico Estivo"
"4019238002478","B07FDCGB94","CONTINENTAL","235/45/18","Continental PremiumContact 6 XL FR - 235/45R18 98W - Pneumatico Estivo"
"4019238005059","B07C6HL8YT","CONTINENTAL","235/45/20","Continental PremiumContact 6 XL FR - 235/45R20 100W - Pneumatico Estivo"
"4019238005110","B07HM39DFQ","CONTINENTAL","205/65/16","Continental VanContact Eco - 205/65R16 107T - Pneumatico Estivo"
"4019238005127","B07HMGDKZ5","CONTINENTAL","215/65/16","Continental VanContact Eco - 215/65R16 109T - Pneumatico Estivo"
"4019238005189","B07TB3XXQ6","CONTINENTAL","285/45/22","Continental PremiumContact 6 XL FSL - 285/45R22 114Y - Pneumatico Estivo"
"4019238005202","B074QWL881","CONTINENTAL","265/30/20","Continental SportContact 5 P XL FR - 265/30R20 94Y - Pneumatico Estivo"
"4019238005899","B07WPFWLSG","CONTINENTAL","255/35/19","255/35YR19 CONTI TL SC-6 MO1 FR XL 96Y E"
"4019238006155","B07H4SH7LF","CONTINENTAL","215/60/17","Continental VanContact Winter M+S - 215/60R17 109T - Pneumatico Invernale"
"4019238006193","B07CZSVCM7","CONTINENTAL","215/75/16","Continental VanContact 4Season M+S - 215/75R16 116R - Pneumatico 4 stagioni"
"4019238006629","B086Q5Q2D9","CONTINENTAL","235/50/19","235/50Yr19 Conti Tl Sc-6 Fr Mo1 (Eu) 99Y E"
"4019238006636","B07X9NTMWK","CONTINENTAL","255/35/21","Continental SportContact 6 XL FR - 255/35R21 98Y - Pneumatico Estivo"
"4019238007763","B07PP8DBT6","CONTINENTAL","295/35/24","Continental SportContact 6 XL FR - 295/35R24 110Y - Pneumatico Estivo"
"4019238007770","B01CFD5S9C","CONTINENTAL","335/30/24","CONTINENTAL 335/30 R24 112Y SportContact 6XL"
"4019238009095","B07MQ6HZPQ","CONTINENTAL","245/35/20","CONTINENTAL CONTI TL TS-860 S FR XL (EU) 95W * E* 245/35R20 95W - FR/XL/M+S/3PMSF"
"4019238009217","B07JMT3HGZ","CONTINENTAL","275/35/20","Continental WinterContact TS 860 S XL FSL M+S - 275/35R20 102V - Pneumatico Invernale"
"4019238009224","B07GWPMQ86","CONTINENTAL","245/40/19","Continental WinterContact TS 860 S XL FSL M+S - 245/40R19 98V - Pneumatico Invernale"
"4019238009361","B07JW6DBR9","CONTINENTAL","275/40/20","CONTINENTAL 275/40 R20 106V Invernale XL Runflat Auto"
"4019238009941","B07WWK2ZP2","CONTINENTAL","275/45/20","Continental TS-860 S SSR FR XL – 275/45R20 110V – Pneumatici invernali"
"4019238009989","B07GF2S8MM","CONTINENTAL","235/45/18","Continental WinterContact TS 860 S FR M+S - 235/45R18 94V - Pneumatico Invernale"
"4019238010039","B07G1Z69CB","CONTINENTAL","275/50/21","Continental WinterContact TS 860 S XL FR M+S - 275/50R21 113V - Pneumatico Invernale"
"4019238010053","B075CBVG5V","CONTINENTAL","235/45/19","Continental SportContact 5 SUV FR - 235/45R19 95V - Pneumatico Estivo"
"4019238010657","B07C2XGVVB","CONTINENTAL","155/65/14","Continental AllSeasonContact M+S - 155/65R14 75T - Pneumatico 4 stagioni"
"4019238010770","B07MMBT174","CONTINENTAL","235/45/19","Continental PremiumContact 6 XL FR - 235/45R19 99V - Pneumatico Estivo"
"4019238013399","B07DVB26ZY","CONTINENTAL","235/35/19","Continental SportContact 5 P XL FR - 235/35R19 91Y - Pneumatico Estivo"
"4019238013443","B07HZS754F","CONTINENTAL","235/35/19","Continental SportContact 5 P XL FR - 235/35R19 91Y - Pneumatico Estivo"
"4019238013450","B07N2Z6WJH","CONTINENTAL","255/30/19","Continental SportContact 5 P XL FR - 255/30R19 91Y - Pneumatico Estivo"
"4019238013511","B07GSTXYH6","CONTINENTAL","255/40/19","Continental SportContact 5 P XL FR - 255/40R19 100Y - Pneumatico Estivo"
"4019238013733","B07DKRM3NH","CONTINENTAL","235/40/20","CONTINENTAL 235/40 R20 96Y Estivo XL Auto"
"4019238013740","B07BQPJK9H","CONTINENTAL","265/35/21","CONTINENTAL 265/35 R21 101Y Estivo XL Auto"
"4019238013856","B07GST2K2M","CONTINENTAL","255/35/19","Continental SportContact 5 P XL FR - 255/35R19 96Y - Pneumatico Estivo"
"4019238013931","B07C39PPSF","CONTINENTAL","285/30/19","CONTINENTAL 285/30 R19 98Y Estivo XL Auto"
"4019238014945","B07HM395Z6","CONTINENTAL","225/70/15","Continental VanContact Eco - 225/70R15 112R - Pneumatico Estivo"
"4019238015140","B086Q5L5LX","CONTINENTAL","215/60/16","CONTINENTAL 215/60 R16 95V Estivo Auto"
"4019238016383","B096B97L67","CONTINENTAL","235/55/18","CONTINENTAL 235/55 R18 104T Estivo XL Runflat Auto"
"4019238019391","B07H5MMC54","CONTINENTAL","245/35/20","CONTINENTAL 245/35 R20 95Y Estivo XL Auto"
"4019238020403","B085PSB1SS","CONTINENTAL","235/55/18","Continental 73210 Pneumatico 235/55 R18 100W Ecocontact 6 Mo, Mercedes"
"4019238020410","B08497J4SD","CONTINENTAL","235/50/19","Continental 73196 Pneumatico 235/50 R19 99W Ecocontact 6 Mo, Mercedes"
"4019238020434","B07KT93KKD","CONTINENTAL","235/55/19","Pneumatici per tutte le stagioni 235/55 R19 105 V Continental AllSeasonContactTM XL FR M+S"
"4019238020748","B08497LTHD","CONTINENTAL","245/40/19","Continental 73241 Pneumatico 245/40 R19 98Y Ecocontact 6 Mo, Mercedes"
"4019238020977","B07KJNSS2B","CONTINENTAL","285/40/22","Continental SportContact 5 XL FR - 285/40R22 110Y - Pneumatico Estivo"
"4019238022766","B086Q6GYF5","CONTINENTAL","245/40/19","CONTINENTAL PREMIUMCONTACT 6 SSR 245/40 R19 98Y BMW RFT XL"
"4019238022773","B086Q6BQBW","CONTINENTAL","275/35/19","CONTINENTAL 275/35 R19 100Y PremiumContact 6 RFT*(BMW)"
"4019238023282","B07JMFFDG1","CONTINENTAL","215/70/15","Continental Van Contact 100 215/70R15 109/107S - Pneumatici estivi per auto"
"4019238023756","B08MQRX9MZ","CONTINENTAL","235/55/18","CONTINENTAL 235/55 R18 104V Estivo XL Auto"
"4019238023763","B08WRCVFNM","CONTINENTAL","215/65/17","CONTINENTAL 215/65 R17 103V EcoContact 6"
"4019238023770","B089RNGZFL","CONTINENTAL","235/50/19","CONTINENTAL 235/50 R19 103V PremiumContact 6"
"4019238024593","B07WTWBJXV","CONTINENTAL","265/40/22","Continental WinterContact TS 850 P SUV XL FSL M+S - 265/40R22 106V - Pneumatico Invernale"
"4019238024814","B07WWY8LHN","CONTINENTAL","265/45/21","Continental WinterContact TS 850 P SUV XL FSL M+S - 265/45R21 108V - Pneumatico Invernale"
"4019238025927","B086Q6TYWW","CONTINENTAL","235/55/19","CONTINENTAL 235/55 R19 105V Estivo XL Auto"
"4019238026054","B07KCJXT9Y","CONTINENTAL","225/50/17","Continental SportContact 5 - 225/50R17 94W - Pneumatico Estivo"
"4019238030303","B09JCZS2K8","CONTINENTAL","295/40/21","295/40YR21 CONTI TL SC-6 NE0 FR XL 111Y *E*"
"4019238030785","B07TYPMQHN","CONTINENTAL","225/45/18","Continental PremiumContact 6 XL FR - 225/45R18 95Y - Pneumatico Estivo"
"4019238030792","B07V5WGJL6","CONTINENTAL","245/40/18","Continental PremiumContact 6 XL FR - 245/40R18 97Y - Pneumatico Estivo"
"4019238030891","B086Q6D8NX","CONTINENTAL","215/55/17","CONTINENTAL 215/55 R17 94V EcoContact 6 AO(AUDI)"
"4019238030945","B086Q5QJDQ","CONTINENTAL","315/40/21","CONTINENTAL 315/40 R21 111Y SportContact 6 MO(MERCEDES) SILENT"
"4019238030969","B086Q4ZTNP","CONTINENTAL","275/45/21","CONTINENTAL 275/45 R21 107Y SportContact 6 MO(MERCEDES) SILENT"
"4019238032062","B07P6RS7XK","CONTINENTAL","195/55/16","CONTINENTAL - EcoContact 6 - 195/55 R 16 - 87H/A/B/71dB - Pneumatico estivo"
"4019238032192","B092CPKZL9","CONTINENTAL","215/55/17","CONTINENTAL 215/55 R17 98H 4 Stagioni XL Auto"
"4019238032215","B07S2S99RM","CONTINENTAL","255/40/21","Continental SportContact 6 XL FR - 255/40R21 102Y - Pneumatico Estivo"
"4019238034295","B0BWZ2H9X7","CONTINENTAL","225/45/19","CONTINENTAL 225/45 R19 96W ECOCONTACT 6 XL *(BMW)"
"4019238035681","B093LT9JBY","CONTINENTAL","215/65/16","CONTINENTAL 215/65 R16 102H 4 Stagioni XL Auto"
"4019238037081","B08QDLFJCB","CONTINENTAL","255/40/18","CONTINENTAL 255/40 R18 99Y Estivo XL Auto"
"4019238037500","B086Q4G5JK","CONTINENTAL","225/55/17","CONTINENTAL VANCONTACT 4Season – 225/55R17C 109/107H (H) C/B/73dB – Pneumatici per tutte le stagioni"
"4019238037524","B07WRRKNRN","CONTINENTAL","275/35/21","CONTINENTAL 275/35 ZR21 103Y Estivo XL Auto Compatibilità con AUDI A8 4H2, 4H8, 4HC, 4HL A6 Avant 4A5, C8 A7 Sportback 4KA, PORSCHE PANAMERA 971"
"4019238038095","B093LPRNSL","CONTINENTAL","235/55/18","CONTINENTAL - EcoContact 6-235/55 R 18-100V/A/A/71dB - Pneumatico estivo"
"4019238038446","B08Z2BNMXS","CONTINENTAL","215/50/19","Continental 73435 Pneumatico 215/50 R19 93T Allseasoncontact Contiseal"
"4019238038583","B086Q6G7LS","CONTINENTAL","215/50/19","CONTINENTAL 215/50 R19 93T Estivo Auto"
"4019238038613","B091BHH6YJ","CONTINENTAL","255/40/21","255/40VR21 CONTI TL CROSS RX AR FR XL 102V E"
"4019238039153","B09TQJS52G","CONTINENTAL","255/35/21","CONTINENTAL - SportContact 7-255/35 ZR 21-98Y/C/A/73dB - Pneumatico estivo"
"4019238039160","B09TVJVSNB","CONTINENTAL","265/30/20","CONTINENTAL - SportContact 7-265/30 ZR 20-94Y/D/A/73dB - Pneumatico estivo"
"4019238039191","B09N25NTLC","CONTINENTAL","275/30/20","CONTINENTAL - SportContact 7-275/30 ZR 20-97Y/D/A/73dB - Pneumatico estivo"
"4019238039207","B09R1RGY9Y","CONTINENTAL","275/40/20","CONTINENTAL - SportContact 7-275/40 ZR 20-106Y/C/A/73dB - Pneumatico estivo"
"4019238039528","B07WX1H9H1","CONTINENTAL","285/40/21","Continental SportContact 5 SUV XL FSL - 285/40R21 109Y - Pneumatico Estivo"
"4019238039733","B08G4M9M11","CONTINENTAL","245/45/20","245/45Vr20 Conti Tl Ts-860 S Ssr Xl (Eu)103V E"
"4019238039771","B098D2SF68","CONTINENTAL","275/55/20","275/55VR20 CONTI TL TS-860 S XL 117V E"
"4019238039993","B093LPLG8G","CONTINENTAL","245/45/21","Continental 78092 Pneumatico 245/45 R21 104Y Premiumcontact 6 Xl"
"4019238040265","B089RMSRQR","CONTINENTAL","235/55/18","CONTINENTAL 235/55 R18 100V 4 Stagioni Auto"
"4019238040357","B08M421XD5","CONTINENTAL","195/70/15","Continental 78121 Pneumatico 195/70 R15C 104/102R Vancontact Eco"
"4019238040524","B09R1RR85B","CONTINENTAL","255/40/19","CONTINENTAL - SportContact 7-255/40 ZR 19-100Y/C/A/73dB - Pneumatico estivo"
"4019238040531","B09QYGZQDZ","CONTINENTAL","255/35/19","CONTINENTAL - SportContact 7-255/35 ZR 19-96Y/D/A/73dB - Pneumatico estivo"
"4019238040548","B09TQKCP66","CONTINENTAL","225/35/19","CONTINENTAL - SportContact 7-225/35 ZR 19-88Y/D/A/72dB - Pneumatico estivo"
"4019238040555","B09R1RF5XS","CONTINENTAL","245/40/19","CONTINENTAL - SportContact 7-245/40 ZR 19-98Y/C/A/72dB - Pneumatico estivo"
"4019238040562","B09KZM366L","CONTINENTAL","255/35/20","CONTINENTAL - SportContact 7-255/35 ZR 20-97Y/C/A/73dB - Pneumatico estivo"
"4019238040579","B09V5SQYHK","CONTINENTAL","245/35/20","CONTINENTAL - SportContact 7-245/35 ZR 20-95Y/C/A/72dB - Pneumatico estivo"
"4019238040593","B09V5SDRSK","CONTINENTAL","245/35/19","CONTINENTAL - SportContact 7-245/35 ZR 19-93Y/D/A/72dB - Pneumatico estivo"
"4019238040616","B09R1QNH3M","CONTINENTAL","275/35/19","CONTINENTAL - SportContact 7-275/35 ZR 19-100Y/D/A/73dB - Pneumatico estivo"
"4019238040623","B09V5T158M","CONTINENTAL","295/30/22","CONTINENTAL - SportContact 7-295/30 ZR 22-103Y/C/A/73dB - Pneumatico estivo"
"4019238040630","B09QPZST6P","CONTINENTAL","255/30/19","CONTINENTAL - SportContact 7-255/30 ZR 19-91Y/D/A/73dB - Pneumatico estivo"
"4019238040678","B09R1RCN45","CONTINENTAL","275/30/19","CONTINENTAL - SportContact 7-275/30 ZR 19-96Y/D/A/73dB - Pneumatico estivo"
"4019238040692","B09V5R71XY","CONTINENTAL","245/30/20","CONTINENTAL - SportContact 7-245/30 ZR 20-90Y/D/A/72dB - Pneumatico estivo"
"4019238040708","B09V5RLRYP","CONTINENTAL","235/40/19","CONTINENTAL - SportContact 7-235/40 ZR 19-96Y/D/A/72dB - Pneumatico estivo"
"4019238040746","B09V5QV1BV","CONTINENTAL","225/35/20","CONTINENTAL - SportContact 7-225/35 ZR 20-90Y/D/A/72dB - Pneumatico estivo"
"4019238040777","B09R1RR5HW","CONTINENTAL","275/40/22","CONTINENTAL - SportContact 7-275/40 ZR 22-107Y/C/A/73dB - Pneumatico estivo"
"4019238040791","B09V5Q118H","CONTINENTAL","295/30/19","CONTINENTAL - SportContact 7-295/30 ZR 19-100Y/C/A/73dB - Pneumatico estivo"
"4019238041194","B08QDLBMB5","CONTINENTAL","235/55/18","CONTINENTAL - EcoContact 6-235/55 R 18-104T/A/B/71dB - Pneumatico estivo"
"4019238041477","B081SFX87L","CONTINENTAL","275/35/21","CONTINENTAL 275/35 ZR21 103Y Estivo XL Auto"
"4019238041828","B09JCX5P2D","CONTINENTAL","245/35/21","CONTINENTAL - SportContact 7-245/35 ZR 21-96Y/C/A/72dB - Pneumatico estivo"
"4019238041835","B09JCYDD5B","CONTINENTAL","285/30/21","CONTINENTAL - SportContact 7-285/30 ZR 21-100Y/C/A/75dB - Pneumatico estivo"
"4019238041996","B09V5SDGJ1","CONTINENTAL","255/50/19","255/50WR19 CONTI TL ECO 6 Q MO XL 107W E"
"4019238042023","B095L6YV5K","CONTINENTAL","235/55/19","CONTINENTAL 235/55 R19 105W Estivo XL Auto"
"4019238042047","B085F2S738","CONTINENTAL","225/40/18","Continental 78066 Pneumatico 225/40 R18 92Y Ecocontact 6 Xl Ar, Alfa Romeo"
"4019238042061","B087M3JQV8","CONTINENTAL","215/50/18","CONTINENTAL 215/50 R18 92W Estivo Auto"
"4019238042078","B086Q6Q8KQ","CONTINENTAL","245/45/20","CONTINENTAL 245/45 R20 103W CrossContact LX Sport XL LR(LAND ROVER)"
"4019238042399","B096B8C4FB","CONTINENTAL","275/45/20","CONTINENTAL 275/45 R20 110V Estivo XL Fuoristrada"
"4019238042412","B099S4MHN4","CONTINENTAL","265/45/20","265/45VR20 CONTI TL CR LX SP CSI T1 FR BSW XL (EU)108V *E*"
"4019238042894","B08Z214N7D","CONTINENTAL","285/35/22","CONTINENTAL 285/35 R22 106Y SportContact 6 XL T0(TESLA) SILENT"
"4019238043808","B086Q7KV56","CONTINENTAL","205/55/16","CONTINENTAL - EcoContact 6-205/55 R 16-91H/A/A/71dB - Pneumatico estivo"
"4019238044010","B09V6CTF2M","CONTINENTAL","235/50/19","235/50TR19 CONTI TL ALLSEASONCONTACT SEAL (+) 99T E"
"4019238044195","B09JCZH4JH","CONTINENTAL","255/40/20","255/40VR20 CONTI TL ECO 6 Q (+) CSI XL 44795 101T E"
"4019238044218","B09V6FN6HG","CONTINENTAL","255/45/19","255/45TR19 CONTI TL ECO 6 Q SEAL (+) 44795 100T E"
"4019238045949","B086Q6QZRC","CONTINENTAL","225/60/18","CONTINENTAL 225/60 R18 104V PremiumContact 6 XL"
"4019238046076","B09JCW2QDH","CONTINENTAL","235/50/20","235/50TR20 CONTI TL ECO 6 Q SEAL (+) XL Jun21 104T *E*"
"4019238046083","B09JCZ255Q","CONTINENTAL","265/45/20","265/45TR20 CONTI TL ECO-6 Q SEAL (+) XL 108T *E*"
"4019238046786","B09JCYQG6X","CONTINENTAL","255/55/18","255/55HR18 CONTI TL TS-850 P MO XL 109H E"
"4019238046823","B08Z1ZDTXG","CONTINENTAL","205/55/17","CONTINENTAL 205/55 R17 95V PREMIUM 6"
"4019238048537","B08QGDX42N","CONTINENTAL","235/45/18","CONTINENTAL 235/45 R18 94V Estivo Auto"
"4019238048735","B08Z25KNS2","CONTINENTAL","265/45/21","CONTINENTAL 265/45 R21 108H Estivo XL Auto"
"4019238048933","B086Q6C9VP","CONTINENTAL","235/40/19","CONTINENTAL CONTISPORTCONTACT 5 235/40 R19 96Y XL"
"4019238049046","B08Z1CJMD6","CONTINENTAL","235/55/18","CONTINENTAL 235/55 R18 100V EcoContact 6"
"4019238049725","B099S2T1PB","CONTINENTAL","235/65/16","CONTINENTAL VANCONTACT ECO 10PR – 235/65R16C 121/119R – A/A/A/72dB – Pneumatici estivi"
"4019238049954","B09JCZ52DC","CONTINENTAL","245/45/18","CONTINENTAL - SportContact 7-245/45 ZR 18-100Y/B/A/72dB - Pneumatico estivo"
"4019238050165","B08L1FVBGR","CONTINENTAL","215/75/16","Continental 78124 Pneumatico 215/75 R16 116/114R Vancontact Eco"
"4019238054057","B095L63YYJ","CONTINENTAL","215/55/17","CONTINENTAL - WinterContact TS 870 P - 215/55 R 17-94H/C/B/71dB - Pneumatico invernale"
"4019238054064","B095L8WLKS","CONTINENTAL","215/55/17","CONTINENTAL - WinterContact TS 870 P - 215/55 R 17-98V/B/B/71dB - Pneumatico invernale"
"4019238054071","B095L5B1CZ","CONTINENTAL","205/60/16","CONTINENTAL - WinterContact TS 870 P - 205/60 R 16-92H/C/B/71dB - Pneumatico invernale"
"4019238054101","B095L5GD16","CONTINENTAL","215/65/16","CONTINENTAL - WinterContact TS 870 P - 215/65 R 16-98H/C/B/71dB - Pneumatico invernale"
"4019238054125","B095L51P9S","CONTINENTAL","205/55/17","CONTINENTAL - WinterContact TS 870 P - 205/55 R 17-91H/C/B/71dB - Pneumatico invernale"
"4019238054149","B095L48LMM","CONTINENTAL","205/50/17","CONTINENTAL - WinterContact TS 870 P - 205/50 R 17-93H/C/B/71dB - Pneumatico invernale"
"4019238054187","B095L69RS8","CONTINENTAL","215/60/17","CONTINENTAL - WinterContact TS 870 P - 215/60 R 17-100V/B/B/71dB - Pneumatico invernale"
"4019238054293","B095L5K3F1","CONTINENTAL","225/65/17","CONTINENTAL - WinterContact TS 870 P - 225/65 R 17-102T/C/B/71dB - Pneumatico invernale"
"4019238054316","B095L4YKS2","CONTINENTAL","225/45/18","CONTINENTAL - WinterContact TS 870 P - 225/45 R 18-95V/C/B/71dB - Pneumatico invernale"
"4019238054323","B095L5QQK9","CONTINENTAL","225/55/18","CONTINENTAL - WinterContact TS 870 P - 225/55 R 18-102V/B/B/71dB - Pneumatico invernale"
"4019238054354","B095L6KLMS","CONTINENTAL","225/40/18","CONTINENTAL - WinterContact TS 870 P - 225/40 R 18-92V/C/B/71dB - Pneumatico invernale"
"4019238054361","B095L7YQ73","CONTINENTAL","225/55/17","CONTINENTAL - WinterContact TS 870 P - 225/55 R 17-101V/B/B/71dB - Pneumatico invernale"
"4019238054385","B095L45ZDJ","CONTINENTAL","225/60/18","CONTINENTAL - WinterContact TS 870 P - 225/60 R 18-104V/B/B/71dB - Pneumatico invernale"
"4019238054569","B095L3QY5Y","CONTINENTAL","225/65/17","CONTINENTAL - WinterContact TS 870 P - 225/65 R 17-102H/C/B/71dB - Pneumatico invernale"
"4019238054583","B095L5S273","CONTINENTAL","235/40/19","CONTINENTAL - WinterContact TS 870 P - 235/40 R 19-96V/C/B/71dB - Pneumatico invernale"
"4019238054637","B095L3T1WR","CONTINENTAL","245/45/18","CONTINENTAL - WinterContact TS 870 P - 245/45 R 18-100V/C/B/71dB - Pneumatico invernale"
"4019238054675","B095L7JB8J","CONTINENTAL","255/55/18","CONTINENTAL - WinterContact TS 870 P - 255/55 R 18-109V/B/B/72dB - Pneumatico invernale"
"4019238054699","B095L6TBCH","CONTINENTAL","245/40/18","CONTINENTAL - WinterContact TS 870 P - 245/40 R 18-97V/C/B/71dB - Pneumatico invernale"
"4019238054729","B095L53ZZ9","CONTINENTAL","235/55/17","CONTINENTAL - WinterContact TS 870 P - 235/55 R 17-99H/C/B/71dB - Pneumatico invernale"
"4019238054767","B095L6VWN5","CONTINENTAL","215/50/17","CONTINENTAL - WinterContact TS 870 P - 215/50 R 17-95V/C/B/71dB - Pneumatico invernale"
"4019238054781","B095L3VGY3","CONTINENTAL","235/55/18","CONTINENTAL - WinterContact TS 870 P - 235/55 R 18-104V/C/B/71dB - Pneumatico invernale"
"4019238054804","B095L4Q6QD","CONTINENTAL","235/45/18","CONTINENTAL - WinterContact TS 870 P - 235/45 R 18-98V/C/B/71dB - Pneumatico invernale"
"4019238055443","B0BVFRVLYJ","CONTINENTAL","315/35/22","315/35Vr22 Conti Tl Ts-860 S Nc0 Fr Xl Mrt 2023 111V"
"4019238056624","B09JCY4C2X","CONTINENTAL","215/60/17","Continental 215/60 R 17 TL 96H ECOCONTACT 6 Q"
"4019238060430","B095L634LC","CONTINENTAL","235/45/20","CONTINENTAL - WinterContact TS 870 P - 235/45 R 20-100W/B/B/71dB - Pneumatico invernale"
"4019238060447","B095L5DFV4","CONTINENTAL","235/65/19","235/65VR19 CONTI TL TS-860 S FR XL 109V E"
"4019238060508","B09JCX6GGH","CONTINENTAL","235/45/21","235/45ZR21 CONTI TL SC-6 FR XL 101Y E"
"4019238060676","B095L62B61","CONTINENTAL","265/45/21","265/45VR21 CONTI TL TS-860 S FR XL 44763 108V E"
"4019238060898","B09V5VYQV6","CONTINENTAL","275/30/20","275/30YR20 CONTI TL ECO 6 Q MO XL 44734 97Y E"
"4019238060904","B09V6LLC8Y","CONTINENTAL","245/35/20","245/35YR20 CONTI TL ECO 6 Q MO XL 44734 95Y E"
"4019238061369","B08Z22756K","CONTINENTAL","275/35/21","CONTINENTAL CONTISPORTCONTACT 5P XL FR ND0 – 275/35R21 103Y – Pneumatici estivi – C/A/73dB"
"4019238061420","B08Z21W9VD","CONTINENTAL","265/40/20","CONTINENTAL 265/40 ZR20 104Y Estivo XL Auto"
"4019238062212","B08Z1X7153","CONTINENTAL","225/45/19","CONTINENTAL 225/45 R19 96W Estivo XL Auto"
"4019238062267","B093LQ37MB","CONTINENTAL","235/60/18","CONTINENTAL 235/60 R18 103T Invernale Auto"
"4019238062687","B093LQK5N5","CONTINENTAL","255/40/20","CONTINENTAL 255/40 R20 101Y Estivo XL Auto"
"4019238063745","B095L425MS","CONTINENTAL","245/40/20","245/40WR20 CONTI TL TS-860 S FR XL (EU) 99W *E*"
"4019238063950","B0BR5DT6ZG","CONTINENTAL","195/55/20","CONTINENTAL - WinterContact TS 870 P - 195/55 R 20-95H/B/B/71dB - Pneumatico invernale"
"4019238064032","B0BR5GR6NN","CONTINENTAL","235/55/19","CONTINENTAL - WinterContact TS 870 P - 235/55 R 19-105H/B/B/71dB - Pneumatico invernale"
"4019238064070","B0BVFNW8FJ","CONTINENTAL","215/45/18","CONTINENTAL - WinterContact TS 870 P - 215/45 R 18-93V/C/B/71dB - Pneumatico invernale"
"4019238064087","B0BRPFJGYB","CONTINENTAL","215/55/18","CONTINENTAL - WinterContact TS 870 P - 215/55 R 18-99V/C/B/71dB - Pneumatico invernale"
"4019238064155","B0BR5G789J","CONTINENTAL","235/50/18","CONTINENTAL - WinterContact TS 870 P - 235/50 R 18-101V/B/B/71dB - Pneumatico invernale"
"4019238064162","B0BR5GH8MR","CONTINENTAL","275/45/20","CONTINENTAL - WinterContact TS 870 P - 275/45 R 20-110V/C/B/71dB - Pneumatico invernale"
"4019238064186","B0BSLWFY9Q","CONTINENTAL","255/45/20","CONTINENTAL - WinterContact TS 870 P - 255/45 R 20-105V/C/B/71dB - Pneumatico invernale"
"4019238064216","B0BVFL3TCB","CONTINENTAL","225/60/17","CONTINENTAL - WinterContact TS 870 P - 225/60 R 17-99H/C/B/71dB - Pneumatico invernale"
"4019238064223","B0BR5G789T","CONTINENTAL","225/50/18","CONTINENTAL - WinterContact TS 870 P - 225/50 R 18-99V/C/B/71dB - Pneumatico invernale"
"4019238064537","B08Z26SDPG","CONTINENTAL","235/45/18","235/45WR18 CONTI TL SC-5 FR (EU) 94W *E*"
"4019238064568","B093LR5V7W","CONTINENTAL","255/45/20","CONTINENTAL 255/45 R20 105H Estivo XL Auto"
"4019238064575","B093LR2TLV","CONTINENTAL","255/45/20","CONTINENTAL 255/45 R20 105H PREMIUM CONTACT 6 XL CONTISILENT"
"4019238065206","B09V5QNPMN","CONTINENTAL","245/40/19","CONTINENTAL - EcoContact 6-245/40 R 19-101Y/B/B/72dB - Pneumatico estivo"
"4019238065213","B09TD9PLHT","CONTINENTAL","235/50/19","235/50VR19 CONTI TL PREMIUM 6 SEAL (EU) 99V E"
"4019238065923","B09V6GY866","CONTINENTAL","225/45/17","CONTINENTAL - UltraContact - 225/45 R 17-94W/B/A/70dB - Pneumatico estivo"
"4019238065930","B09RPJ54HF","CONTINENTAL","225/50/17","CONTINENTAL - UltraContact - 225/50 R 17-94V/B/A/69dB - Pneumatico estivo"
"4019238065978","B09RP8BHPP","CONTINENTAL","225/65/17","CONTINENTAL - UltraContact - 225/65 R 17-102H/B/A/69dB - Pneumatico estivo"
"4019238065985","B09V5TM8NP","CONTINENTAL","225/60/18","CONTINENTAL - UltraContact - 225/60 R 18-100H/B/A/69dB - Pneumatico estivo"
"4019238066012","B09V6GZKMR","CONTINENTAL","235/60/18","CONTINENTAL - UltraContact - 235/60 R 18-103V/B/A/70dB - Pneumatico estivo"
"4019238066036","B09V6GYVWJ","CONTINENTAL","195/55/16","CONTINENTAL - UltraContact - 195/55 R 16-87H/C/A/69dB - Pneumatico estivo"
"4019238066081","B09V5TJXDV","CONTINENTAL","205/60/16","CONTINENTAL - UltraContact - 205/60 R 16-92H/B/A/69dB - Pneumatico estivo"
"4019238066098","B09V5TRYZX","CONTINENTAL","205/60/16","CONTINENTAL - UltraContact - 205/60 R 16-96H/B/A/69dB - Pneumatico estivo"
"4019238066104","B09V6FX7RP","CONTINENTAL","205/60/16","CONTINENTAL - UltraContact - 205/60 R 16-96V/B/A/69dB - Pneumatico estivo"
"4019238066142","B09V6D7PVM","CONTINENTAL","205/50/17","CONTINENTAL - UltraContact - 205/50 R 17-89V/B/A/69dB - Pneumatico estivo"
"4019238066159","B09V5TWY5H","CONTINENTAL","205/50/17","CONTINENTAL - UltraContact - 205/50 R 17-93W/B/A/69dB - Pneumatico estivo"
"4019238066173","B09V6BDBDH","CONTINENTAL","215/45/17","CONTINENTAL - UltraContact - 215/45 R 17-91Y/B/A/70dB - Pneumatico estivo"
"4019238066203","B09V6FHN7K","CONTINENTAL","225/60/17","CONTINENTAL - UltraContact - 225/60 R 17-99H/B/A/69dB - Pneumatico estivo"
"4019238066449","B09V6K4TY2","CONTINENTAL","215/60/17","CONTINENTAL - UltraContact - 215/60 R 17-96H/B/A/69dB - Pneumatico estivo"
"4019238066593","B09V6B8D2J","CONTINENTAL","205/55/16","CONTINENTAL - UltraContact - 205/55 R 16-91H/B/A/69dB - Pneumatico estivo"
"4019238066609","B09RTWHMR2","CONTINENTAL","205/55/16","CONTINENTAL - UltraContact - 205/55 R 16-91V/B/A/69dB - Pneumatico estivo"
"4019238066623","B09TGKWZPH","CONTINENTAL","205/55/16","CONTINENTAL - UltraContact - 205/55 R 16-94V/B/A/69dB - Pneumatico estivo"
"4019238066654","B09V6G2X34","CONTINENTAL","205/45/17","CONTINENTAL - UltraContact - 205/45 R 17-88V/B/A/71dB - Pneumatico estivo"
"4019238066661","B09V6G361G","CONTINENTAL","205/45/17","CONTINENTAL - UltraContact - 205/45 R 17-88W/B/A/71dB - Pneumatico estivo"
"4019238066715","B09V5VNQDC","CONTINENTAL","225/55/18","CONTINENTAL - UltraContact - 225/55 R 18-98V/B/A/69dB - Pneumatico estivo"
"4019238067408","B09V6P3QYN","CONTINENTAL","235/50/18","235/50VR18 CONTI TL ECO 6 Q XL 44856 101V E"
"4019238071160","B09V68RWW6","CONTINENTAL","235/65/16","CONTINENTAL VanContact Ultra – 235/65 R16 115R – A/B/71dB – Pneumatici estivi (Van/furgone)"
"4019238071603","B09V6JXCFX","CONTINENTAL","205/65/16","205/65R16C CONTI TL VANCONTACT ULTRA 107T E"
"4019238071610","B09V5TTMX1","CONTINENTAL","225/65/16","225/65R16C CONTI TL VANCONTACT ULTRA 112R E"
"4019238071672","B09V6K4VXR","CONTINENTAL","235/65/16","235/65R16C CONTI TL VANCONTACT ULTRA 121R E"
"4019238071733","B09V68QYVX","CONTINENTAL","205/75/16","CONTINENTAL VanContact Ultra – 205/75 R16 113R – A/B/71dB – Pneumatici estivi (Van/furgone)"
"4019238071740","B09V5RP2CC","CONTINENTAL","215/70/15","CONTINENTAL VanContact Ultra – 215/70 R15 109S – A/B/71dB – Pneumatici estivi (Van/furgone)"
"4019238072709","B0BVRJM11J","CONTINENTAL","225/60/17","CONTINENTAL - WinterContact TS 870 P - 225/60 R 17-103V/C/B/71dB - Pneumatico invernale"
"4019238072716","B0BR5G4JLJ","CONTINENTAL","205/60/17","CONTINENTAL - WinterContact TS 870 P - 205/60 R 17-93H/C/B/71dB - Pneumatico invernale"
"4019238072723","B0BVRFX8CM","CONTINENTAL","265/60/18","CONTINENTAL - WinterContact TS 870 P - 265/60 R 18-114H/B/B/71dB - Pneumatico invernale"
"4019238072754","B0BVRHLRDX","CONTINENTAL","275/40/20","CONTINENTAL - WinterContact TS 870 P - 275/40 R 20-106V/C/B/71dB - Pneumatico invernale"
"4019238072778","B0BVRG2V5X","CONTINENTAL","235/55/20","CONTINENTAL - WinterContact TS 870 P - 235/55 R 20-105V/C/B/71dB - Pneumatico invernale"
"4019238072808","B0BR5GRRBH","CONTINENTAL","265/50/20","CONTINENTAL - WinterContact TS 870 P - 265/50 R 20-111V/C/B/71dB - Pneumatico invernale"
"4019238072846","B0BVRKYZWQ","CONTINENTAL","315/40/21","CONTINENTAL - WinterContact TS 870 P - 315/40 R 21-115V/B/B/74dB - Pneumatico invernale"
"4019238072884","B0BRP7XV64","CONTINENTAL","235/60/16","CONTINENTAL - WinterContact TS 870 P - 235/60 R 16-100H/C/B/71dB - Pneumatico invernale"
"4019238072914","B0BR5GWDNT","CONTINENTAL","215/40/18","CONTINENTAL - WinterContact TS 870 P - 215/40 R 18-89V/C/B/71dB - Pneumatico invernale"
"4019238072921","B0BR5HBGV4","CONTINENTAL","195/60/18","CONTINENTAL - WinterContact TS 870 P - 195/60 R 18-96H/C/B/71dB - Pneumatico invernale"
"4019238072945","B0BRP3HWFB","CONTINENTAL","225/45/19","CONTINENTAL - WinterContact TS 870 P - 225/45 R 19-96V/C/B/71dB - Pneumatico invernale"
"4019238072969","B0BR5HZVKP","CONTINENTAL","285/40/20","CONTINENTAL - WinterContact TS 870 P - 285/40 R 20-108V/C/B/74dB - Pneumatico invernale"
"4019238072983","B0BR5GWHX3","CONTINENTAL","265/50/19","CONTINENTAL - WinterContact TS 870 P - 265/50 R 19-110V/B/B/71dB - Pneumatico invernale"
"4019238074277","B09V5TSD1V","CONTINENTAL","225/75/16","225/75R16C CONTI TL VANCONTACT ECO 44887 121R E"
"4019238074789","B09V5T6YDN","CONTINENTAL","265/35/21","CONTINENTAL - SportContact 7-265/35 ZR 21-101Y/D/A/72dB - Pneumatico estivo"
"4019238074956","B0BVRHLHZG","CONTINENTAL","225/75/16","225/75R16Cconti Tl Vancocontact 4Season Ott 2023121R E"
"4019238075014","B09MHHPQLP","CONTINENTAL","255/45/20","CONTINENTAL ECOCONTACT 6Q XL MO – 255/45R20 105W – A/B/69 – Pneumatici estivi"
"4019238075021","B09TNJ4QWK","CONTINENTAL","255/45/20","CONTINENTAL - EcoContact 6-255/45 R 20-105W/A/B/73dB - Pneumatico estivo"
"4019238075229","B09V6MLZF6","CONTINENTAL","235/45/21","235/45TR21 CONTI TL ECO 6 Q SEAL FR XL 101T E"
"4019238075267","B09V6M95VS","CONTINENTAL","255/50/19","255/50TR19 CONTI TL ECO 6 Q 103T E"
"4019238075274","B09V5VJR8C","CONTINENTAL","255/50/19","255/50TR19 CONTI TL ECO 6 Q SEAL 103T E"
"4019238075748","B0BVRFDMTB","CONTINENTAL","215/60/17","215/60R17C Conti Tl Vancontact A/S Ultra 109T"
"4019238075878","B09V6BK9QB","CONTINENTAL","235/35/20","CONTINENTAL - SportContact 7-235/35 ZR 20-92Y/D/A/72dB - Pneumatico estivo"
"4019238075908","B09V5S6ZYZ","CONTINENTAL","245/45/20","CONTINENTAL - SportContact 7-245/45 ZR 20-103Y/C/A/72dB - Pneumatico estivo"
"4019238075946","B0CDHJN4B1","CONTINENTAL","295/30/24","CONTINENTAL - SportContact 7-295/30 ZR 24-108Y/B/A/72dB - Pneumatico estivo"
"4019238076141","B0B5XWY37W","CONTINENTAL","185/55/16","CONTINENTAL 185/55 R16 87V 4 Stagioni XL Auto"
"4019238076370","B0BR5DYLVX","CONTINENTAL","225/40/19","225/40Wr19 Conti Tl Ts-860 S Fr Xl (Eu) 93W"
"4019238078138","B09KMP8NRK","CONTINENTAL","215/70/15","215/70R15C CONTI TL VANCONTACT ECO # (EU)109S E"
"4019238078237","B09V6HHSGJ","CONTINENTAL","265/40/21","CONTINENTAL - SportContact 7-265/40 ZR 21-105Y/C/B/73dB - Pneumatico estivo"
"4019238078251","B09V6FWD78","CONTINENTAL","295/35/21","CONTINENTAL - SportContact 7-295/35 ZR 21-107Y/C/B/73dB - Pneumatico estivo"
"4019238078442","B0CBG8RNKR","CONTINENTAL","245/40/21","CONTINENTAL - SportContact 7-245/40 R 21-100Y/B/A/72dB - Pneumatico estivo"
"4019238078640","B0HC5GPW73","CONTINENTAL","225/60/18","CONTINENTAL 225/60 VR18 TL 100 V CO ULTRACONTACT FR"
"4019238078831","B0C2QTB72N","CONTINENTAL","315/30/22","CONTINENTAL - SportContact 7-315/30 ZR 22-107Y/C/A/74dB - Pneumatico estivo"
"4019238078909","B09V5TDMT9","CONTINENTAL","245/30/19","CONTINENTAL - SportContact 7-245/30 ZR 19-89Y/D/A/72dB - Pneumatico estivo"
"4019238078947","B09V67LZ9H","CONTINENTAL","265/35/18","CONTINENTAL - SportContact 7-265/35 ZR 18-97Y/C/A/72dB - Pneumatico estivo"
"4019238078961","B09V6B8WTV","CONTINENTAL","245/40/18","CONTINENTAL - SportContact 7-245/40 ZR 18-97Y/C/A/72dB - Pneumatico estivo"
"4019238078978","B09V5VNVD4","CONTINENTAL","225/45/18","CONTINENTAL - SportContact 7-225/45 ZR 18-95Y/D/A/72dB - Pneumatico estivo"
"4019238078985","B09V5WXX7C","CONTINENTAL","225/40/18","CONTINENTAL - SportContact 7-225/40 ZR 18-92Y/C/A/72dB - Pneumatico estivo"
"4019238079036","B0BVFMSTGC","CONTINENTAL","245/45/18","CONTINENTAL - PremiumContact 7-245/45 R 18-96Y/C/A/71dB - Pneumatico estivo"
"4019238079043","B0C6TGB6KS","CONTINENTAL","245/45/18","CONTINENTAL - PremiumContact 7-245/45 R 18-100Y/C/A/72dB - Pneumatico estivo"
"4019238079050","B0C6BDMYMP","CONTINENTAL","235/50/18","CONTINENTAL - PremiumContact 7-235/50 R 18-101Y/C/A/72dB - Pneumatico estivo"
"4019238079067","B0BVFQP15T","CONTINENTAL","215/50/18","CONTINENTAL - PremiumContact 7-215/50 R 18-92V/C/A/71dB - Pneumatico estivo"
"4019238079098","B0BR5GCK86","CONTINENTAL","225/50/17","CONTINENTAL - PremiumContact 7-225/50 R 17-98Y/C/A/72dB - Pneumatico estivo"
"4019238079104","B0G2LSXBGM","CONTINENTAL","225/50/17","CONTINENTAL - PremiumContact 7 - 225/50 R 17 - 94Y/C/A/71dB - Pneumatico estivo"
"4019238079111","B0BVFPSLH2","CONTINENTAL","225/50/17","CONTINENTAL - PremiumContact 7-225/50 R 17-94W/C/A/71dB - Pneumatico estivo"
"4019238079135","B0G2LT1KGJ","CONTINENTAL","225/45/18","CONTINENTAL - PremiumContact 7 - 225/45 R 18 - 91W/C/A/71dB - Pneumatico estivo"
"4019238079142","B0CCXPBGTY","CONTINENTAL","225/40/18","CONTINENTAL - PremiumContact 7-225/40 R 18-92Y/C/A/72dB - Pneumatico estivo"
"4019238079180","B0BR5GWFCJ","CONTINENTAL","245/45/19","CONTINENTAL 245/45 R19 98W PREMIUMCONTACT 7 FR"
"4019238079197","B0BVFNWZXG","CONTINENTAL","235/60/18","CONTINENTAL - PremiumContact 7-235/60 R 18-107V/C/A/72dB - Pneumatico estivo"
"4019238079203","B0BVFQL3T1","CONTINENTAL","235/40/18","CONTINENTAL - PremiumContact 7-235/40 R 18-95Y/C/A/72dB - Pneumatico estivo"
"4019238079210","B0BR5GPP2J","CONTINENTAL","225/45/17","CONTINENTAL - PremiumContact 7-225/45 R 17-94Y/C/A/72dB - Pneumatico estivo"
"4019238079227","B0BRPV8PNZ","CONTINENTAL","225/45/17","CONTINENTAL - PremiumContact 7-225/45 R 17-91Y/C/A/71dB - Pneumatico estivo"
"4019238079289","B0G2LT1NZW","CONTINENTAL","235/45/17","CONTINENTAL - PremiumContact 7 - 235/45 R 17 - 97Y/C/A/72dB - Pneumatico estivo"
"4019238079302","B0BRPKPMY4","CONTINENTAL","235/45/17","CONTINENTAL - PremiumContact 7-235/45 R 17-94Y/C/A/71dB - Pneumatico estivo"
"4019238079319","B0G2LNN52Y","CONTINENTAL","225/50/18","CONTINENTAL - PremiumContact 7 - 225/50 R 18 - 99W/C/A/72dB - Pneumatico estivo"
"4019238079326","B0BVFQHQVC","CONTINENTAL","225/45/19","CONTINENTAL - PremiumContact 7-225/45 R 19-96Y/C/A/72dB - Pneumatico estivo"
"4019238079333","B0C8RGV3FS","CONTINENTAL","225/45/17","CONTINENTAL - PremiumContact 7-225/45 R 17-94V/C/A/72dB - Pneumatico estivo"
"4019238079340","B0BR5DGKF7","CONTINENTAL","225/45/17","CONTINENTAL 225/45 R17 91W PREMIUMCONTACT 7 FR"
"4019238079364","B0BVFQYLMS","CONTINENTAL","245/40/18","CONTINENTAL - PremiumContact 7-245/40 R 18-97Y/C/A/72dB - Pneumatico estivo"
"4019238079371","B0BVFL292C","CONTINENTAL","245/40/18","CONTINENTAL - PremiumContact 7-245/40 R 18-93Y/C/A/71dB - Pneumatico estivo"
"4019238079395","B0BR5DT8P1","CONTINENTAL","235/55/18","CONTINENTAL - PremiumContact 7-235/55 R 18-100V/C/A/71dB - Pneumatico estivo"
"4019238079401","B0C5XMBMRV","CONTINENTAL","235/45/18","CONTINENTAL - PremiumContact 7-235/45 R 18-98Y/C/A/72dB - Pneumatico estivo"
"4019238079418","B0BVFKVBG8","CONTINENTAL","225/55/18","CONTINENTAL - PremiumContact 7-225/55 R 18-98V/C/A/71dB - Pneumatico estivo"
"4019238079425","B0G2LYYB39","CONTINENTAL","225/55/17","CONTINENTAL - PremiumContact 7 - 225/55 R 17 - 101Y/C/A/72dB - Pneumatico estivo"
"4019238079470","B0BRPL7T4G","CONTINENTAL","215/50/17","CONTINENTAL - PremiumContact 7-215/50 R 17-95Y/B/A/71dB - Pneumatico estivo"
"4019238079487","B0BT8BYXBB","CONTINENTAL","205/55/17","CONTINENTAL - PremiumContact 7-205/55 R 17-95W/C/A/71dB - Pneumatico estivo"
"4019238079500","B0BR5HTJW2","CONTINENTAL","205/55/16","CONTINENTAL - PremiumContact 7-205/55 R 16-91V/C/A/71dB - Pneumatico estivo"
"4019238079517","B0BRPND188","CONTINENTAL","205/55/16","CONTINENTAL - PremiumContact 7-205/55 R 16-91H/C/A/71dB - Pneumatico estivo"
"4019238079524","B0BRQST29M","CONTINENTAL","205/45/17","CONTINENTAL - PremiumContact 7-205/45 R 17-88Y/C/A/71dB - Pneumatico estivo"
"4019238079531","B09V5RR51G","CONTINENTAL","195/60/18","CONTINENTAL 195/60 R18 96H Estivo XL Auto"
"4019238079579","B0F7M1SCX8","CONTINENTAL","235/55/18","CONTINENTAL - WinterContact TS 870 P - 235/55 R 18-104H/C/B/71dB - Pneumatico invernale"
"4019238080445","B0CBG75L2V","CONTINENTAL","255/40/20","CONTINENTAL - SportContact 7-255/40 R 20-101Y/C/A/73dB - Pneumatico estivo"
"4019238083323","B0CNH765CT","CONTINENTAL","215/65/17","CONTINENTAL AllSeasonContact 215/65 R 17-99H/A/B/72 dB Pneumatico per tutte le stagioni"
"4019238083330","B0CNH99RVF","CONTINENTAL","215/60/18","Pneumatici 215/60 r18 98H Continental AllSeasonContact Gomme 4 stagioni nuove"
"4019238083361","B0D4M27D3G","CONTINENTAL","215/65/17","215/65HR17 CONTI TL ECO 6 Q 99H"
"4019238083972","B0C71HDZ3J","CONTINENTAL","235/55/19","CONTINENTAL - WinterContact TS 870 P - 235/55 R 19-105W/B/B/71dB - Pneumatico invernale"
"4019238087543","B0G2KNHQN7","CONTINENTAL","225/45/17","CONTINENTAL 225/45 R17 91Y Estivo Auto"
"4019238087550","B0G2KM5K8R","CONTINENTAL","225/40/18","CONTINENTAL 225/40 R18 92Y Estivo XL Auto"
"4019238087628","B0BWZ3F1L5","CONTINENTAL","215/65/16","CONTINENTAL 215/65 R16 102V ALL SEASONS CONTACT XL"
"4019238087802","B0F344635S","CONTINENTAL","255/60/18","CONTINENTAL 255/60 R18 112H Estivo Auto"
"4019238089554","B0D2LY6M4V","CONTINENTAL","275/45/21","CONTINENTAL 275/45 R21 107Y Estivo Auto"
"4019238089578","B0D4M26F5F","CONTINENTAL","285/40/22","285/40YR22 CONTI TL ECO 6 Q MO CSi FR 106Y"
"4019238089592","B0D2KNH3FM","CONTINENTAL","315/40/21","CONTINENTAL 315/40 R21 111Y Estivo Auto"
"4019238089608","B0D89L8Z4R","CONTINENTAL","325/35/22","CONTINENTAL 325/35 R22 110Y Estivo Auto"
"4019238089615","B0D8NWH549","CONTINENTAL","325/40/22","CONTINENTAL 325/40 R22 114Y Estivo Auto"
"4019238089868","B0BR5FG9RP","CONTINENTAL","235/45/18","235/45Vr18 Conti Tl Ts-860 S T0 Csi Xl (Eu) 98 V"
"4019238089936","B0F33VWJLM","CONTINENTAL","205/60/16","CONTINENTAL - PremiumContact 7-205/60 R 16-96V/C/A/72dB - Pneumatico estivo"
"4019238090765","B0CLYY7Y72","CONTINENTAL","215/55/18","CONTINENTAL 215/55 R18 95H Estivo Auto"
"4019238091748","B0BTGCX1DT","CONTINENTAL","235/65/17","235/65Vr17 Conti Tl Allseasoncontact 2 Xl 108V"
"4019238091755","B0GS7TM7PM","CONTINENTAL","215/60/17","CONTINENTAL 215/60 R17 100V 4 Stagioni XL Auto"
"4019238091762","B0GW4RCBZT","CONTINENTAL","225/55/18","CONTINENTAL 225/55 R18 102V 4 Stagioni XL Auto"
"4019238091854","B0FMQPBXNN","CONTINENTAL","205/60/17","CONTINENTAL 205/60 R17 97W 4 Stagioni XL Auto"
"4019238091885","B0CHMWTD96","CONTINENTAL","225/50/17","CONTINENTAL ALLSEASONCONTACT 2 (EVc) SSR 225/50R17 98W (EVc) SSR XL FR BSW"
"4019238091892","B0C5XKJKNF","CONTINENTAL","205/55/16","205/55Vr16 Conti Tl Allseasoncontact 2 Ssr Xl 94V"
"4019238091991","B0FS4D7FRQ","CONTINENTAL","215/60/18","CONTINENTAL 215/60 R18 102H 4 Stagioni XL Auto"
"4019238092028","B0CHMW3G61","CONTINENTAL","185/65/15","Pneumatici 185/65 r15 88H Continental AllSeasonContact 2 Gomme 4 stagioni nuove"
"4019238092035","B0CD8ZMNHS","CONTINENTAL","185/65/15","CONTINENTAL - AllSeasonContact 2-185/65 R 15-92T/B/B/71dB - Pneumatici per tutte le stagioni"
"4019238092042","B0C7LDPVF3","CONTINENTAL","275/35/20","275/35Yr20 Conti Tl Allseasoncontact 2 Fr Xl 102Y"
"4019238092073","B0CHMVXZGQ","CONTINENTAL","235/60/18","Pneumatici 235/60 r18 103T Continental AllSeasonContact 2 Gomme 4 stagioni nuove"
"4019238092097","B0BTGLK1H4","CONTINENTAL","235/60/18","CONTINENTAL - AllSeasonContact 2-235/60 R 18-107V/B/B/72dB – Pneumatici per tutte le stagioni"
"4019238092127","B0GSS83QNZ","CONTINENTAL","225/50/17","CONTINENTAL 225/50 R17 98Y 4 Stagioni XL Auto"
"4019238092141","B0GW4GKN32","CONTINENTAL","225/45/17","CONTINENTAL 225/45 R17 94Y 4 Stagioni XL Auto"
"4019238092158","B0CHMVG3ZN","CONTINENTAL","225/45/17","Pneumatici 225/45 r17 94W Continental AllSeasonContact 2 Gomme 4 stagioni nuove"
"4019238092196","B0C9JT3H8T","CONTINENTAL","205/60/16","CONTINENTAL - AllSeasonContact 2-205/60 R 16-96V/B/B/71dB – Pneumatici per tutte le stagioni"
"4019238092219","B0FS4JVZC8","CONTINENTAL","205/40/17","CONTINENTAL 205/40 R17 84W 4 Stagioni XL Auto"
"4019238092288","B0C95GJJCZ","CONTINENTAL","265/40/21","CONTINENTAL ALLSEASONCONTACT 2 XL EVC – 265/40R21 105Y – B/B/73dB – Pneumatici per tutte le stagioni"
"4019238092295","B0CHMTXM4X","CONTINENTAL","205/40/18","Pneumatici 205/40 r18 86Y Continental AllSeasonContact 2 Gomme 4 stagioni nuove"
"4019238092325","B0C7RHGTVV","CONTINENTAL","215/55/16","CONTINENTAL ALLSEASONCONTACT 2 XL EVC – 215/55R16 97V – B/B/71 – Pneumatici per tutte le stagioni"
"4019238092332","B0C9DLPK58","CONTINENTAL","225/60/18","225/60Hr18 Conti Tl Allseasoncontact 2 100H"
"4019238092349","B0CHMVMGYJ","CONTINENTAL","235/55/19","Pneumatici 235/55 r19 105W Continental AllSeasonContact 2 Gomme 4 stagioni nuove"
"4019238092356","B0C1CY5Q3V","CONTINENTAL","235/55/19","CONTINENTAL 235/55 R19 101T 4 Stagioni Auto"
"4019238092387","B0C797ZKMB","CONTINENTAL","215/50/19","215/50Tr19 Conti Tl Allseasoncontact 2 Fr 93T"
"4019238092400","B0C7LM9S9R","CONTINENTAL","255/50/19","255/50Tr19 Conti Tl Allseasoncontact 2 Seal Fr 103T"
"4019238092479","B0C7LN24RF","CONTINENTAL","275/40/21","CONTINENTAL 275/40 R21 107Y ALLSEASONS CONTACT 2 XL"
"4019238092493","B0CWQSJV8T","CONTINENTAL","255/40/21","CONTINENTAL - AllSeasonContact 2-255/40 R 21-102T/B/B/72dB - Pneumatici per tutte le stagioni"
"4019238092608","B0CF5WF722","CONTINENTAL","205/55/16","205/55HR16 CONTI TL ALLSEASONCONTACT 2 XL (EU) 94H"
"4019238092981","B0CR7BRN88","CONTINENTAL","255/45/18","CONTINENTAL ALLSEASONCONTACT 2 XL EVC – 255/45R18 103Y – B/B/73 – Pneumatici per tutte le stagioni"
"4019238093612","B0C7ZP9QR7","CONTINENTAL","205/65/17","CONTINENTAL - WinterContact TS 870 P - 205/65 R 17-96V/C/B/71dB - Pneumatico invernale"
"4019238093759","B0C6PXKXFB","CONTINENTAL","255/40/22","CONTINENTAL - WinterContact TS 870 P - 255/40 R 22-103V/B/B/71dB - Pneumatico invernale"
"4019238094398","B0CJLQDZJ9","CONTINENTAL","225/55/17","225/55R17C CONTI TL Vancontact A/S Ultra 109H"
"4019238095845","B0F6NNTFZL","CONTINENTAL","235/55/18","CONTINENTAL ECOCONTACT 7 (MO) (EVc) 235/55R18 104W (MO) (EVc) XL FR BSW"
"4019238095869","B0D4LZLSLB","CONTINENTAL","225/50/17","225/50WR17 CONTI TL ECO 7 MO XL 98W"
"4019238096026","B0C813Y4PL","CONTINENTAL","315/35/22","CONTINENTAL - SportContact 7-315/35 ZR 22-111Y/C/A/74dB - Pneumatico estivo"
"4019238096057","B0CTKSB4QL","CONTINENTAL","215/65/16","CONTINENTAL 215/65 R16 109T 4 Stagioni LCamion"
"4019238096521","B0C6M9KMMB","CONTINENTAL","275/35/22","CONTINENTAL - SportContact 7-275/35 ZR 22-104Y/C/A/73dB - Pneumatico estivo"
"4019238096538","B0CBGB4Z8P","CONTINENTAL","245/45/20","CONTINENTAL - SportContact 7-245/45 R 20-103Y/A/A/72dB - Pneumatico estivo"
"4019238096545","B0CBG7D9KK","CONTINENTAL","285/40/20","CONTINENTAL - SportContact 7-285/40 R 20-108Y/A/A/75dB - Pneumatico estivo"
"4019238096712","B0C7KYWX5T","CONTINENTAL","235/45/19","CONTINENTAL - SportContact 7-235/45 R 19-95Y/C/A/71dB - Pneumatico estivo"
"4019238096798","B0F6NQ1T3W","CONTINENTAL","225/45/19","CONTINENTAL ECOCONTACT 7 S (+) (EVc) 225/45R19 92W (+) (EVc) FR BSW"
"4019238097030","B0F6NNYGGB","CONTINENTAL","225/55/17","CONTINENTAL ECOCONTACT 7 (+) (EVc) 225/55R17 97V (+) (EVc) BSW"
"4019238097054","B0F341CXYM","CONTINENTAL","215/55/17","215/55HR17 CONTI TL ECO 7 S (+) XL 98H"
"4019238097061","B0F44LXVDJ","CONTINENTAL","205/60/16","205/60HR16 CONTI TL ECO 7 S (+) XL 96H"
"4019238097078","B0F44F6CGC","CONTINENTAL","235/55/17","CONTINENTAL 235/55 R17 103H Estivo Auto"
"4019238097177","B0D4LX66WJ","CONTINENTAL","235/40/18","Pneumatici CONTINENTAL EcoContact 7 S 235/40 R18 91W - Estate 4019238097177"
"4019238097207","B0F6NL9T3T","CONTINENTAL","225/55/17","CONTINENTAL ECOCONTACT 7 S (+) (EVc) 225/55R17 97V (+) (EVc) FR BSW"
"4019238097412","B0BT8BQZPQ","CONTINENTAL","205/55/16","205/55HR16 CONTI TL TS-860 S* SSR (EU) 91H"
"4019238097429","B0D4LZ7B8Z","CONTINENTAL","205/55/17","CONTINENTAL 205/55 R17 95H Estivo XL Auto"
"4019238097481","B0BRQSPSYZ","CONTINENTAL","225/40/18","CONTINENTAL - EcoContact 6-225/40 R 18-92Y/B/B/72dB - Pneumatico estivo"
"4019238097511","B0GS5RC7ZT","CONTINENTAL","225/45/19","CONTINENTAL 225/45 R19 96W Estivo Auto"
"4019238097580","B0D38JDBK4","CONTINENTAL","225/60/18","CONTINENTAL 225/60 R18 104Y Estivo XL Auto"
"4019238097627","B0BT8DCX8C","CONTINENTAL","245/40/20","CONTINENTAL 245/40 R20 99Y EcoContact 6 Q XL *(BMW) MO(MERCEDES)"
"4019238097696","B0G2MLLTYF","CONTINENTAL","255/40/18","CONTINENTAL 255/40 R18 99V Invernale XL Auto"
"4019238097702","B0CZ6HN9YR","CONTINENTAL","255/40/21","CONTINENTAL 255/40 R21 102Y Estivo XL Auto"
"4019238097726","B0CSRVJB61","CONTINENTAL","255/45/20","CONTINENTAL 255/45 R20 105Y Estivo XL Auto"
"4019238097733","B0CBG9N1WT","CONTINENTAL","255/45/20","CONTINENTAL - SportContact 7-255/45 R 20-105Y/C/A/72dB - Pneumatico estivo"
"4019238097771","B0BW4TBK66","CONTINENTAL","275/35/20","CONTINENTAL ECOCONTACT 6Q XL * MO - 275/35R20 102Y - A/B/70 - Pneumatici estivi"
"4019238097832","B0D1B9FFXY","CONTINENTAL","285/40/20","CONTINENTAL 285/40 R20 108Y Estivo XL Auto"
"4019238097849","B0CBG6QSQF","CONTINENTAL","285/40/20","CONTINENTAL - SportContact 7-285/40 R 20-108Y/C/A/72dB - Pneumatico estivo"
"4019238097900","B0BZQGWKPL","CONTINENTAL","255/35/21","HL255/35YR21 CONTI TL ECO 6 Q * FR CSi XL (EU) 101Y"
"4019238098655","B0C6TRBM5S","CONTINENTAL","295/30/21","CONTINENTAL - SportContact 7-295/30 ZR 21-102Y/C/B/75dB - Pneumatico estivo"
"4019238098716","B0CBCJT3CR","CONTINENTAL","275/55/19","Pneumatici 275/55 r19 111W Evc Continental PremiumContact 6 Gomme estive nuove"
"4019238098754","B0C9QSPCBW","CONTINENTAL","235/50/20","CONTINENTAL - WinterContact TS 870 P - 235/50 R 20-104V/B/B/71dB - Pneumatico invernale"
"4019238099669","B0CDHH6KHZ","CONTINENTAL","265/35/19","CONTINENTAL - SportContact 7-265/35 ZR 19-98Y/C/B/73dB - Pneumatico estivo"
"4019238099683","B0CCSVTM6K","CONTINENTAL","285/45/21","285/45YR21 CONTI TL SC-6 AO3 FR XL (EU) 113Y"
"4019238099829","B0CVMXVWN4","CONTINENTAL","205/55/19","CONTINENTAL - UltraContact - 205/55 R 19-97V/B/A/69dB - Pneumatico estivo"
"4019238099850","B0CL56F6V3","CONTINENTAL","235/55/17","CONTINENTAL - UltraContact - 235/55 R 17-103Y/B/A/70dB - Summer"
"4019238099935","B0CZZWRCRP","CONTINENTAL","205/50/17","CONTINENTAL - UltraContact - 205/50 R 17-93Y/B/A/69dB - Pneumatico estivo"
"4019238130355","B0CQKJRFV3","CONTINENTAL","215/40/18","CONTINENTAL - PremiumContact 7-215/40 R 18-89Y/C/A/71dB - Pneumatico estivo"
"4019238130362","B0CR7CWDCF","CONTINENTAL","255/50/19","CONTINENTAL - PremiumContact 7-255/50 R 19-107Y/B/A/72dB - Pneumatico estivo"
"4019238130409","B0CV34STB6","CONTINENTAL","235/55/19","CONTINENTAL - PremiumContact 7-235/55 R 19-105Y/C/A/72dB - Pneumatico estivo"
"4019238130416","B01FFH6ELQ","CONTINENTAL","255/55/19","CONTINENTAL - PremiumContact 7 - 255/55 R 19 - 111V/B/A/73dB - Pneumatico estivo"
"4019238150438","B0CQFH8BW6","CONTINENTAL","275/45/20","CONTINENTAL - PremiumContact 7-275/45 R 20-110Y/B/A/72dB - Pneumatico estivo"
"4019238150476","B0CWX1DYDC","CONTINENTAL","265/50/19","CONTINENTAL - PremiumContact 7-265/50 R 19-110Y/B/A/73dB - Pneumatico estivo"
"4019238150490","B0CTKPX8J6","CONTINENTAL","255/45/18","CONTINENTAL - PremiumContact 7-255/45 R 18-103Y/C/A/72dB - Pneumatico estivo"
"4019238191134","B0CWK45PG2","CONTINENTAL","265/40/21","CONTINENTAL - PremiumContact 7-265/40 R 21-108T/B/A/72dB - Pneumatico estivo"
"4019238191158","B0D155HDMW","CONTINENTAL","235/45/21","CONTINENTAL - PremiumContact 7-235/45 R 21-104T/B/A/72dB - Pneumatico estivo"
"4019238284263","B0CNQ9BF8M","CONTINENTAL","285/40/22","285/40YR22 CONTI TL SC 6 MO1 FR XL (EU)110Y"
"4019238284270","B0CNQ9M5WP","CONTINENTAL","325/35/22","325/35YR22 CONTI TL SC-6 MO1 FR XL (EU)114Y"
"4019238284331","B0CBG8VW28","CONTINENTAL","235/55/18","CONTINENTAL 235/55 R18 100V Estivo Auto"
"4019238284409","B0CBG93RKN","CONTINENTAL","235/45/19","CONTINENTAL 235/45 R19 99V Estivo XL Auto"
"4019238284416","B0CBG99G39","CONTINENTAL","235/55/18","CONTINENTAL 235/55 R18 104V Estivo XL Auto"
"4019238284430","B0CBG9Z774","CONTINENTAL","235/50/19","CONTINENTAL 235/50 R19 103V Estivo XL Auto"
"4019238284942","B0DCV639DN","CONTINENTAL","275/35/22","CONTINENTAL - EcoContact 6-275/35 R 22-104Y/A/B/73dB - Pneumatico estivo"
"4019238284959","B0F34DQL7B","CONTINENTAL","275/40/22","CONTINENTAL PREMIUMCONTACT 6 (*) (EVc) SSR 275/40R22 107Y (*) (EVc) SSR XL BSW"
"4019238284973","B0F33XT7G8","CONTINENTAL","315/30/22","CONTINENTAL 315/30 R22 107Y Estivo XL Auto"
"4019238284980","B0F33XQDSP","CONTINENTAL","315/35/22","CONTINENTAL 315/35 R22 111Y Estivo XL Runflat Auto"
"4019238285024","B0DVLVCDJX","CONTINENTAL","235/45/20","CONTINENTAL - EcoContact 6-235/45 R 20-100V/A/B/72dB - Pneumatico estivo"
"4019238285031","B0D4LYXRQD","CONTINENTAL","255/40/20","CONTINENTAL - EcoContact 6-255/40 R 20-101V/A/B/73dB - Pneumatico estivo"
"4019238285048","B0D4LZCQLY","CONTINENTAL","235/55/19","CONTINENTAL - EcoContact 6-235/55 R 19-105V/A/B/72dB - Pneumatico estivo"
"4019238285215","B0DVPSRCC1","CONTINENTAL","255/45/19","CONTINENTAL - EcoContact 6-255/45 R 19-104V/A/B/73dB - Pneumatico estivo"
"4019238285291","B0F44HRXXV","CONTINENTAL","245/55/17","CONTINENTAL 245/55 R17 106H Estivo XL Auto"
"4019238285710","B0D1114TF2","CONTINENTAL","235/45/18","CONTINENTAL 235/45 R18 94Y Estivo Auto"
"4019238286588","B0F6NS5GFQ","CONTINENTAL","205/55/17","CONTINENTAL - EcoContact 6-205/55 R 17-91V/A/B/71dB - Pneumatico estivo"
"4019238286731","B0CRCW8F4Q","CONTINENTAL","255/35/19","CONTINENTAL 255/35 ZR19 96Y Estivo XL Auto"
"4019238286960","B0D4M138QQ","CONTINENTAL","205/50/17","CONTINENTAL - EcoContact 6-205/50 R 17-93V/A/B/72dB - Pneumatico estivo"
"4019238287103","B0F44K5YTT","CONTINENTAL","275/45/21","275/45YR21 CONTI TL SC-6 MO1 FR XL 110Y"
"4019238287110","B0CRNRSHN7","CONTINENTAL","255/40/21","CONTINENTAL 255/40 R21 102Y Estivo XL Auto"
"4019238287226","B0CYGHWX5W","CONTINENTAL","255/45/19","CONTINENTAL - SportContact 7-255/45 R 19-104V/A/B/73dB - Pneumatico estivo"
"4019238287431","B0D75S47QD","CONTINENTAL","265/45/21","CONTINENTAL Winterreifen 265/45 R 21 XL TL 108V WINTERCONTACT 8 S (EVc) FR BSW M+S 3PMSF"
"4019238287585","B0DJD7C4NC","CONTINENTAL","245/35/19","CONTINENTAL - WinterContact 8 S – 245/35 R 19-93V/B/B/72dB – Pneumatici invernali"
"4019238287608","B0DGL7LXMV","CONTINENTAL","275/35/21","CONTINENTAL 275/35 R21 103W Invernale XL Auto"
"4019238287639","B0D8F56R3C","CONTINENTAL","295/35/21","CONTINENTAL - WinterContact 8 S – 295/35 R 21-107V/B/B/75dB – Pneumatici invernali"
"4019238287660","B0D868RJY3","CONTINENTAL","255/35/19","CONTINENTAL - WinterContact 8 S – 255/35 R 19-96V/C/B/73dB – Pneumatici invernali"
"4019238288384","B0D4LX45PW","CONTINENTAL","215/60/17","CONTINENTAL - EcoContact 6-215/60 R 17-96V/A/B/71dB - Pneumatico estivo"
"4019238288391","B0DJQ124LX","CONTINENTAL","225/45/18","CONTINENTAL - EcoContact 6-225/45 R 18-95Y/A/B/72dB - Pneumatico estivo"
"4019238288513","B0D4M3VTLD","CONTINENTAL","235/55/18","235/55VR18 CONTI TL ECO 6 Q R0 100 V"
"4019238288797","B0F44FP6NT","CONTINENTAL","195/55/16","195/55HR16 CONTI TL ECO 7 S FR 87H"
"4019238288803","B0F33YTLQC","CONTINENTAL","205/60/16","205/60HR16 CONTI TL ECO 7 S FR 92H"
"4019238288858","B0D4M24TV3","CONTINENTAL","255/45/20","255/45WR20 CONTI TL ECO 6 Q R0 XL 105W"
"4019238288926","B0D4LZ2YQN","CONTINENTAL","255/40/20","255/40YR20 CONTI TL ECO 6 Q R0 CSi FR XL 101Y"
"4019238288933","B0D4M2KKLQ","CONTINENTAL","255/35/21","HL255/35YR21 Conti TL ECO 6 Q R0 CSi FR XL 101Y"
"4019238288940","B0DGBRGN6C","CONTINENTAL","205/55/17","CONTINENTAL - EcoContact 6-205/55 R 17-95H/A/B/72dB - Pneumatico estivo"
"4019238292022","B0G2MCVLFZ","CONTINENTAL","255/40/20","CONTINENTAL 255/40 ZR20 101Y Estivo XL Auto"
"4019238292183","B0GDXRZGQT","CONTINENTAL","205/45/17","CONTINENTAL 205/45 R17 88V Estivo Auto"
"4019238292190","B0F6NNFBFQ","CONTINENTAL","225/45/17","CONTINENTAL - EcoContact 6-225/45 R 17-94V/A/B/72dB - Pneumatico estivo"
"4019238292282","B0F343H24Q","CONTINENTAL","225/75/16","225/75R16C CONTI TL VANCONTACT ULTRA 121R"
"4019238295306","B0F33XG5QX","CONTINENTAL","235/50/20","CONTINENTAL 235/50 R20 100T 4 Stagioni Auto"
"4019238295405","B0F44JMGWZ","CONTINENTAL","235/60/17","CONTINENTAL 235/60 R17 102V AllSeasonContact 2"
"4019238295412","B0F44JHPR1","CONTINENTAL","215/45/17","215/45WR17 CONTI TL ALLSEASONCONTACT 2 FR XL 91W"
"4019238295894","B0D61XJ195","CONTINENTAL","275/45/21","CONTINENTAL - 275/45 R21 TL 110Y CROSSCONTACT LX SPORT XL FR EVc BSW M+S – Pneumatici estivi"
"4019238296280","B0G2MHXBJD","CONTINENTAL","225/45/19","CONTINENTAL 225/45 R19 96W 4 Stagioni XL Auto"
"4019238297386","B0F44G4VC6","CONTINENTAL","225/60/17","225/60HR17 CONTI TL ALLSEASONCONTACT 2 XL 103H"
"4019238297393","B0F44HQSXV","CONTINENTAL","225/55/18","CONTINENTAL 225/55 R18 102H 4 Stagioni XL Auto"
"4019238297584","B0F44FXFC3","CONTINENTAL","205/65/15","CONTINENTAL 205/65 R15 99V AllSeasonContact 2 XL"
"4019238297607","B0F44HD2HV","CONTINENTAL","235/60/16","235/60VR16 CONTI TL ALLSEASONCONTACT 2 XL 104V"
"4019238297614","B0F6NL94ZR","CONTINENTAL","275/40/22","CONTINENTAL - AllSeasonContact 2-275/40 R 22-107Y/B/B/72dB - Neumáticos todo tiempo"
"4019238297652","B0F347R82L","CONTINENTAL","215/40/17","215/40YR17 CONTI TL ALLSEASONCONTACT 2 FR XL 87Y"
"4019238298109","B0F44HJ37C","CONTINENTAL","195/50/19","195/50HR19 CONTI TL ALLSEASONCONTACT 2 FR 88H"
"4019238298420","B0F6LSXZ2C","CONTINENTAL","215/65/17","CONTINENTAL - EcoContact 6-215/65 R 17-99V/A/B/71dB - Pneumatico estivo"
"4019238298543","B0F33YXJF5","CONTINENTAL","315/45/21","315/45YR21 CONTI TL PREMIUM 6 MO FR 116Y"
"4019238298550","B0F44L5C14","CONTINENTAL","315/40/21","315/40ZR21 CONTI TL SC-6 MO1 FR XL 115Y"
"4019238298567","B0F33SNK96","CONTINENTAL","275/50/21","CONTINENTAL 275/50 R21 113Y PremiumContact 6 XL MO(MERCEDES)"
"4019238299663","B0D8682XS7","CONTINENTAL","315/40/21","CONTINENTAL 315/40 R21 111Y Estivo Auto"
"4019238299670","B0F345LP7D","CONTINENTAL","225/45/18","CONTINENTAL - EcoContact 6-225/45 R 18-95Y/A/B/72dB - Pneumatico estivo"
"4019238299717","B0F44J1DT6","CONTINENTAL","245/45/18","CONTINENTAL 245/45 R18 100Y Estivo XL Auto"
"4019238299984","B0F44G16NY","CONTINENTAL","235/45/20","CONTINENTAL 235/45 R20 100V ContiSportContact 5 XL"
"4019238300017","B0FV4JC9NL","CONTINENTAL","235/45/20","CONTINENTAL 235/45 R20 100V ContiSportContact 5 XL SEAL"
"4019238300024","B0F33RZY1M","CONTINENTAL","245/45/20","245/45VR20 CONTI TL PREMIUM 6 FR XL 103 V"
"4019238300055","B0DNMHRSKZ","CONTINENTAL","245/50/19","CONTINENTAL - EcoContact 6-245/50 R 19-105W/A/B/72dB - Pneumatico estivo"
"4019238300062","B0DV9N3RKM","CONTINENTAL","225/45/18","CONTINENTAL - EcoContact 6-225/45 R 18-95Y/A/B/72dB - Pneumatico estivo"
"4019238300116","B0F44G14RK","CONTINENTAL","225/55/17","CONTINENTAL 225/55 R17 101Y Estivo XL Auto"
"4019238300147","B0F33Q1PHK","CONTINENTAL","215/65/17","CONTINENTAL 215/65 R17 99V Estivo Auto"
"4019238300154","B0F44F953T","CONTINENTAL","235/45/18","235/45WR18 CONTI TL SC-5 SEAL FR 94W"
"4019238300185","B0FXB9PYRR","CONTINENTAL","225/45/17","CONTINENTAL 225/45 R17 91Y ContiSportContact 5 MO(MERCEDES)"
"4019238300406","B0F44HXBW5","CONTINENTAL","255/45/22","255/45YR22 CONTI TL SC-5* CSi SEAL FR XL 107Y"
"4019238300413","B0DWJSKWRC","CONTINENTAL","245/40/18","CONTINENTAL - EcoContact 6-245/40 R 18-97Y/A/B/72dB - Pneumatico estivo"
"4019238300642","B0DK64L3XK","CONTINENTAL","235/35/19","CONTINENTAL - SportContact 7-235/35 ZR 19-91Y/D/A/72dB - Pneumatico estivo"
"4019238300727","B0F44RVH8H","CONTINENTAL","225/45/19","CONTINENTAL 225/45 R19 96W Estivo XL Runflat Auto"
"4019238300994","B0FV4JB8FW","CONTINENTAL","225/40/18","CONTINENTAL 225/40 R18 92W Estivo XL Runflat Auto"
"4019238301724","B0F44TWDLS","CONTINENTAL","225/75/16","225/75R16C CONTI TL VANCONTACT WINTER 121R"
"4019238301946","B0DY4JHNS9","CONTINENTAL","225/55/17","CONTINENTAL - EcoContact 6-225/55 R 17-101Y/A/B/72dB - Pneumatico estivo"
"4019238302240","B0FV578KQT","CONTINENTAL","195/55/19","CONTINENTAL 195/55 R19 94T 4 Stagioni Auto"
"4019238304275","B0F44JP134","CONTINENTAL","255/45/19","255/45VR19 CONTI TL SC-5 FR 100 V"
"4019238304664","B0FV59G4C1","CONTINENTAL","225/45/18","CONTINENTAL 225/45 R18 91Y Estivo Runflat Auto"
"4019238305142","B0F6NNL8BZ","CONTINENTAL","235/55/18","CONTINENTAL - EcoContact 7-235/55 R 18-104V/A/B/69dB - Pneumatici estivi"
"4019238305180","B0F343V53Q","CONTINENTAL","205/45/17","CONTINENTAL 205/45 R17 88H Estivo XL Auto"
"4019238305630","B0F44FZRD3","CONTINENTAL","235/55/17","235/55WR17 CONTI TL PREMIUM 5 XL 103W"
"4019238306088","B096Z2YH5J","CONTINENTAL","275/45/19","CONTINENTAL PREMIUM CONTACT 6 CONTI PR-CO6 275/45 R19 108Y XL"
"4019238306095","B096YZT65K","CONTINENTAL","255/40/20","CONTINENTAL 255/40 R20 101Y Estivo XL Auto"
"4019238306132","B0F341W2Y2","CONTINENTAL","215/55/18","CONTINENTAL 215/55 R18 95T Estivo Auto"
"4019238306514","B0F44GJ63P","CONTINENTAL","225/40/18","CONTINENTAL - EcoContact 6-225/40 R 18-92Y/A/B/72dB - Pneumatico estivo"
"4019238306644","B0DNSQ9M5G","CONTINENTAL","275/45/20","CONTINENTAL - EcoContact 6-275/45 R 20-110V/A/A/73dB - Pneumatico estivo"
"4019238307030","B0F44DZSTV","CONTINENTAL","265/40/22","265/40YR22 CONTI TL CROSS LX SP CSI SEAL JLR FR XL 106Y"
"4019238307481","B0F6NLDH2M","CONTINENTAL","235/50/19","CONTINENTAL - EcoContact 6-235/50 R 19-99V/A/B/71dB - Pneumatico estivo"
"4019238307627","B0FQK1HT4R","CONTINENTAL","225/55/19","CONTINENTAL 225/55 R19 103V Invernale XL Auto"
"4019238307900","B0F44FGMQG","CONTINENTAL","235/55/19","CONTINENTAL 235/55 R19 105V Estivo Auto"
"4019238308617","B0FV514ZKS","CONTINENTAL","225/50/18","CONTINENTAL 225/50 R18 99V Invernale XL Runflat Auto"
"4019238308716","B0FTFPPY4G","CONTINENTAL","285/40/19","285/40VR19 CONTI TL TS-830 P N0 FR 103 V"
"4019238308853","B0FS7TSRT3","CONTINENTAL","235/60/18","235/60VR18 CONTI TL TS-830 P SUV N0 FR 103 V"
"4019238310436","B0F33XNDFQ","CONTINENTAL","295/40/22","CONTINENTAL 295/40 R22 112Y Estivo Fuoristrada"
"4019238310450","B0F44KGBQL","CONTINENTAL","295/40/22","295/40YR22 CONTI TL SC-5 SUV CSi FR XL 112Y"
"4019238311198","B0F44JPXTG","CONTINENTAL","245/40/18","CONTINENTAL 245/40 R18 93Y ContiSportContact 5 AO(AUDI)"
"4019238311266","B0043QUBCY","CONTINENTAL","235/65/17","Continental 4x4 WinterContact FR M+S - 235/65R17 104H - Pneumatico Invernale"
"4019238311785","B0DXPGG3H8","CONTINENTAL","195/55/20","CONTINENTAL 195/55 R20 95H Estivo Auto"
"4019238311792","B0F44H7CW4","CONTINENTAL","225/50/17","225/50YR17 CONTI TL SC-5 AO 94Y"
"4019238311969","B0F44GKKFC","CONTINENTAL","235/55/19","235/55WR19 CONTI TL SC-5 LR SUV FR XL 105W"
"4019238312973","B0F44JM6XK","CONTINENTAL","255/55/18","255/55YR18 CONTI TL SC-3 N0 FR XL 109Y"
"4019238314663","B0F44G6L9X","CONTINENTAL","205/60/16","CONTINENTAL 205/60 R16 92H Estivo Auto"
"4019238315110","B0F44DRR3X","CONTINENTAL","255/40/20","255/40HR20 CONTI TL ECO 6 Q SEAL (+) FR XL 101H"
"4019238317817","B0F44HS1QS","CONTINENTAL","265/45/20","CONTINENTAL 265/45 ZR20 108Y Estivo Auto"
"4019238318395","B0G6XH51CC","CONTINENTAL","215/75/16","Continental Pneumatici estivi LLKW 215/75 R16 116R"
"4019238322040","B0F33TBQ9L","CONTINENTAL","255/55/18","255/55WR18 CONTI TL SC-5 N0 FR 105W"
"4019238322170","B0F7XG4LDJ","CONTINENTAL","255/55/19","CONTINENTAL 255/55 R19 111Y ContiSportContact 5 XL N0 (PORSCHE)"
"4019238332285","B0F6NR59LY","CONTINENTAL","255/45/20","CONTINENTAL 255/45 HR20 TL 101H CO ECO CONTACT 7 (+)"
"4019238334081","B0FTFNGFNH","CONTINENTAL","255/40/20","CONTINENTAL 255/40 R20 101V Estivo Auto"
"4019238334098","B0FTFNTDB9","CONTINENTAL","255/40/20","CONTINENTAL 255/40 R20 101V Estivo Auto"
"4019238353327","B0CL54NMS9","CONTINENTAL","235/50/20","CONTINENTAL - UltraContact NXT - 235/50 R 20-104T/A/A/69dB - Estate"
"4019238363357","B0CN81ZN8B","CONTINENTAL","235/55/19","Pneumatici 235/55 r19 105T Evc Continental UltraContact NXT Gomme estive nuove"
"4019238363371","B0CN7DYTPQ","CONTINENTAL","235/45/18","Pneumatici 235/45 r18 98Y Evc XL Continental UltraContact NXT Gomme estive nuove"
"4019238371673","B002VKNRBQ","CONTINENTAL","205/65/16","Continental VancoWinter 2 M+S - 205/65R16 107T - Pneumatico Invernale"
"4019238383393","B0G2MG86J5","CONTINENTAL","225/55/17","CONTINENTAL 225/55 R17 101W Estivo XL Auto"
"4019238393392","B0CJLP9WG9","CONTINENTAL","225/50/18","225/50WR18 CONTI TL Ultracontact Nxt Crm Fr Xl 99W"
"4019238393408","B0CJLJZLLG","CONTINENTAL","225/45/18","225/45WR18 CONTI TL Ultracontact Nxt Crm Fr Xl 95W"
"4019238393422","B0CN84JNZ1","CONTINENTAL","215/50/18","Pneumatici 215/50 r18 96W Evc XL Continental UltraContact NXT Gomme estive nuove"
"4019238393446","B0CJLP374N","CONTINENTAL","205/55/17","205/55VR17 CONTI TL Ultracontact Nxt Crm Fr Xl 95V"
"4019238399783","B0D495FDY6","CONTINENTAL","275/40/19","CONTINENTAL 275/40 R19 105Y 4 Stagioni XL Auto"
"4019238399806","B0D65V4CZY","CONTINENTAL","235/45/20","CONTINENTAL - 235/45TR20 CONTI TL ALLSEASONCONTACT 2 XL, EU100T"
"4019238399813","B0D75V5GSL","CONTINENTAL","235/45/20","235/45TR20 CONTI TL ALLSEASONCONTACT 2 SEAL XL (EU)100T"
"4019238399820","B0CYPX8X85","CONTINENTAL","235/45/20","CONTINENTAL 235/45 R20 100W 4 Stagioni XL Auto"
"4019238399837","B0D3Q5MG3G","CONTINENTAL","255/40/20","CONTINENTAL 255/40 R20 101T 4 Stagioni XL Auto"
"4019238399851","B0CYL5TTX9","CONTINENTAL","195/65/15","CONTINENTAL 195/65 R15 95H 4 Stagioni XL Auto"
"4019238399868","B0CYPRXNC4","CONTINENTAL","215/55/17","CONTINENTAL - AllSeasonContact 2-215/55 R 17-98V/B/B/71dB – Pneumatici per tutte le stagioni"
"4019238399929","B0D938VRHT","CONTINENTAL","265/35/21","265/35YR21 CONTI TL ALLSEASONCONTACT 2 XL (EU)101Y"
"4019238399936","B0CYPWQZW3","CONTINENTAL","185/65/15","CONTINENTAL 185/65 R15 88T 4 Stagioni Auto"
"4019238399974","B0D4M2NZ3Y","CONTINENTAL","225/50/18","CONTINENTAL 225/50 R18 99W 4 Stagioni XL Auto"
"4019238399998","B0CYPYW286","CONTINENTAL","245/45/20","CONTINENTAL - AllSeasonContact 2-245/45 R 20-103V/B/B/71dB – Pneumatici per tutte le stagioni"
"4019238400007","B0CYPVQMKW","CONTINENTAL","245/45/20","CONTINENTAL - AllSeasonContact 2-245/45 R 20-103W/B/B/71dB - Pneumatici per tutte le stagioni"
"4019238400014","B0CYPX6554","CONTINENTAL","245/50/19","CONTINENTAL ALLSEASONCONTACT 2 XL EVC – 245/50R19 105W – B/B/71dB/B – Pneumatici per tutte le stagioni"
"4019238400038","B0D4M1XZ8X","CONTINENTAL","245/35/21","245/35YR21 Conti TL ALLSEASONCONTACT 2 XL 96Y"
"4019238401189","B0CHMVMQT9","CONTINENTAL","195/65/15","Pneumatici 195/65 r15 95V Continental AllSeasonContact 2 Gomme 4 stagioni nuove"
"4019238401400","B0DJQ196W9","CONTINENTAL","215/60/17","CONTINENTAL 215/60 R17 96H Estivo Auto"
"4019238401424","B0CRYB62ZN","CONTINENTAL","245/40/20","CONTINENTAL 245/40 R20 95V Estivo Auto"
"4019238401516","B0C8PN1YNB","CONTINENTAL","255/35/21","255/35YR21 CONTI TL Sc-6 Csi Ao1 Xl (EU) 98Y"
"4019238402124","B0D4LVW5S6","CONTINENTAL","195/60/15","CONTINENTAL 195/60 R15 88H 4 Stagioni Auto"
"4019238402131","B0CYPWMJDK","CONTINENTAL","195/55/20","CONTINENTAL - AllSeasonContact 2-195/55 R 20-95H/B/B/71dB - Pneumatici per tutte le stagioni"
"4019238402179","B0D938FTL8","CONTINENTAL","195/45/16","CONTINENTAL 195/45 R16 84V 4 Stagioni XL Auto"
"4019238402193","B0CYPX9B17","CONTINENTAL","255/55/19","CONTINENTAL - AllSeasonContact 2-255/55 R 19-111W/B/B/72dB - Pneumatici per tutte le stagioni"
"4019238402209","B0CYPW6JZ5","CONTINENTAL","245/35/19","CONTINENTAL - AllSeasonContact 2-245/35 R 19-93Y/C/B/72dB - Pneumatici per tutte le stagioni"
"4019238402278","B0DCV6VCPQ","CONTINENTAL","275/45/21","CONTINENTAL ALLSEASONCONTACT 2 XL EVC – 275/45R21 110Y – B/B/72dB/B – Pneumatici per tutte le stagioni"
"4019238402322","B0DDL8753W","CONTINENTAL","245/40/18","CONTINENTAL 245/40 R18 97Y 4 Stagioni XL Auto"
"4019238402360","B0DCV5X9YX","CONTINENTAL","215/40/18","CONTINENTAL - 215/40 R18 TL 89W ALLSEASONCONTACT 2 XL FR EVc BSW M+S 3PMSF – Pneumatici per tutte le stagioni"
"4019238402377","B0F33SRV6X","CONTINENTAL","195/55/18","195/55HR18 CONTI TL ALLSEASONCONTACT 2 XL 93H"
"4019238402445","B0CYPZQD65","CONTINENTAL","185/60/15","CONTINENTAL - AllSeasonContact 2-185/60 R 15-88H/B/B/71dB - Pneumatici per tutte le stagioni"
"4019238403107","B0CQKJPCWP","CONTINENTAL","245/35/19","245/35YR19 CONTI TL SC-6 MO1 XL% (EU) 93Y"
"4019238434088","B0043QY56W","CONTINENTAL","245/45/17","Continental WinterContact TS 830 P XL FR M+S - 245/45R17 99H - Pneumatico Invernale"
"4019238484892","B0GS5QKQLZ","CONTINENTAL","295/40/20","CONTINENTAL 295/40 R20 110Y Estivo Auto"
"4019238525984","B004EAFGBA","CONTINENTAL","205/55/16","Continental EcoContact 5 - 205/55R16 91V - Pneumatico Estivo"
"4019238545302","B00AZTVNDE","CONTINENTAL","255/40/20","Continental SportContact 5 P XL FR - 255/40R20 101Y - Pneumatico Estivo"
"4019238575811","B00A9FL7TE","CONTINENTAL","195/40/17","Continental SportContact 3 XL FR - 195/40R17 81V - Pneumatico Estivo"
"4019238605457","B00SRGMBII","CONTINENTAL","235/55/19","Continental CrossContact LX Sport M+S - 235/55R19 101H - Pneumatico Estivo"
"4019238640243","B07CNGZD13","CONTINENTAL","225/55/17","1x Pneumatico CONTINENTAL WINTERCONTACT TS 850 P (*) (MO) 225/55 R17 97H"
"4019238643237","B0FTFQJ3PL","CONTINENTAL","255/40/20","CONTINENTAL 255/40 R20 101W Estivo XL Auto"
"4019238647938","B00P7FDXFW","CONTINENTAL","225/40/18","Continental SportContact 5 XL FR - 225/40R18 92Y - Pneumatico Estivo"
"4019238666151","B014VVLJMQ","CONTINENTAL","245/35/19","Continental WinterContact TS 830 P XL FR M+S - 245/35R19 93V - Pneumatico Invernale"
"4019238673296","B016KAON1A","CONTINENTAL","235/65/17","Continental WinterContact TS 850 P SUV FR M+S - 235/65R17 104H - Pneumatico Invernale"
"4019238676259","B01067JI86","CONTINENTAL","195/75/16","Continental VanContact Winter M+S - 195/75R16 107R - Pneumatico Invernale"
"4019238676273","B014VPQ94A","CONTINENTAL","215/60/17","Continental VANCONTACT WINTER 215/60/R17 104 H - Pneumatico Invernale - B//E/73"
"4019238693348","B07549QZ3X","CONTINENTAL","225/65/16","PNEUMATICO INVERNALE CONTINENTAL - 225/65 R16 112R VANCONT. WINT M+S"
"4019238725445","B01M0YF7CO","CONTINENTAL","255/40/21","Continental SportContact 6 XL FR - 255/40R21 102T - Pneumatico Estivo"
"4019238741841","B016D7RO2K","CONTINENTAL","225/45/18","Continental SportContact 5 XL FR - 225/45R18 95Y - Pneumatico Estivo"
"4019238743074","B01LXP6VI3","CONTINENTAL","245/35/20","Continental SportContact 6 XL FR - 245/35R20 95Y - Pneumatico Estivo"
"4019238743968","B01ACIRMYG","CONTINENTAL","265/35/21","Continental SportContact 5 P XL FR - 265/35R21 101Y - Pneumatico Estivo"
"4019238744019","B01HJJ3GOQ","CONTINENTAL","235/60/20","Continental WinterContact TS 850 P SUV XL FR M+S - 235/60R20 108V - Pneumatico Invernale"
"4019238751130","B01KM7GKXQ","CONTINENTAL","245/35/19","Continental SportContact 6 XL FR - 245/35R19 93Y - Pneumatico Estivo"
"4019238754063","B01M1BG32R","CONTINENTAL","335/30/23","CONTINENTAL SportContact 6 XL - 335/30/23 111(Y - E/A/75dB - Pneumatico Estivi (SUV e Fuoristrada)"
"4019238757989","B07BF62DP3","CONTINENTAL","235/55/19","Continental SportContact 5 FR - 235/55R19 101V - Pneumatico Estivo"
"4019238758542","B07J35S32N","CONTINENTAL","235/50/19","Continental PremiumContact 6 - 235/50R19 99W - Pneumatico Estivo"
"4019238760743","B01MQHJLW0","CONTINENTAL","205/50/17","Continental PremiumContact 6 FR - 205/50R17 89V - Pneumatico Estivo"
"4019238761863","B07JVBX2CB","CONTINENTAL","275/50/20","Continental SportContact 5 SUV XL - 275/50R20 113W - Pneumatico Estivo"
"4019238771992","B077L3HV4G","CONTINENTAL","245/45/19","Continental PremiumContact 6 XL FR - 245/45R19 102Y - Pneumatico Estivo"
"4019238772913","B077KWYFKL","CONTINENTAL","285/40/21","Continental CrossContact LX Sport XL M+S - 285/40R21 109H - Pneumatico Estivo"
"4019238776324","B06XQ2B1VN","CONTINENTAL","235/55/19","Continental CrossContact LX Sport FR M+S - 235/55R19 101V - Pneumatico Estivo"
"4019238779462","B01M1LSKY7","CONTINENTAL","265/35/18","Continental SportContact 3 XL FR - 265/35R18 97Y - Pneumatico Estivo"
"4019238779813","B01LY2AUGR","CONTINENTAL","265/50/20","Continental CrossContact UHP XL FR - 265/50R20 111V - Pneumatico Estivo"
"4019238781908","B07BRFBTHD","CONTINENTAL","285/40/22","Continental SportContact 6 XL FR - 285/40R22 110Y - Pneumatico Estivo"
"4019238782493","B07GVPFZT4","CONTINENTAL","285/45/21","Continental WinterContact TS 850 P XL FR M+S - 285/45R21 113V - Pneumatico Invernale"
"4019238784497","B06VSNSFGN","CONTINENTAL","285/40/21","Continental SportContact 6 XL FR - 285/40R21 109T - Pneumatico Estivo"
"4019238785050","B07N2R3WGW","CONTINENTAL","285/40/22","CONTINENTAL 285/40 R22 110H CrossContact LX Sport AO(AUDI) SILENT"
"4019238785951","B0799BGXDR","CONTINENTAL","285/45/21","Continental SportContact 6 XL FR - 285/45R21 113Y - Pneumatico Estivo"
"4019238786941","B072HLRBR9","CONTINENTAL","205/65/16","PNEUMATICI GOMME TUTTE LE STAGIONI CONTINENTAL VANCONTACT 4SEASON 205/65R16C 107/105T (H) TL 8PR"
"4019238791563","B0734QKNJD","CONTINENTAL","175/65/14","Continental AllSeasonContact XL M+S - 175/65R14 86H - Pneumatico 4 stagioni"
"4019238792850","B06XWVLSYB","CONTINENTAL","315/30/21","Continental Sport Contact 5 P 315/30R21 105Y Pneumatico Estivos"
"4019238793208","B01N7GY2PG","CONTINENTAL","235/55/19","Continental CrossContact UHP XL FR M+S - 235/55R19 105W - Pneumatico Estivo"
"4019238807424","B07WRRK5KR","CONTINENTAL","225/50/19","Continental WinterContact TS 860 S XL FSL M+S - 225/50R19 100V - Pneumatico Invernale"
"4019238807462","B07K39H3ZR","CONTINENTAL","255/55/19","Continental WinterContact TS 850 P XL FSL M+S - 255/55R19 111H - Pneumatico Invernale"
"4019238807479","B07MJWXQ91","CONTINENTAL","235/55/18","Continental WinterContact TS 850 P FR M+S - 235/55R18 100H - Pneumatico Invernale"
"4019238810066","B07J3863CS","CONTINENTAL","255/50/20","Continental PremiumContact 6 XL - 255/50R20 109H - Pneumatico Estivo"
"4019238810073","B07RZLP13G","CONTINENTAL","265/45/21","Continental PremiumContact 6 XL FR - 265/45R21 108H - Pneumatico Estivo"
"4019238810363","B07MJWYLWD","CONTINENTAL","245/45/20","Continental PremiumContact 6 XL FR - 245/45R20 103Y - Pneumatico Estivo"
"4019238810592","B077L642SG","CONTINENTAL","235/55/18","Pneumatici per tutte le stagioni 235/55 R18 100 V Continental AllSeasonContactTM M+S AO"
"4019238811605","B077L5CHKL","CONTINENTAL","215/65/17","Continental AllSeasonContact M+S - 215/65R17 99V - Pneumatico 4 stagioni"
"4019238813555","B08163RPJP","CONTINENTAL","225/45/18","CONTINENTAL 225/45 R18 95V Invernale XL Runflat Auto"
"4019238815177","B07FLG57H5","CONTINENTAL","235/45/18","Continental WinterContact TS 860 S FR M+S - 235/45R18 94V - Pneumatico Invernale"
"4019238815672","B0FS4R33BB","CONTINENTAL","215/65/16","CONTINENTAL 215/65 R16 98H Estivo Fuoristrada"
"4019238820416","B07H1KKF6L","CONTINENTAL","235/40/18","Continental SportContact 6 XL FR - 235/40R18 95Y - Pneumatico Estivo"
"4019238996371","B0H48F6L7K","CONTINENTAL","195/65/15","PNEUMATICI Continental E.CNT 195/65-15 TL T98 VCECO"
"4024063006935","B0DFXSGSGR","BARUM","205/45/17","BARUM 205/45 R17 88V Invernale XL Auto"
"4024067002995","B09GXFRY3V","SEMPERIT","215/65/17","Semperit 215/65R17 103H XL Speed Grip 5"
"4024067003114","B09GXZV1Z7","SEMPERIT","225/55/17","Semperit 225/55R17 101V XL Speed Grip 5"
"4024067003312","B09GXJC37K","SEMPERIT","225/60/18","Semperit 225/60R18 104V XL Speed Grip 5"
"4024067003329","B09GXT78QP","SEMPERIT","225/40/19","Semperit 225/40R19 93W XL Speed Grip 5"
"4024067003466","B09GXNZLZT","SEMPERIT","215/45/18","Semperit 215/45R18 93V XL Speed Grip 5"
"4024067003510","B09GXLKPQ3","SEMPERIT","225/50/17","Semperit 225/50R17 98V XL Speed Grip 5"
"4024067003886","B0BTGKRS43","SEMPERIT","225/45/18","GOMME PNEUMATICI SEMPERIT 225/45-18 95V SPEED GRIP 5"
"4024067004173","B09GXPY3D4","SEMPERIT","225/75/16","Semperit 225/75R16C 121/120R VAN-GRIP 3"
"4024068000464","B07DJZVS18","UNIROYAL","235/65/16","Uniroyal AllSeasonMax M+S - 235/65R16 115R - Pneumatico 4 stagioni"
"4024068000525","B07C33RCKB","UNIROYAL","195/75/16","Uniroyal AllSeasonMax M+S - 195/75R16 107R - Pneumatico 4 stagioni"
"4024068000617","B07D46BHGF","UNIROYAL","215/55/16","Gomme Uniroyal Allseasonexpert 2 215/55R16 97H TL 4 stagioni per Auto"
"4024068000624","B07D6Y7TNM","UNIROYAL","225/50/17","Uniroyal AllSeasonExpert 2 XL FR M+S - 225/50R17 98V - Pneumatico 4 stagioni"
"4024068000631","B07DCFGQFM","UNIROYAL","225/55/17","Uniroyal AllSeasonExpert 2 XL M+S - 225/55R17 101V - Pneumatico 4 stagioni"
"4024068000662","B07CSL6S33","UNIROYAL","155/70/13","Uniroyal AllSeasonExpert 2 M+S - 155/70R13 75T - Pneumatico 4 stagioni"
"4024068000693","B07DNNKJK4","UNIROYAL","185/65/14","Uniroyal AllSeasonExpert 2 M+S - 185/65R14 86T - Pneumatico 4 stagioni"
"4024068000709","B07CSD9P27","UNIROYAL","225/40/18","Uniroyal 28278 Pneumatico 225/40 R18 92V Allseasonexpert 2 Xl"
"4024068000723","B07F7SPS5F","UNIROYAL","235/55/18","Uniroyal AllSeasonExpert 2 FR M+S - 235/55R18 100V - Pneumatico 4 stagioni"
"4024068000730","B07C2P5ZHF","UNIROYAL","165/65/15","Uniroyal AllSeasonExpert 2 M+S - 165/65R15 81T - Pneumatico 4 stagioni"
"4024068000754","B07DF5CLKR","UNIROYAL","215/60/17","Uniroyal AllSeasonExpert 2 FR M+S - 215/60R17 96H - Pneumatico 4 stagioni"
"4024068000761","B07DF5K9KJ","UNIROYAL","235/65/17","Uniroyal AllSeasonExpert 2 XL FR M+S - 235/65R17 108V - Pneumatico 4 stagioni"
"4024068000778","B07C7NWRW7","UNIROYAL","175/70/14","Gomme Uniroyal Allseasonexpert 2 175/70R14 84T TL 4 stagioni per Auto"
"4024068000792","B07DF5K9KK","UNIROYAL","185/60/14","Gomme Uniroyal Allseasonexpert 2 185/60R14 82T TL 4 stagioni per Auto"
"4024068000815","B07CYW7BM2","UNIROYAL","205/55/17","Uniroyal AllSeasonExpert 2 XL FR M+S - 205/55R17 95V - Pneumatico 4 stagioni"
"4024068000822","B07D717FLR","UNIROYAL","165/65/14","Uniroyal AllSeasonExpert 2 M+S - 165/65R14 79T - Pneumatico 4 stagioni"
"4024068000877","B07DJ15PMZ","UNIROYAL","215/65/16","Gomme Uniroyal Allseasonexpert 2 215/65R16 98H TL 4 stagioni"
"4024068000884","B07CPM1Y1H","UNIROYAL","215/65/17","Uniroyal AllSeasonExpert 2 FR M+S - 215/65R17 99V - Pneumatico 4 stagioni"
"4024068000891","B07CSLRPJN","UNIROYAL","155/65/14","Uniroyal AllSeasonExpert 2 M+S - 155/65R14 75T - Pneumatico 4 stagioni"
"4024068000907","B07CJ894WS","UNIROYAL","165/70/14","Uniroyal AllSeasonExpert 2 M+S - 165/70R14 81T - Pneumatico 4 stagioni"
"4024068000914","B07PNRKKJK","UNIROYAL","185/70/14","Uniroyal AllSeasonExpert 2 M+S - 185/70R14 88T - Pneumatico 4 stagioni"
"4024068001003","B07CSK8GFK","UNIROYAL","175/65/15","Uniroyal 28218 Pneumatico 175/65 R15 84T Allseasonexpert 2"
"4024068001010","B07CPL3FYR","UNIROYAL","175/65/15","Uniroyal AllSeasonExpert 2 M+S - 175/65R15 84H - Pneumatico 4 stagioni"
"4024068001034","B07FZ3JHV1","UNIROYAL","185/55/15","Uniroyal AllSeasonExpert 2 M+S - 185/55R15 82H - Pneumatico 4 stagioni"
"4024068001065","B07D46WXBV","UNIROYAL","185/65/15","Uniroyal AllSeasonExpert 2 M+S - 185/65R15 88T - Pneumatico 4 stagioni"
"4024068001072","B07C377M4S","UNIROYAL","195/55/16","Gomme Uniroyal Allseasonexpert 2 195/55R16 87H TL 4 stagioni per Auto"
"4024068001331","B07NL1M1PC","UNIROYAL","215/45/16","Uniroyal AllSeasonExpert 2 XL pneumatici per tutte le stagioni 215/45R16 90V – FR/XL/M+S/3PMSF"
"4024068001348","B07T1312HP","UNIROYAL","215/50/17","UNIROYAL ALLSEASONEXPERT 2 XL – 215/50R17 95W – D/C/72dB – Pneumatici per tutte le stagioni"
"4024068001492","B09J9K5NR9","UNIROYAL","205/55/17","Uniroyal WinterExpert - Pneumatici invernali 205/55 R17 95V XL FR - C/C/72"
"4024068001508","B09J9Y6J7Q","UNIROYAL","225/60/17","Uniroyal WinterExpert - Pneumatici invernali 225/60 R17 103V XL FR - C/C/72"
"4024068001515","B09JBLB5X2","UNIROYAL","235/60/18","Uniroyal WinterExpert - Pneumatici invernali 235/60 R18 107V XL FR - C/C/72"
"4024068001539","B09J9MSSGB","UNIROYAL","235/65/17","Uniroyal WinterExpert – 235/65 R17 108V XL FR – C/C/72 – Pneumatici invernali (PKW)"
"4024068001546","B09J9M15YN","UNIROYAL","255/55/18","Uniroyal WinterExpert – 255/55 R18 109V XL FR – C/C/73 – Pneumatici invernali (PKW)"
"4024068001560","B09J9L787F","UNIROYAL","215/60/16","Uniroyal WinterExpert – 215/60 R16 99H XL – D/C/72 – Pneumatici invernali (PKW)"
"4024068001591","B09B1B6N1L","UNIROYAL","275/45/20","Uniroyal WinterExpert – 275/45 R20 110V XL FR – C/C/73 – Pneumatici invernali (PKW)"
"4024068001607","B09J9LF7HS","UNIROYAL","205/55/16","Uniroyal WinterExpert – 205/55 R16 91H – C/B/71 – Pneumatici invernali (PKW)"
"4024068001614","B086Q7LY9H","UNIROYAL","205/55/16","Uniroyal WinterExpert – 205/55 R16 91T – C/B/71 – Pneumatici invernali"
"4024068001621","B086Q56VZP","UNIROYAL","205/55/16","UNIROYAL 205/55 R16 94H Invernale XL Auto"
"4024068001652","B09J9LDPDN","UNIROYAL","235/45/18","Uniroyal WinterExpert - Pneumatici invernali 235/45 R18 98V XL FR - C/C/72"
"4024068001676","B09J9M15YD","UNIROYAL","255/40/19","Uniroyal WinterExpert – 255/40 R19 100V XL FR – C/C/73 – Pneumatici invernali (PKW)"
"4024068001690","B086Q664YQ","UNIROYAL","165/70/14","Uniroyal WinterExpert - Pneumatici invernali 165/70 R14 81T - D/C/71"
"4024068001713","B09J9M1WQ1","UNIROYAL","255/35/19","Uniroyal WinterExpert – 255/35 R19 96V XL FR – C/C/73 – Pneumatici invernali (PKW)"
"4024068001737","B09JB9GKJ8","UNIROYAL","165/65/15","Uniroyal WinterExpert - Pneumatici invernali 165/65 R15 81T - D/C/71"
"4024068001744","B09J9P92V3","UNIROYAL","215/50/17","Uniroyal WinterExpert - Pneumatici invernali 215/50 R17 95V XL FR - C/C/72"
"4024068001751","B09J9M15SZ","UNIROYAL","215/55/17","Uniroyal WinterExpert – 215/55 R17 98V XL – C/C/72 – Pneumatici invernali (PKW)"
"4024068001799","B09J9LZRBS","UNIROYAL","225/45/18","Uniroyal WinterExpert - Pneumatici invernali 225/45 R18 95V XL FR - C/C/72"
"4024068001812","B09JB5L3XF","UNIROYAL","245/40/19","Uniroyal WinterExpert - Pneumatici invernali 245/40 R19 98V XL FR - C/C/72"
"4024068001843","B086Q6T4LJ","UNIROYAL","225/55/17","Uniroyal WinterExpert – 225/55 R17 101V XL – C/C/72 – Pneumatici invernali (PKW)"
"4024068001850","B09B1B6H45","UNIROYAL","235/50/18","Uniroyal WinterExpert – 235/50 R18 101V XL FR – C/C/72 – Pneumatici invernali (PKW)"
"4024068001867","B09J9K5NQC","UNIROYAL","195/65/15","Uniroyal WinterExpert - Pneumatici invernali 195/65 R15 91T - C/B/72 -"
"4024068001942","B07T6HK7LG","UNIROYAL","225/75/16","Uniroyal 78192 Pneumatico 225/75 R16 121/120R Allseasonmax Tutte Le Stagioni"
"4024068002130","B084J3RPFF","UNIROYAL","185/55/15","Uniroyal 72089 Pneumatico 185/55 R15 82H Rainsport 5"
"4024068002147","B084J43D3K","UNIROYAL","185/55/15","Uniroyal 72090 Pneumatico 185/55 R15 82V Rainsport 5"
"4024068002161","B084J3XV8S","UNIROYAL","195/55/15","Uniroyal 73506 Pneumatico 195/55 R15 85H Rainsport 5"
"4024068002178","B084J3RKTB","UNIROYAL","195/55/15","Uniroyal 72092 Pneumatico 195/55 R15 85V Rainsport 5"
"4024068002185","B0846MF6HC","UNIROYAL","205/55/16","Uniroyal 72042 Pneumatico 205/55 R16 91W Rainsport 5"
"4024068002192","B0846M1H3Y","UNIROYAL","205/55/16","Uniroyal 72105 Pneumatico 205/55 R16 94V Rainsport 5 Xl"
"4024068002215","B084J3YSRS","UNIROYAL","225/50/17","Uniroyal 72128 Pneumatico 225/50 R17 94V Rainsport 5"
"4024068002222","B0846LTH33","UNIROYAL","225/50/17","Uniroyal 72130 Pneumatico 225/50 R17 94Y Rainsport 5"
"4024068002239","B0855GMNDZ","UNIROYAL","225/50/17","UNIROYAL 225/50 R17 98V RAINSPORT 5 XL"
"4024068002253","B085PKLS8W","UNIROYAL","245/40/17","Uniroyal 72138 Pneumatico 245/40 R17 91Y Rainsport 5"
"4024068002284","B085F2DFDP","UNIROYAL","215/50/17","Uniroyal 72121 Pneumatico 215/50 R17 91Y Rainsport 5"
"4024068002291","B084TKWR28","UNIROYAL","215/50/17","Uniroyal 72122 Pneumatico 215/50 R17 95Y Rainsport 5 Xl"
"4024068002307","B0846MCSCK","UNIROYAL","225/55/16","Uniroyal 72109 Pneumatico 225/55 R16 95V Rainsport 5"
"4024068002314","B0846MDVXY","UNIROYAL","225/55/16","Uniroyal 72110 Pneumatico 225/55 R16 95Y Rainsport 5"
"4024068002345","B082PBQ9HC","UNIROYAL","195/50/15","Uniroyal 72065 Pneumatico 195/50 R15 82V Rainsport 5"
"4024068002352","B0846LTC65","UNIROYAL","205/55/16","Uniroyal 72104 Pneumatico 205/55 R16 91H Rainsport 5"
"4024068002369","B0846M126X","UNIROYAL","205/55/16","Uniroyal 72063 Pneumatico 205/55 R16 91V Rainsport 5"
"4024068002376","B0846MCSCV","UNIROYAL","245/40/18","Uniroyal 72154 Pneumatico 245/40 R18 97Y Rainsport 5 Xl"
"4024068002390","B0851B47DZ","UNIROYAL","245/40/19","Uniroyal 72170 Pneumatico 245/40 R19 98Y Rainsport 5 Xl"
"4024068002413","B086Q684T2","UNIROYAL","275/35/19","UNIROYAL 275/35 R19 100Y Estivo XL Auto"
"4024068002420","B0846LT1JZ","UNIROYAL","255/35/20","Uniroyal 72186 Pneumatico 255/35 R20 97Y Rainsport 5 Xl"
"4024068002475","B084J43D7W","UNIROYAL","215/55/16","Uniroyal 72106 Pneumatico 215/55 R16 93V Rainsport 5"
"4024068002482","B084J3QB47","UNIROYAL","215/55/16","Uniroyal 72107 Pneumatico 215/55 R16 97Y Rainsport 5 Xl"
"4024068002512","B085GDL1G1","UNIROYAL","245/35/19","Pneumatici estivi UNIROYAL 245/35 R19 93Y RainSport 5 XL"
"4024068002543","B086QLC766","UNIROYAL","265/50/19","UNIROYAL 265/50 R19 110Y Estivo XL Auto"
"4024068002567","B084J4HDYH","UNIROYAL","295/35/21","Uniroyal 72194 Pneumatico 295/35 R21 107Y Rainsport 5 Xl"
"4024068002574","B08G4L61XR","UNIROYAL","295/40/21","UNIROYAL 295/40 R21 111Y Estivo XL Auto"
"4024068002598","B0846MDVXM","UNIROYAL","195/55/16","Uniroyal 72098 Pneumatico 195/55 R16 91V Rainsport 5 Xl"
"4024068002604","B0846M26NR","UNIROYAL","205/50/17","Uniroyal 72115 Pneumatico 205/50 R17 93V Rainsport 5 Xl"
"4024068002611","B084J3RKTL","UNIROYAL","205/50/17","Uniroyal 72116 Pneumatico 205/50 R17 93Y Rainsport 5 Xl"
"4024068002628","B0846LXVKZ","UNIROYAL","215/55/17","Uniroyal 72123 Pneumatico 215/55 R17 94V Rainsport 5"
"4024068002642","B085GFD2ZF","UNIROYAL","215/55/17","Pneumatici estivi UNIROYAL 215/55 R17 98W RainSport 5 XL"
"4024068002673","B0846LWYC2","UNIROYAL","225/55/17","Uniroyal 72133 Pneumatico 225/55 R17 101Y Rainsport 5 Xl"
"4024068002680","B0846LQFT8","UNIROYAL","225/55/17","Uniroyal 72132 Pneumatico 225/55 R17 97Y Rainsport 5"
"4024068002697","B0846LRM8C","UNIROYAL","235/55/17","UNIROYAL RAINSPORT 5 FR XL - 235/55R17 - Pneumatici estivi"
"4024068002703","B082PBMNVM","UNIROYAL","235/55/17","Uniroyal 72136 Pneumatico 235/55 R17 99V Rainsport 5"
"4024068002710","B084TL2XP1","UNIROYAL","245/45/17","Uniroyal 72139 Pneumatico 245/45 R17 99Y Rainsport 5 Xl"
"4024068002727","B0846LTC6B","UNIROYAL","245/35/18","Uniroyal 72153 Pneumatico 245/35 R18 92Y Rainsport 5 Xl"
"4024068002734","B0846M8CK9","UNIROYAL","255/35/18","Uniroyal 72156 Pneumatico 255/35 R18 94Y Rainsport 5 Xl"
"4024068002758","B084J49F13","UNIROYAL","235/55/19","Uniroyal 72167 Pneumatico 235/55 R19 105V Rainsport 5 Xl"
"4024068002796","B0846M4473","UNIROYAL","235/45/17","Uniroyal 72134 Pneumatico 235/45 R17 94Y Rainsport 5"
"4024068002802","B0846M1H4F","UNIROYAL","235/45/17","Uniroyal 72135 Pneumatico 235/45 R17 97Y Rainsport 5 Xl"
"4024068002819","B0846LSM6W","UNIROYAL","245/45/18","Uniroyal 72155 Pneumatico 245/45 R18 100Y Rainsport 5 Xl"
"4024068002826","B0846M1H4H","UNIROYAL","245/45/20","UNIROYAL 245/45 R20 103Y RAINSPORT 5 XL"
"4024068002840","B082PB863V","UNIROYAL","195/45/16","Uniroyal 72095 Pneumatico 195/45 R16 84V Rainsport 5 Xl"
"4024068002857","B0846LVHRD","UNIROYAL","195/50/16","Uniroyal 72096 Pneumatico 195/50 R16 88V Rainsport 5 Xl"
"4024068002864","B0846LTHXD","UNIROYAL","205/40/17","Uniroyal 72112 Pneumatico 205/40 R17 84W Rainsport 5 Xl"
"4024068002871","B0846LNHNF","UNIROYAL","205/45/16","Uniroyal 72099 Pneumatico 205/45 R16 83V Rainsport 5"
"4024068002901","B0846M41F8","UNIROYAL","205/45/17","Uniroyal 72113 Pneumatico 205/45 R17 88V Rainsport 5 Xl"
"4024068002918","B0846MDVXR","UNIROYAL","205/45/17","Uniroyal 72114 Pneumatico 205/45 R17 88Y Rainsport 5 Xl"
"4024068002925","B0846LVHRH","UNIROYAL","205/55/15","Uniroyal 72094 Pneumatico 205/55 R15 88V Rainsport 5"
"4024068002949","B0846M5M1W","UNIROYAL","215/40/17","Uniroyal 72118 Pneumatico 215/40 R17 87Y Rainsport 5 Xl"
"4024068002956","B0846LXCLZ","UNIROYAL","215/45/17","Uniroyal 72119 Pneumatico 215/45 R17 87Y Rainsport 5"
"4024068002963","B0846MF6H6","UNIROYAL","215/45/17","Uniroyal 72120 Pneumatico 215/45 R17 91Y Rainsport 5 Xl"
"4024068002994","B0846LW2CR","UNIROYAL","225/45/18","Uniroyal 72145 Pneumatico 225/45 R18 95Y Rainsport 5 Xl"
"4024068003014","B0846MDVY2","UNIROYAL","235/50/18","Uniroyal 72149 Pneumatico 235/50 R18 97V Rainsport 5"
"4024068003069","B086Q6G7PP","UNIROYAL","255/55/18","Uniroyal 72159 Pneumatico 255/55 R18 109Y Rainsport 5 Xl"
"4024068003083","B0846MF6HF","UNIROYAL","225/40/18","Uniroyal 70968 Pneumatico 225/40 R18 92Y Rainsport 5 Xl Mfs"
"4024068003120","B0846LW2CP","UNIROYAL","215/55/18","Uniroyal 72143 Pneumatico 215/55 R18 99V Rainsport 5 Xl"
"4024068003137","B0846LRM86","UNIROYAL","225/55/18","Uniroyal 72146 Pneumatico 225/55 R18 98V Rainsport 5"
"4024068003151","B0846M3X43","UNIROYAL","235/55/18","Uniroyal 72151 Pneumatico 235/55 R18 100H Rainsport 5"
"4024068003168","B0846LRNKZ","UNIROYAL","235/55/18","Uniroyal 72152 Pneumatico 235/55 R18 100V Rainsport 5"
"4024068003175","B0846LRM89","UNIROYAL","235/50/19","Uniroyal 72166 Pneumatico 235/50 R19 99V Rainsport 5"
"4024068003182","B0846LJVM1","UNIROYAL","255/35/19","Uniroyal 72173 Pneumatico 255/35 R19 96Y Rainsport 5 Xl"
"4024068003229","B0846LXVL2","UNIROYAL","225/35/19","Uniroyal 72160 Pneumatico 225/35 R19 88Y Rainsport 5 Xl"
"4024068003243","B0851BTLFW","UNIROYAL","255/40/20","Uniroyal 72187 Pneumatico 255/40 R20 101Y Rainsport 5 Xl"
"4024068003250","B086Q6Y9K3","UNIROYAL","255/45/19","UNIROYAL 255/45 R19 104Y RAINSPORT 5 XL"
"4024068003274","B0846LT1JR","UNIROYAL","235/40/18","Uniroyal 72147 Pneumatico 235/40 R18 95Y Rainsport 5 Xl"
"4024068003298","B085PQCGQM","UNIROYAL","235/35/19","Uniroyal 72164 Pneumatico 235/35 R19 91Y Rainsport 5 Xl"
"4024068003304","B08GKR2YMK","UNIROYAL","235/40/19","Uniroyal 72165 Pneumatico 235/40 R19 96Y Rainsport 5 Xl"
"4024068003311","B086Q51QQG","UNIROYAL","255/45/20","Uniroyal 72188 Pneumatico 255/45 R20 105Y Rainsport 5 Xl"
"4024068003328","B0846M3X47","UNIROYAL","255/50/19","Uniroyal 72176 Pneumatico 255/50 R19 107Y Rainsport 5 Xl"
"4024068003335","B084YYRS7M","UNIROYAL","195/55/20","Uniroyal 72182 Pneumatico 195/55 R20 95H Rainsport 5 Xl"
"4024068003359","B09J9L58WZ","UNIROYAL","195/55/16","Uniroyal WinterExpert - Pneumatici invernali 195/55 R16 91H XL - D/C/72"
"4024068003366","B09JBCW14Q","UNIROYAL","225/50/18","UNIROYAL 225/50 R18 99V Invernale XL Auto"
"4024068003373","B09JB8ZGB2","UNIROYAL","225/60/18","Uniroyal WinterExpert - Pneumatici invernali 225/60 R18 104V XL FR - C/C/72"
"4024068003397","B09J9KXJ41","UNIROYAL","215/50/18","Uniroyal WinterExpert – 215/50 R18 92V FR – C/C/72 – Pneumatici invernali (PKW)"
"4024068003403","B09J9P92XF","UNIROYAL","225/45/17","Uniroyal WinterExpert - 225/45 R17 91H FR - D/B/72 - Pneumatici invernali (PKW)"
"4024068003427","B09J9K87XQ","UNIROYAL","225/55/18","Uniroyal WinterExpert – 225/55 R18 102V XL FR – C/C/72 – Pneumatici invernali (PKW)"
"4024068003434","B09J9K84Z3","UNIROYAL","175/65/14","Uniroyal WinterExpert - Pneumatici invernali 175/65 R14 82T - D/C/71"
"4024068003496","B09J9L1DGC","UNIROYAL","215/45/17","Uniroyal WinterExpert – 215/45 R17 91V XL FR – C/C/72 – Pneumatici invernali (PKW)"
"4024068003502","B09J9KZJ85","UNIROYAL","215/55/16","Uniroyal WinterExpert – 215/55 R16 93H – D/C/72 – Pneumatici invernali (PKW)"
"4024068003519","B09J9LZR84","UNIROYAL","215/55/16","UNIROYAL Pneumatici invernali M+S 3PMSF 215/55 R16 97H XL"
"4024068003526","B09J9M2V6K","UNIROYAL","225/50/17","Uniroyal WinterExpert – 225/50 R17 98H XL FR – C/B/72 – Pneumatici invernali (PKW)"
"4024068003533","B09J9YRXSS","UNIROYAL","225/50/17","Uniroyal WinterExpert - Pneumatici invernali 225/50 R17 98V XL FR - C/B/72"
"4024068003540","B09J9K1GQ5","UNIROYAL","165/60/14","Uniroyal WinterExpert - Pneumatici invernali 165/60 R14 75T - D/C/71"
"4024068003595","B09J9LB2F6","UNIROYAL","195/60/15","Uniroyal WinterExpert – 195/60 R15 88T – C/C/72 – Pneumatici invernali (PKW)"
"4024068003618","B09J9LR8F9","UNIROYAL","215/40/18","Uniroyal WinterExpert - Pneumatici invernali 215/40 R18 89V XL FR - D/C/72"
"4024068003632","B086Q4YVFT","UNIROYAL","215/65/16","Uniroyal WinterExpert – 215/65 R16 102H XL – C/C/72 – Pneumatici invernali (PKW)"
"4024068003700","B086Q5TTJS","UNIROYAL","185/55/15","UNIROYAL 185/55 R15 82T M+S SNOW"
"4024068003717","B09J9K2LRC","UNIROYAL","195/55/15","Uniroyal WinterExpert - Pneumatici invernali 195/55 R15 85H - D/C/72"
"4024068003779","B09J9LBL88","UNIROYAL","205/45/17","UNIROYAL Pneumatici invernali M+S 3PMSF 205/45 R17 88V XL"
"4024068003786","B09J9KXJ2S","UNIROYAL","205/50/17","Uniroyal WinterExpert - Pneumatici invernali 205/50 R17 93V XL FR - C/C/72"
"4024068003816","B09JBCXX46","UNIROYAL","195/55/20","Uniroyal WinterExpert – 195/55 R20 95H XL – C/C/72 – Pneumatici invernali (PKW)"
"4024068003847","B086Q6XF5R","UNIROYAL","235/65/16","UNIROYAL 235/65 R16 115/113R M+S SNOW"
"4024068003892","B09J9K87WB","UNIROYAL","215/70/15","215/70R15C UNIROYAL TL SNOW MAX 3 (EU)109R *E*"
"4024068003922","B08Z1YK2YC","UNIROYAL","225/70/15","225/70R15C UNIROYAL TL SNOW MAX 3 (EU)112R *E*"
"4024068003953","B09J9LD411","UNIROYAL","195/70/15","195/70R15C UNIROYAL TL SNOW MAX 3 104R *E*"
"4024068003960","B09J9L1DF7","UNIROYAL","195/75/16","195/75R16C UNIROYAL TL SNOW MAX 3 107R *E*"
"4024068004080","B086Q66YSM","UNIROYAL","225/55/17","UNIROYAL ALLSEASONMAX 8PR – 225/55R17C 109/107T (T) – C/B/73dB – Pneumatici per tutte le stagioni"
"4024068004356","B09J9K2LMY","UNIROYAL","235/60/18","235/60WR18 UNIROYAL TL RAINEXPERT 5 FR XL SEP21 107W *E*"
"4024068004400","B09JCWWDJ5","UNIROYAL","185/60/14","185/60HR14 UNIROYAL TL RAINEXPERT 5 nov21 82H E"
"4024068004424","B09JCZSB2X","UNIROYAL","195/65/15","Uniroyal RainExpert 5-195/65 R15 91T – C/A/71 – Pneumatici estivi (PKW)"
"4024068004462","B09J9K1GK1","UNIROYAL","205/60/16","UNIROYAL RAINEXPERT 5-205/60R16 92V – C/A/71dB – Pneumatici estivi"
"4024068004479","B09J9L75N9","UNIROYAL","205/60/16","Uniroyal RainExpert 5-205/60 R16 96H XL – C/A/72 – Pneumatici estivi (auto)"
"4024068004486","B09J9L5LHD","UNIROYAL","205/60/16","Uniroyal RainExpert 5-205/60 R16 96W XL – C/A/72 – Pneumatici estivi (auto)"
"4024068004509","B09J9JL6NG","UNIROYAL","215/65/17","215/65VR17 UNIROYAL TL RAINEXPERT 5 FR nov21 99V *E*"
"4024068004516","B09J9JW5FV","UNIROYAL","225/60/18","UNIROYAL RAINEXPERT 5 FR – 225/60R18 100V – Pneumatici estivi – C/A/71dB"
"4024068004530","B09J9LD3VT","UNIROYAL","235/65/17","235/65VR17 UNIROYAL TL RAINEXPERT 5 FR XL nov21 108V *E*"
"4024068004554","B09JCXHWC4","UNIROYAL","165/70/14","UNIROYAL RAINEXPERT 5-165/70R14 81T – Pneumatici estivi – C/A/70dB"
"4024068004561","B09JD187ZP","UNIROYAL","165/70/14","Uniroyal RainExpert 5-165/70 R14 85T XL – C/A/71 – Pneumatici estivi (auto)"
"4024068004592","B09JCX2PSF","UNIROYAL","185/65/15","Uniroyal RainExpert 5-185/65 R15 88H – C/A/70 – Pneumatici estivi (PKW)"
"4024068004615","B09JCYWLVX","UNIROYAL","175/65/15","Uniroyal RainExpert 5-175/65 R15 84T – C/A/70 – Pneumatici estivi (auto)"
"4024068004622","B09JCZHJ45","UNIROYAL","175/70/14","Uniroyal RainExpert 5-175/70 R14 84T - D/A/70 - Pneumatici estivi (auto)"
"4024068004677","B09J9J199P","UNIROYAL","215/60/17","UNIROYAL RAINEXPERT 5-215/60R17 96H - C/A/71 - Pneumatici estivi"
"4024068004684","B09J9M2KJP","UNIROYAL","215/60/17","215/60VR17 UNIROYAL TL RAINEXPERT 5 FR dec21 96V *E*"
"4024068004738","B09J9K72NG","UNIROYAL","225/60/17","UNIROYAL 225/60 R17 99V RainExpert 5"
"4024068004745","B09J9JR8M1","UNIROYAL","225/65/17","UNIROYAL RAINEXPERT 5 FR – 225/65R17 102H – Pneumatici estivi – C/A/71dB"
"4024068004776","B09JCYK1XB","UNIROYAL","185/65/14","UNIROYAL RAINEXPERT 5-185/65R14 86T - C/A/70 - Pneumatici estivi"
"4024068004783","B09JCYP6BM","UNIROYAL","185/65/15","UNIROYAL RAINEXPERT 5-185/65R15 88T – Pneumatici estivi – C/A/70dB"
"4024068004790","B09JCZLCRV","UNIROYAL","185/65/15","Uniroyal RainExpert 5-185/65 R15 92T XL – C/A/71 – Pneumatici estivi (auto)"
"4024068004813","B09JCYLH24","UNIROYAL","195/65/15","UNIROYAL RAINEXPERT 5-195/65R15 91H – C/A/71dB – Pneumatici estivi"
"4024068004844","B09J9K76H2","UNIROYAL","215/65/16","UNIROYAL RAINEXPERT 5-215/65R16 98H – C/A/71dB – Pneumatici estivi"
"4024068004868","B09JCYYF8M","UNIROYAL","185/60/15","UNIROYAL RAINEXPERT 5-185/60R15 84H – Pneumatici estivi – C/A/70dB"
"4024068004899","B09J9JHH6M","UNIROYAL","205/65/15","205/65HR15 UNIROYAL TL RAINEXPERT 5 SEP21 94H *E*"
"4024068004929","B09J9M2TRB","UNIROYAL","215/60/16","Uniroyal RainExpert 5-215/60 R16 99H XL – C/A/72 – Pneumatici estivi (auto)"
"4024068004936","B09J9JYGQT","UNIROYAL","215/60/16","UNIROYAL 215/60 R16 99V RainExpert 5 XL"
"4024068004943","B09J9JL6NN","UNIROYAL","215/70/16","UNIROYAL 215/70 R16 100H Estivo Fuoristrada"
"4024068004967","B09J9L58RF","UNIROYAL","235/60/16","Uniroyal RainExpert 5-235/60 R16 100H – C/A/71 – Pneumatici estivi (auto)"
"4024068005018","B09J9L851F","UNIROYAL","195/65/15","Uniroyal WinterExpert - Pneumatici invernali 195/65 R15 91H - C/B/72 -"
"4024068005032","B09JCZTJS1","UNIROYAL","205/45/17","UNIROYAL 205/45 R17 88V AllSeasonExpert 2 XL"
"4024068005049","B09JCYZ6T5","UNIROYAL","165/60/15","UNIROYAL - AllSeasonExpert 2-165/60 R 15-77H/D/C/71dB - Pneumatici per tutte le stagioni"
"4024068005063","B09JBCW13N","UNIROYAL","195/50/16","UNIROYAL - AllSeasonExpert 2-195/50 R 16-88V/C/C/72dB - Pneumatici per tutte le stagioni"
"4024068005087","B09JCZSSH3","UNIROYAL","175/55/15","UNIROYAL ALLSEASONEXPERT 2 – 175/55R15 77T – D/C/71dB – Pneumatici per tutte le stagioni"
"4024068005094","B09J9X1L5C","UNIROYAL","185/55/16","UNIROYAL 185/55 R16 87V 4 Stagioni XL Auto"
"4024068005100","B09MF12JFX","UNIROYAL","155/60/15","UNIROYAL - AllSeasonExpert 2-155/60 R 15-74T/D/C/71dB - Pneumatici per tutte le stagioni"
"4024068005131","B099DVBPJ8","UNIROYAL","195/75/16","UNIROYAL 195/75 R16 110/108R 4 Stagioni LCamion"
"4024068005438","B09V5T4TLW","UNIROYAL","225/50/18","225/50WR18 UNIROYAL TL RAINSPORT 5 XL 99W E"
"4024068005452","B09V6P4KRK","UNIROYAL","225/45/18","225/45YR18 UNIROYAL TL AS EXPERT 2 FR XL 44673 95Y E"
"4024068005469","B09V6BBKSC","UNIROYAL","235/45/18","235/45YR18 UNIROYAL TL AS EXPERT 2 FR XL 44673 98Y E"
"4024068005520","B09V64MS2N","UNIROYAL","205/40/18","205/40YR18 UNIROYAL TL AS EXPERT 2 FR XL mei22 86Y E"
"4024068005698","B0BVJW6325","UNIROYAL","215/70/15","UNIROYAL ALLSEASONMAX – 215/70R15C 109/107S – C/A/73dB – Pneumatici per tutte le stagioni"
"4024068005728","B0CR8BFJM2","UNIROYAL","205/55/19","GOMME PNEUMATICI UNIROYAL 205/55 R19 97V RAINSPORT 5 XL"
"4024068005841","B0C813N6WX","UNIROYAL","185/65/15","GOMME PNEUMATICI UNIROYAL 185/65 R15 92T WINTER EXPERT XL"
"4024068005896","B0CVR8VY21","UNIROYAL","185/75/14","GOMME PNEUMATICI UNIROYAL 185/75 R14 102/100Q RAIN MAX 5"
"4024068005940","B0CW5897G9","UNIROYAL","205/75/16","UNIROYAL 205/75 R16 113/111R Estivo LCamion"
"4024068005957","B0D119KTYT","UNIROYAL","215/60/17","GOMME PNEUMATICI UNIROYAL 215/60 R17 109/107T RAIN MAX 5"
"4024068005971","B0CXLZWYD2","UNIROYAL","195/60/16","UNIROYAL 195/60 R16 99/97H Estivo LCamion"
"4024068005995","B0CTDDFQSQ","UNIROYAL","195/70/15","UNIROYAL RAIN MAX 5-195/70R15C 104/102S - C/B/72 - Pneumatici estivi"
"4024068006008","B0CS6FNSM6","UNIROYAL","205/65/16","GOMME PNEUMATICI UNIROYAL 205/65 R16 107/103T RAIN MAX 5"
"4024068006015","B0CRY2RG4K","UNIROYAL","215/60/16","GOMME PNEUMATICI UNIROYAL 215/60 R16 103/101T RAIN MAX 5"
"4024068006022","B0CTKR5QCV","UNIROYAL","215/70/15","UNIROYAL 215/70 R15 109S Estivo LCamion"
"4024068006039","B0CTKSTM84","UNIROYAL","225/65/16","GOMME PNEUMATICI UNIROYAL 225/65 R16 112/110T RAIN MAX 5"
"4024068006046","B0CS95M9YM","UNIROYAL","195/75/16","GOMME PNEUMATICI UNIROYAL 195/75 R16 110/108R RAIN MAX 5"
"4024068006053","B0CS8SWBB3","UNIROYAL","215/65/15","GOMME PNEUMATICI UNIROYAL 215/65 R15 104/102T RAIN MAX 5"
"4024068006084","B0CV9VTXXJ","UNIROYAL","215/75/16","GOMME PNEUMATICI UNIROYAL 215/75 R16 116/114R RAIN MAX 5"
"4024068006121","B0CRTRH1C4","UNIROYAL","235/65/16","GOMME PNEUMATICI UNIROYAL 235/65 R16 115/113R RAIN MAX 5"
"4024068006138","B0CS92PN5V","UNIROYAL","235/65/16","UNIROYAL 235/65 R16 121/119R Estivo LCamion"
"4024068006176","B0F6GX3854","UNIROYAL","185/55/16","UNIROYAL 185/55 R16 83V Estivo Auto"
"4024068006183","B0D1WZK57S","UNIROYAL","235/55/17","GOMME PNEUMATICI UNIROYAL 235/55 R17 103W RAINSPORT 5 XL"
"4024068006190","B0DFVVD3Y8","UNIROYAL","225/50/17","GOMME PNEUMATICI UNIROYAL 225/50 R17 98W RAINSPORT 5 XL"
"4024068006213","B0D548QVL9","UNIROYAL","205/60/16","UNIROYAL 205/60 R16 96V Estivo XL Auto"
"4024068006220","B0F6KLNVHG","UNIROYAL","225/60/17","225/60HR17 UNIROYAL TL RAINEXPERT 5 FR 99H"
"4024068006237","B0CV9HY9R2","UNIROYAL","205/70/15","UNIROYAL 205/70 R15 96H Estivo Auto"
"4024068006299","B0FV8HKYN1","UNIROYAL","195/65/15","UNIROYAL 195/65 R15 91V RAINEXPERT 5"
"4024068006343","B0FJQ97Z4D","UNIROYAL","215/40/17","GOMME PNEUMATICI UNIROYAL 215/40 R17 87V A/S EXPERT 3 XL"
"4024068006367","B0FK8JNRWR","UNIROYAL","245/40/18","GOMME PNEUMATICI UNIROYAL 245/40 R18 97Y A/S EXPERT 3 XL"
"4024068006374","B0FLHHDF69","UNIROYAL","205/55/19","GOMME PNEUMATICI UNIROYAL 205/55 R19 97V A/S EXPERT 3 XL"
"4024068006381","B0FJQDRCJ3","UNIROYAL","235/50/19","UNIROYAL 235/50 R19 103W AllSeasonExpert 3 XL"
"4024068006411","B0F67V6HJM","UNIROYAL","185/65/15","UNIROYAL 185/65 R15 92V AllSeasonExpert 3 XL"
"4024068006435","B0FJ57186T","UNIROYAL","225/50/17","GOMME PNEUMATICI UNIROYAL 225/50 R17 98W A/S EXPERT 3 XL"
"4024068006459","B0FJQMF1YY","UNIROYAL","215/55/18","UNIROYAL 215/55 R18 99V AllSeasonExpert 3 XL"
"4024068006466","B0FJQRMW88","UNIROYAL","215/50/19","GOMME PNEUMATICI UNIROYAL 215/50 R19 93T A/S EXPERT 3"
"4024068006473","B0FJQ6SXN2","UNIROYAL","225/40/19","GOMME PNEUMATICI UNIROYAL 225/40 R19 93Y A/S EXPERT 3 XL"
"4024068006497","B0H5TP386H","UNIROYAL","255/40/19","UNIROYAL 255/40 R19 100Y 4 Stagioni Auto"
"4024068006503","B0H6H1WCZ7","UNIROYAL","255/45/19","UNIROYAL 255/45 R19 104Y 4 Stagioni Auto"
"4024068006510","B0FJQR1BNM","UNIROYAL","265/45/20","GOMME PNEUMATICI UNIROYAL 265/45 R20 108Y A/S EXPERT 3 XL"
"4024068006565","B0FDJV84WC","UNIROYAL","205/60/16","GOMME PNEUMATICI UNIROYAL 205/60 R16 96H A/S EXPERT 3 XL"
"4024068006572","B0FTFZ38XL","UNIROYAL","205/60/16","UNIROYAL 205/60 R16 96V 4 Stagioni Auto"
"4024068006619","B0FJQMBQ1Z","UNIROYAL","245/40/19","GOMME PNEUMATICI UNIROYAL 245/40 R19 98Y A/S EXPERT 3 XL"
"4024068006633","B0FN2RM222","UNIROYAL","255/50/19","GOMME PNEUMATICI UNIROYAL 255/50 R19 107W A/S EXPERT 3 XL"
"4024068006640","B0FJQJXZ43","UNIROYAL","195/60/18","UNIROYAL 195/60 R18 96H AllSeasonExpert 3 XL"
"4024068006671","B0H885SD59","UNIROYAL","235/50/20","UNIROYAL 235/50 R20 104Y 4 Stagioni Auto"
"4024068006688","B0FJQL4QTP","UNIROYAL","255/45/20","GOMME PNEUMATICI UNIROYAL 255/45 R20 105W A/S EXPERT 3 XL"
"4024068006732","B0FK8Q2XZM","UNIROYAL","195/65/15","UNIROYAL 195/65 R15 95V AllSeasonExpert 3 XL"
"4024068006749","B0FJ5LSN6D","UNIROYAL","205/55/16","UNIROYAL 205/55 R16 91H AllSeasonExpert 3"
"4024068006763","B0FGMTZGW9","UNIROYAL","205/55/16","GOMME PNEUMATICI UNIROYAL 205/55 R16 94V A/S EXPERT 3 XL"
"4024068006770","B0FGMC7S1Q","UNIROYAL","195/55/16","GOMME PNEUMATICI UNIROYAL 195/55 R16 91V A/S EXPERT 3 XL"
"4024068006787","B0FJ6QDLRT","UNIROYAL","195/55/16","GOMME PNEUMATICI UNIROYAL 195/55 R16 91H A/S EXPERT 3 XL"
"4024068006817","B0FJQMWZMF","UNIROYAL","255/40/20","GOMME PNEUMATICI UNIROYAL 255/40 R20 101Y A/S EXPERT 3 XL"
"4024068006824","B0FHZS8HK9","UNIROYAL","175/65/17","GOMME PNEUMATICI UNIROYAL 175/65 R17 87H A/S EXPERT 3"
"4024068006831","B0FHZSVM9B","UNIROYAL","215/60/17","GOMME PNEUMATICI UNIROYAL 215/60 R17 100V A/S EXPERT 3 XL"
"4024068006855","B0FHNSH89J","UNIROYAL","225/45/17","UNIROYAL 225/45 R17 94V AllSeasonExpert 3 XL"
"4024068006862","B0FHZSF62L","UNIROYAL","225/45/17","UNIROYAL 225/45 R17 94W AllSeasonExpert 3 XL"
"4024068006879","B0FJK3G1FB","UNIROYAL","215/50/18","GOMME PNEUMATICI UNIROYAL 215/50 R18 92W A/S EXPERT 3"
"4024068006930","B0FTFXSCRD","UNIROYAL","255/35/19","UNIROYAL 255/35 R19 96Y 4 Stagioni Auto"
"4024068006947","B0FTFX63VL","UNIROYAL","235/40/19","UNIROYAL 235/40 R19 96Y 4 Stagioni Auto"
"4024068006954","B0FTFWT2YJ","UNIROYAL","245/45/19","UNIROYAL 245/45 R19 102Y 4 Stagioni Auto"
"4024068006961","B0FGVZB2ND","UNIROYAL","225/60/18","GOMME PNEUMATICI UNIROYAL 225/60 R18 104W A/S EXPERT 3 XL"
"4024068006978","B0FTFXJ324","UNIROYAL","225/50/18","UNIROYAL 225/50 R18 99W 4 Stagioni Auto"
"4024068006992","B0FHYT4DG1","UNIROYAL","185/60/15","GOMME PNEUMATICI UNIROYAL 185/60 R15 88H A/S EXPERT 3 XL"
"4024068007036","B0FLBX6QZ8","UNIROYAL","235/45/19","GOMME PNEUMATICI UNIROYAL 235/45 R19 99W A/S EXPERT 3 XL"
"4024068007043","B0FTFTHS2N","UNIROYAL","215/40/18","UNIROYAL 215/40 R18 89W 4 Stagioni Auto"
"4024068007050","B0FJQGR3FY","UNIROYAL","215/45/18","GOMME PNEUMATICI UNIROYAL 215/45 R18 93Y A/S EXPERT 3 XL"
"4024068007067","B0FJQS17X7","UNIROYAL","235/35/19","GOMME PNEUMATICI UNIROYAL 235/35 R19 91Y A/S EXPERT 3 XL"
"4024068007098","B0FGVY9LQ1","UNIROYAL","235/45/20","GOMME PNEUMATICI UNIROYAL 235/45 R20 100W A/S EXPERT 3 XL"
"4024068007517","B0H881FFWJ","UNIROYAL","235/55/18","UNIROYAL 235/55 R18 104V 4 Stagioni Auto"
"4024068007685","B0H2SV2T6V","UNIROYAL","225/50/16","UNIROYAL 225/50 R16 92Y Estivo Auto"
"4024068007708","B0GL9P5F8V","UNIROYAL","185/70/14","UNIROYAL 185/70 R14 88T Estivo Auto"
"4024068007753","B0GDX9QR4Z","UNIROYAL","175/70/14","UNIROYAL 175/70 R14 88T Estivo Auto"
"4024068007821","B0HDPWJH6N","UNIROYAL","255/55/18","UNIROYAL 255/55 R18 109W 4 Stagioni Auto"
"4024068007869","B0HC3MPYB9","UNIROYAL","255/55/19","UNIROYAL 255/55 R19 111W 4 Stagioni Fuoristrada"
"4024068007944","B0H23V3SCQ","UNIROYAL","245/40/20","UNIROYAL 245/40 R20 99Y Estivo Auto"
"4024068007951","B0GQZY7BL3","UNIROYAL","235/35/20","UNIROYAL 235/35 R20 92Y Estivo Auto"
"4024068007982","B0G2MVT6Q5","UNIROYAL","235/45/20","UNIROYAL 235/45 R20 100W Estivo Auto"
"4024068008002","B0GL9TXJRL","UNIROYAL","195/60/18","UNIROYAL 195/60 R18 96H Estivo Auto"
"4038526020536","B07ZRVH1WL","GOODYEAR","205/50/19","Goodyear 76484 Pneumatico 205/50 R19 94H Efficientgrip Performance"
"4038526020710","B083ZLYFTW","GOODYEAR","235/45/19","GOODYEAR 235/45 R19 F1 ASY 5 XL 99H SUMMER BB70 Cod:55179"
"4038526020727","B08B69DD3G","GOODYEAR","235/55/17","Goodyear 79328 Pneumatico 235/55 R17 99H Vector 4Seasons Gen-3"
"4038526025623","B08JQNG88Z","GOODYEAR","195/45/16","GOODYEAR 195/45 R16 84V 4 Stagioni XL Auto"
"4038526025630","B08C76L4NK","GOODYEAR","225/50/17","Goodyear 78303 Pneumatico 225/50 R17 98W Vector 4Seasons G3 Xl"
"4038526025647","B087CCVL13","GOODYEAR","235/45/17","Goodyear 79006 Pneumatico 235/45 R17 97Y Vector 4Seasons Suv G3 Xl"
"4038526025692","B087CD3FK2","GOODYEAR","245/45/19","GOODYEAR 245/45 R19 VECT G3(4STG) XL FP 102W ALLSEASON CB72 Cod:68925"
"4038526026415","B08C7D2BLJ","GOODYEAR","215/65/16","GOODYEAR 215/65 R16 102V VECTOR 4SEASONS GEN-3 XL"
"4038526026705","B08921P9NG","GOODYEAR","215/45/16","GOODYEAR 215/45 R16 90V EFFICIENTGRIP PERFORMANCE 2 FP"
"4038526026712","B083ZLVPGZ","GOODYEAR","215/50/17","Goodyear 73849 Pneumatico 215/50 R17 95W Efficientgrip Performance 2 Xl"
"4038526026729","B08C79X1M2","GOODYEAR","215/55/16","Goodyear 77983 Pneumatico 215/55 R16 93V Efficiengrip Performance 2 Xl"
"4038526026736","B08C73F4Q6","GOODYEAR","215/55/16","Goodyear 79260 Pneumatico 215/55 R16 97W Efficientgrip Performance 2 Xl"
"4038526026750","B08Z29B8VB","GOODYEAR","225/50/18","GOODYEAR 225/50 R18 99W EFFICIENTGRIP PERFORMANCE 2 XL"
"4038526028341","B083ZMX5R6","GOODYEAR","215/50/17","Goodyear 76416 Pneumatico 215/50 R17 91W Efficientgrip Performance 2"
"4038526030047","B096B8DZY2","GOODYEAR","265/40/21","GOODYEAR 265/40 R21 105H EAGLE F1 (ASYMMETRIC) 5 XL MO (MERCEDES)"
"4038526031440","B08C6XR96V","GOODYEAR","225/50/18","Goodyear 79299 Pneumatico 225/50 R18 95W Eagle F1, Asymmetric 5"
"4038526036117","B08B696ZBD","GOODYEAR","235/60/17","Goodyear 79336 Pneumatico 235/60 R17 102H Vector 4Seasons Gen-3"
"4038526039293","B09J9VPK28","GOODYEAR","235/55/19","235/55HR19 GOODYEAR TL UG PERF + MO XL 105H E"
"4038526040114","B09JB3NTWL","GOODYEAR","235/60/18","235/60HR18 GOODYEAR TL UG PERF + MO 103H E"
"4038526040206","B08WRCYD17","DUNLOP","215/60/17","215/60Vr17 Dunlop Tl Winter Sport 5 Suv Xl (Eu)100V"
"4038526042019","B09GXPKYTL","GOODYEAR","195/60/18","Goodyear 195/60R18 96H XL UG PERF +"
"4038526042491","B0891S4SK7","GOODYEAR","225/55/18","Goodyear 79306 Pneumatico 225/55 R18 102V Vector 4Seasons Gen-3 Xl"
"4038526044310","B089RN36TN","GOODYEAR","215/60/17","GOODYEAR 215/60 R17 100V 4 Stagioni XL Auto"
"4038526052018","B09HP9N7Z2","GOODYEAR","215/65/17","GOODYEAR 215/65 R17 99V EFFICIENTGRIP PERFORMANCE"
"4038526052070","B08Z2KJP7Z","GOODYEAR","245/40/18","GOODYEAR 245/40 R18 97Y EAGLE F1 (ASYMMETRIC) 5 XL MO"
"4038526052223","B08Z1CLW6L","GOODYEAR","225/45/18","GOODYEAR 225/45 R18 95Y EAGLE F1 (ASYMMETRIC) 5 XL MO"
"4038526052414","B08C7C9VWH","GOODYEAR","235/35/20","GOODYEAR 235/35ZR20 F1ASY2 FP N0 FP 88Y SUMMER FA67 Cod:75117"
"4038526054357","B09JC8JHRM","GOODYEAR","275/40/18","275/40VR18 GOODYEAR TL UG PERFORMANCE + FP XL 103V E"
"4038526055811","B09V66C385","GOODYEAR","225/55/19","GOODYEAR 225/55 R19 99V VECTOR 4SEASONS GEN-3"
"4038526055828","B08C799D41","GOODYEAR","205/55/17","Goodyear 79242 Pneumatico 205/55 R17 95V Vector 4Seasons Gen-3 Xl"
"4038526055835","B09V6P96ZN","GOODYEAR","155/70/19","155/70TR19 GOODYEAR TL VECTOR-4S G3 XL 88T E"
"4038526055910","B09JB3G4KG","GOODYEAR","245/50/19","GOODYEAR 245/50 R19 105W VECTOR 4SEASONS GEN-3 XL"
"4038526058195","B09V5RM557","GOODYEAR","195/60/18","GOODYEAR 195/60 R18 96H VECTOR 4SEASONS GEN-3 XL"
"4038526059444","B09JBDZNCF","GOODYEAR","235/55/20","235/55VR20 GOODYEAR TL UG PERF + FP XL 105V E"
"4038526060020","B09V68R9LG","GOODYEAR","195/60/18","GOODYEAR 195/60 R18 96H EFFICIENTGRIP PERFORMANCE 2 XL"
"4038526060754","B08V985SX3","GOODYEAR","215/50/19","GOODYEAR 215/50 R19 93T Invernale Auto"
"4038526062314","B08C777QLZ","GOODYEAR","195/45/16","Goodyear 79208 Pneumatico 195/45 R16 84V Efficientgrip Performance Xl"
"4038526067593","B096B7PJV5","GOODYEAR","265/35/21","GOODYEAR 265/35 R21 101Y EAGLE F1 (ASYMMETRIC) 5 XL NF0(PORSCHE)"
"4038526068705","B0C7LN4YB5","GOODYEAR","215/55/17","215/55VR17 GOODYEAR TL Ug Performance 3 Xl (EU) 98V"
"4038526070234","B0FPG9LJDF","DUNLOP","205/55/16","GOMME PNEUMATICI DUNLOP 205/55 R16 91H WINTER"
"4038526070357","B0FS7VV4DD","DUNLOP","215/55/17","DUNLOP 215/55 R17 98V Invernale XL Auto"
"4038526070371","B0FS7WBD31","DUNLOP","215/65/16","DUNLOP 215/65 R16 102H Invernale XL Auto"
"4038526070500","B096B8XC29","GOODYEAR","225/55/19","GOODYEAR 225/55 R19 103V EFFICIENTGRIP 2 SUV XL"
"4038526070869","B0FV8M7BHD","DUNLOP","225/55/17","GOMME PNEUMATICI DUNLOP 225/55 R17 101V WINTER XL"
"4038526071170","B0FV8J7DW3","DUNLOP","225/45/18","225/45VR18 DUNLOP TL WINTER MFS XL 95V"
"4038526071811","B0FV8KCSJW","DUNLOP","235/50/18","235/50VR18 DUNLOP TL WINTER MFS XL 101V"
"4038526073204","B09JC8GKTV","GOODYEAR","235/65/17","GOODYEAR 235/65 R17 108H ULTRAGRIP PERFORMANCE + SUV XL"
"4038526073280","B09JB7F5RB","GOODYEAR","265/50/19","265/50VR19 GOODYEAR TL UG PERF + SUV FP XL 110V E"
"4038526073471","B09JBJ9SF2","DUNLOP","225/55/19","225/55VR19 DUNLOP TL WINTER SPORT 5 SUV 99V E"
"4038526073532","B0B3SKXVRB","GOODYEAR","225/60/18","GOODYEAR 225/60 R18 104H Invernale XL Fuoristrada"
"4038526073624","B0BVFQ3R4T","GOODYEAR","275/40/22","GOODYEAR 275/40 R22 108V Invernale XL Fuoristrada"
"4038526073952","B09V5SRGW6","GOODYEAR","225/45/17","GOODYEAR 225/45 R17 94Y EAGLE F1 ASYMMETRIC 6 XL"
"4038526073969","B09V5VV9VJ","GOODYEAR","225/45/18","GOODYEAR 225/45 R18 95Y EAGLE F1 ASYMMETRIC 6 XL"
"4038526073983","B09V6DYW4P","GOODYEAR","225/45/19","GOODYEAR 225/45 R19 96W EAGLE F1 ASYMMETRIC 6 XL"
"4038526073990","B09V5V5XM3","GOODYEAR","225/50/17","GOODYEAR 225/50 R17 94Y EAGLE F1 ASYMMETRIC 6"
"4038526074003","B09V6BFJ6L","GOODYEAR","225/50/17","Goodyear Eagle F1 Asymmetric 6 | Pneumatici estivi 225/50R17 98Y"
"4038526074195","B09V5TT75L","GOODYEAR","205/50/17","205/50YR17 GOODYEAR TL F1 ASYM 6 FP XL 93Y E"
"4038526074379","B09V67NFZC","GOODYEAR","245/45/18","GOODYEAR 245/45 R18 100Y EAGLE F1 ASYMMETRIC 6 XL"
"4038526074386","B09V5V13JY","GOODYEAR","245/45/19","245/45YR19 GOODYEAR TL F1 ASYM 6 FP XL 102Y E"
"4038526074416","B09V5TQG4Y","GOODYEAR","215/45/17","GOODYEAR 215/45 R17 87Y EAGLE F1 ASYMMETRIC 6"
"4038526074423","B09V68R3CK","GOODYEAR","215/45/17","GOODYEAR 215/45 R17 91Y EAGLE F1 ASYMMETRIC 6 XL"
"4038526074430","B09V5WVHN7","GOODYEAR","215/50/18","GOODYEAR 215/50 R18 92W EAGLE F1 ASYMMETRIC 6"
"4038526074454","B09V69TQHW","GOODYEAR","225/35/19","GOODYEAR 225/35 R19 88Y EAGLE F1 ASYMMETRIC 6 XL"
"4038526074461","B09V6D3VK1","GOODYEAR","225/40/18","Goodyear Eagle F1 Asymmetric 6 | Pneumatici estivi |225/40R18 92Y"
"4038526074621","B08JQMZX23","GOODYEAR","225/55/17","Goodyear 79303 Pneumatico 225/55 R17 101Y Vector 4Seasons Gen-3 Xl"
"4038526074690","B09V5VJKVC","GOODYEAR","225/45/18","GOODYEAR 225/45 R18 95W VECTOR 4SEASONS GEN-3 XL RFT"
"4038526074713","B09V5S2RLQ","GOODYEAR","225/55/17","225/55YR17 GOODYEAR TL F1 ASYM 6 FP 97Y E"
"4038526074720","B09V5V46HT","GOODYEAR","225/60/18","225/60YR18 GOODYEAR TL F1 ASYM 6 FP XL dec 2022 104Y E"
"4038526074744","B09V6GYY7D","GOODYEAR","235/40/18","GOODYEAR 235/40 R18 95Y EAGLE F1 ASYMMETRIC 6 XL"
"4038526074751","B09V5V5SBS","GOODYEAR","235/40/19","GOODYEAR 235/40 R19 96Y EAGLE F1 ASYMMETRIC 6 XL"
"4038526074768","B09V5V2NR2","GOODYEAR","235/45/17","GOODYEAR 235/45 R17 94Y EAGLE F1 ASYMMETRIC 6"
"4038526074775","B09V6CT8LQ","GOODYEAR","235/45/17","235/45YR17 GOODYEAR TL F1 ASYM 6 FP XL 97Y E"
"4038526074805","B09V5TTVXQ","GOODYEAR","235/50/18","235/50YR18 GOODYEAR TL F1 ASYM 6 FP XL 101Y E"
"4038526074843","B09V6PC76H","GOODYEAR","245/35/19","GOODYEAR 245/35 R19 93Y EAGLE F1 ASYMMETRIC 6 XL"
"4038526074881","B09V6HWZ8H","GOODYEAR","245/40/18","GOODYEAR 245/40 R18 93Y EAGLE F1 ASYMMETRIC 6"
"4038526074942","B096B96C7G","GOODYEAR","215/55/18","GOODYEAR 215/55 R18 99V EFFICIENTGRIP 2 SUV XL MFS"
"4038526074997","B09V67MX4Y","GOODYEAR","215/70/16","GOODYEAR 215/70 R16 100H EFFICIENTGRIP 2 SUV"
"4038526075017","B09V5T9H42","GOODYEAR","255/40/19","255/40YR19 GOODYEAR TL F1 ASYM 6 FP XL 100Y E"
"4038526075611","B08JQLZCNJ","GOODYEAR","205/60/16","Goodyear 77982 Pneumatico 205/60 R16 92H Vector 4Seasons G3 Xl"
"4038526076311","B08Z2CBDNX","GOODYEAR","225/55/19","GOODYEAR 225/55 R19 99V EFFICIENTGRIP 2 SUV XL"
"4038526076366","B0994RTVJW","GOODYEAR","225/65/17","GOODYEAR 225/65 R17 102H EFFICIENTGRIP 2 SUV XL"
"4038526076410","B08Z23Y2YQ","GOODYEAR","235/55/18","GOODYEAR 235/55 R18 100V EFFICIENTGRIP 2 SUV XL"
"4038526076823","B096BB8YQ6","GOODYEAR","215/60/17","GOODYEAR 215/60 R17 96V EFFICIENTGRIP 2 SUV"
"4038526076830","B096BB86D3","GOODYEAR","225/65/17","GOODYEAR 225/65 R17 106V EFFICIENTGRIP 2 SUV XL"
"4038526085962","B097L4HCSB","GOODYEAR","205/65/16","Goodyear Pneumatico 205/65 R16C 107/105T Efficientgrip Cargo 2"
"4038526090140","B0994SDW96","GOODYEAR","215/55/18","GOODYEAR 215/55 R18 95H Estivo Fuoristrada"
"4038526091468","B09JB9XJYQ","GOODYEAR","235/60/18","GOODYEAR 235/60 R18 103T VECTOR 4SEASONS GEN-3 SEAL"
"4038526091956","B09V6HYLSL","GOODYEAR","235/55/19","GOODYEAR 235/55 R19 105W EAGLE F1 (ASYMMETRIC) 5 XL MO"
"4038526091970","B0B3SKG18F","GOODYEAR","235/60/18","GOODYEAR 235/60 R18 103W EAGLE F1 (ASYMMETRIC) 5 MO (MERCEDES)"
"4038526097194","B09J9WJXV4","GOODYEAR","225/55/17","GOODYEAR 225/55 R17 97W EFFICIENTGRIP PERFORMANCE *(BMW)"
"4038526097422","B0BYC8NYD6","GOODYEAR","195/75/16","GOODYEAR 195/75 R16 110/108R Invernale LCamion"
"4038526099273","B09JB2CNJC","GOODYEAR","225/50/19","GOODYEAR 225/50 R19 100V VECTOR 4SEASONS GEN-3 SUV XL"
"4038526099358","B09V6DBG6Q","GOODYEAR","215/65/17","GOODYEAR 215/65 R17 103V VECTOR 4SEASONS GEN-3 SUV XL"
"4038526100429","B0BW1KSQ2M","GOODYEAR","255/50/19","GOODYEAR 255/50 R19 107W VECTOR 4SEASONS G3 SUV XL"
"4038526101334","B09SQ18W45","GOODYEAR","275/40/20","GOODYEAR 275/40 R20 106V Invernale XL Auto"
"4038526102409","B0F341742Z","GOODYEAR","245/40/21","GOODYEAR 245/40 R21 100V ULTRAGRIP PERFORMANCE 3 XL WINTER"
"4038526102959","B0F6QSCFFN","GOODYEAR","315/30/21","GOODYEAR 315/30 R21 105W Invernale XL Auto"
"4038526325266","B0F33QB463","GOODYEAR","225/55/17","GOODYEAR 225/55 R17 101Y Estivo XL Auto"
"4038526325679","B0BT4NNF3T","GOODYEAR","225/60/18","225/60Vr18 Goodyear Tl Vector-4S G3 Suv Xl 104V"
"4038526325693","B0BW1XSX2F","GOODYEAR","205/60/16","205/60VR16 GOODYEAR TL Vector-4S G3 Xl 96V"
"4038526327864","B0B3SP3ZDL","GOODYEAR","215/45/20","Goodyear EfficientGrip Performance | Pneumatici estivi 215/45R20 95T"
"4038526328359","B0B3SHBNJX","GOODYEAR","205/40/18","GOODYEAR 205/40 R18 86Y EAGLE F1 SUPERSPORT XL"
"4038526333636","B0CBZ1DCCK","GOODYEAR","225/40/18","GOODYEAR 225/40 R18 92Y Estivo XL Auto"
"4038526335340","B0F33N78M2","GOODYEAR","235/50/20","GOODYEAR 235/50 R20 104T 4 Stagioni XL Runflat Fuoristrada"
"4038526335357","B0BZQLVCQ8","GOODYEAR","235/55/18","235/55VR18 GOODYEAR TL EFFI.GRIP 2 SEAL SUV 100 V"
"4038526335395","B0C7LMTPMW","GOODYEAR","255/40/21","GOODYEAR - 255/40 R21 TL 102T ULTRAGRIP PERFORMANCE+ SUV XL MFS BSW M+S 3PMSF – Pneumatici invernali"
"4038526335487","B0B3SJ25W8","GOODYEAR","255/45/19","GOODYEAR 255/45 R19 104W 4 Stagioni XL Fuoristrada"
"4038526336002","B09V6BCZG9","GOODYEAR","225/50/17","Pneumatici 225/50 r17 94Y MO Goodyear EAGLE F1 (ASYMMETRIC) 5 Gomme estive hu39"
"4038526340658","B0C25MVDFN","GOODYEAR","215/65/16","GOODYEAR - 215/65 R16 TL 98H EFFICIENTGRIP 2 SUV BSW – Pneumatici estivi"
"4038526340986","B0B3SKY7H9","GOODYEAR","255/35/20","GOODYEAR 255/35 R20 100Y Estivo XL Auto"
"4038526342287","B0C5RFXRG5","GOODYEAR","245/40/19","GOODYEAR 245/40 R19 98V Invernale XL Auto"
"4038526350367","B0BVRC3G9K","GOODYEAR","255/45/19","255/45Vr19 Goodyear Tl Ug Perf + T0 Sct Fp Xl 104V"
"4038526350374","B0BVRMNL6X","GOODYEAR","255/40/20","255/40Vr20 Goodyear Tl Ug Perf + T0 Sct Fp Xl 101V"
"4038526350770","B0F344SY5H","GOODYEAR","225/50/18","GOODYEAR 225/50 R18 99W Estivo XL Auto"
"4038526352071","B0C9JYLFJP","GOODYEAR","225/55/18","GOODYEAR 225/55 R18 102H 4 Stagioni XL Auto"
"4038526352095","B0F3432CBM","GOODYEAR","245/45/19","GOODYEAR 245/45 R19 102H 4 Stagioni XL Auto"
"4038526353474","B0C1F3K4FW","GOODYEAR","235/50/19","GOODYEAR 235/50 R19 111T 4 Stagioni LCamion"
"4038526353498","B0BW6QSB9B","GOODYEAR","215/65/16","GOODYEAR 215/65 R16 109/107T Estivo LCamion"
"4038526353818","B0F341GWLX","GOODYEAR","275/40/19","GOODYEAR 275/40 R19 105H 4 Stagioni XL Auto"
"4038526355843","B0F34723LG","GOODYEAR","235/45/18","GOODYEAR 235/45 R18 98H Invernale XL Auto"
"4038526359810","B0F33JLDPZ","GOODYEAR","235/55/19","GOODYEAR 235/55 R19 105Y Estivo XL Fuoristrada"
"4038526360151","B0C4XSLKF5","GOODYEAR","225/75/16","GOODYEAR 225/75 R16 118R 4 Stagioni LCamion"
"4038526360533","B0C818C4D6","GOODYEAR","215/60/17","GOODYEAR 215/60 R17 104/102H Invernale LCamion"
"4038526387929","B0C6RJGDW8","GOODYEAR","185/65/15","Pneumatici 185/65 r15 97S Goodyear VECTOR 4SEASONS CARGO Gomme 4 stagioni nuove"
"4038526388629","B0F342PVXC","GOODYEAR","255/45/22","GOODYEAR 255/45 R22 107V Invernale XL Fuoristrada"
"4038526389039","B0F34BMXX3","DUNLOP","225/75/16","DUNLOP 225/75 R16 121/120R 4 Stagioni LCamion"
"4038526389206","B0F33JRR6H","GOODYEAR","235/40/20","GOODYEAR 235/40 R20 96Y Estivo XL Fuoristrada"
"4038526389220","B0F33SBDK9","GOODYEAR","245/55/17","GOODYEAR 245/55 R17 106H 4 Stagioni XL Auto"
"4038526394729","B0CFB5RKZS","GOODYEAR","235/40/20","GOODYEAR 235/40 R20 96Y 4 Stagioni XL Auto"
"4038526394804","B0G7JSGF67","GOODYEAR","245/40/20","GOODYEAR 245/40 R20 99W VECTOR 4SEASONS G3 XL"
"4038526394835","B0BQFX1BV5","GOODYEAR","245/50/18","245/50Vr18 Goodyear Tl Vector-4S G3 Xl 104V"
"4038526394842","B0F33TGLJL","GOODYEAR","255/35/18","GOODYEAR 255/35 R18 94Y 4 Stagioni XL Auto"
"4038526395245","B0F33PJ7NS","GOODYEAR","265/60/18","GOODYEAR 265/60 R18 114H 4 Stagioni XL Fuoristrada"
"4038526397898","B0F33C268S","GOODYEAR","285/45/20","GOODYEAR 285/45 R20 112H Invernale XL Fuoristrada"
"4038526406323","B0F33Q4HQ7","GOODYEAR","215/55/17","GOODYEAR 215/55 R17 94H Invernale Auto"
"4038526406330","B0CFRN8BR5","GOODYEAR","215/55/17","GOODYEAR 215/55 R17 94V 4 Stagioni Auto"
"4038526406347","B00JXP94WI","GOODYEAR","215/55/17","GOODYEAR 215/55 R17 94W Estivo Auto"
"4038526406354","B0CG1QLKRK","GOODYEAR","215/60/16","GOODYEAR 215/60 R16 95H Invernale Auto"
"4038526407283","B0F341293N","GOODYEAR","235/50/21","GOODYEAR 235/50 R21 101V Invernale Auto"
"4038526408150","B0G7JVQBVF","GOODYEAR","245/50/18","GOODYEAR 245/50 R18 104Y EAGLE F1 ASYMMETRIC 6 XL"
"4038526413123","B0F33JS566","GOODYEAR","305/30/20","GOODYEAR 305/30 R20 103V Invernale XL Auto"
"4038526413154","B0F33Q2FZS","GOODYEAR","265/35/21","GOODYEAR 265/35 R21 101W Invernale XL Auto"
"4038526413161","B0F33W5CFW","GOODYEAR","295/30/21","GOODYEAR 295/30 R21 102W Invernale XL Auto"
"4038526413420","B0F33ZZ1ZP","GOODYEAR","225/35/19","GOODYEAR 225/35 R19 88W Invernale XL Auto"
"4038526413437","B0F33SNTZP","GOODYEAR","275/55/19","GOODYEAR 275/55 R19 111H Invernale Auto"
"4038526413857","B0F33S4VYX","GOODYEAR","305/35/21","GOODYEAR 305/35 R21 109V Invernale XL Fuoristrada"
"4038526414199","B0F33C266X","GOODYEAR","235/40/19","GOODYEAR 235/40 R19 96W Estivo XL Auto"
"4038526415158","B0F33N1G38","GOODYEAR","235/45/19","GOODYEAR 235/45 R19 99Y Estivo XL Fuoristrada"
"4038526415363","B0F33YTL8H","GOODYEAR","255/45/19","GOODYEAR 255/45 R19 104Y Estivo XL Fuoristrada"
"4038526415370","B0F33Q7T5Y","GOODYEAR","255/45/20","GOODYEAR 255/45 R20 105T Estivo XL Fuoristrada"
"4038526415394","B0F347N683","GOODYEAR","255/50/19","GOODYEAR 255/50 R19 107T Estivo XL Fuoristrada"
"4038526415608","B0G7KGPDWZ","GOODYEAR","235/60/18","GOODYEAR 235/60 R18 107W EAGLE F1 ASYMMETRIC 6 XL"
"4038526415707","B0F33N13MT","GOODYEAR","235/45/18","235/45VR18 GOODYEAR TL UG PERFORMANCE 3 (+) 94V"
"4038526416605","B0G7K7H5QB","GOODYEAR","255/50/19","GOODYEAR 255/50 R19 107Y EAGLE F1 ASYMMETRIC 6 XL"
"4038526416698","B0G7KG2ZWG","GOODYEAR","265/45/21","GOODYEAR 265/45 R21 108Y EAGLE F1 ASYMMETRIC 6 XL"
"4038526417855","B0F347G82C","GOODYEAR","235/55/19","GOODYEAR 235/55 R19 105T Estivo XL Runflat Fuoristrada"
"4038526418142","B0F33Z85XL","GOODYEAR","255/50/19","GOODYEAR 255/50 R19 107T Estivo XL Auto"
"4038526419750","B0F33Q8BBD","GOODYEAR","175/65/14","GOODYEAR 175/65 R14 86H 4 Stagioni XL Auto"
"4038526419958","B0G7K4Q712","GOODYEAR","195/60/18","GOODYEAR 195/60 R18 96H EFFICIENTGRIP PERFORMANCE 2 XL"
"4038526420121","B0F342JVF5","GOODYEAR","195/55/18","Pneumatici Quattro stagioni 195/55 HR18 TL 93H GY VEC 4SEASONS G3 R XL GOODYEAR"
"4038526420138","B0F3413RSK","GOODYEAR","215/60/17","GOODYEAR 215/60 R17 109/107H Estivo LCamion"
"4038526420176","B0F33W7TTX","GOODYEAR","225/45/18","GOODYEAR 225/45 R18 95Y Estivo XL Auto"
"4038526420183","B0F33GMKQS","GOODYEAR","205/55/17","GOODYEAR 205/55 R17 95H Invernale XL Auto"
"4038526420190","B0F33WJBL5","GOODYEAR","205/55/17","GOODYEAR 205/55 R17 95Y Estivo XL Auto"
"4038526420206","B0F34559BF","GOODYEAR","225/45/18","GOODYEAR 225/45 R18 95V Invernale XL Auto"
"4038526420251","B0F33ZT3NQ","GOODYEAR","235/55/18","GOODYEAR 235/55 R18 100V Estivo Auto"
"4038526420268","B0F33YYG82","GOODYEAR","235/55/18","GOODYEAR 235/55 R18 100V 4 Stagioni Fuoristrada"
"4038526420534","B0F343DCY9","DUNLOP","195/55/16","DUNLOP 195/55 R16 91V 4 Stagioni XL Auto"
"4038526420572","B0F342J6QX","DUNLOP","205/55/17","DUNLOP 205/55 R17 95V 4 Stagioni XL Auto"
"4038526420589","B0F3447PQJ","DUNLOP","205/60/16","DUNLOP 205/60 R16 96V 4 Stagioni XL Auto"
"4038526420770","B0G7JQRVCH","GOODYEAR","235/45/18","GOODYEAR 235/45 R18 98Y EAGLE F1 ASYMMETRIC 6 XL R0 (AUDI)"
"4038526420893","B0F33JMQ28","DUNLOP","185/65/15","DUNLOP 185/65 R15 92V 4 Stagioni XL Auto"
"4038526420909","B0F33GL2RZ","DUNLOP","195/45/16","DUNLOP 195/45 R16 84V 4 Stagioni XL Auto"
"4038526421517","B0F33S5K1H","DUNLOP","215/55/17","DUNLOP 215/55 R17 98W 4 Stagioni XL Auto"
"4038526421692","B0F345R5ST","DUNLOP","205/50/17","DUNLOP 205/50 R17 93W 4 Stagioni XL Auto"
"4038526421753","B0F44JXZ6S","DUNLOP","225/60/17","DUNLOP 225/60 R17 103V 4 Stagioni XL Fuoristrada"
"4038526424303","B0F33PQR9Q","GOODYEAR","235/55/19","GOODYEAR 235/55 R19 105V Estivo XL Fuoristrada"
"4038526428837","B0F33Q7RXS","GOODYEAR","205/60/16","GOODYEAR 205/60 R16 96H Estivo XL Auto"
"4038526430144","B0F3453669","GOODYEAR","225/40/19","GOODYEAR 225/40 R19 93Y Estivo XL Auto"
"4038526431011","B0F347R7M4","GOODYEAR","235/55/18","GOODYEAR 235/55 R18 100T 4 Stagioni Fuoristrada"
"4038526431066","B0G7KB97DD","GOODYEAR","255/45/18","GOODYEAR 255/45 R18 103V VECTOR 4SEASONS G3 XL"
"4038526431073","B0F33T2Q82","GOODYEAR","255/45/19","GOODYEAR 255/45 R19 100T 4 Stagioni Auto"
"4038526431097","B0F33VS8LN","GOODYEAR","255/50/19","GOODYEAR 255/50 R19 107T 4 Stagioni XL Fuoristrada"
"4038526431103","B0F33SF9CZ","GOODYEAR","255/50/19","GOODYEAR 255/50 R19 107T 4 Stagioni XL Runflat Fuoristrada"
"4038526432230","B0F33SSW84","GOODYEAR","255/40/20","GOODYEAR 255/40 R20 101T Invernale XL Runflat Auto"
"4038526432261","B0F33QB47T","GOODYEAR","255/45/19","GOODYEAR 255/45 R19 100T Invernale Auto"
"4038526433664","B0F34715PT","GOODYEAR","235/45/20","GOODYEAR 235/45 R20 100T Invernale XL Auto"
"4038526437303","B0F33YWHR5","GOODYEAR","215/70/15","GOODYEAR 215/70 R15 109S Invernale LCamion"
"4038526448897","B0F33PL91X","GOODYEAR","265/35/21","GOODYEAR 265/35 R21 101V Invernale XL Auto"
"4038526454485","B0F34562CV","GOODYEAR","255/45/20","GOODYEAR 255/45 R20 105T 4 Stagioni XL Fuoristrada"
"4038526472861","B0G7K6S6DD","GOODYEAR","215/50/18","GOODYEAR 215/50 R18 92T EAGLE F1 ASYMMETRIC 6"
"4038526475282","B0F33S9NNR","GOODYEAR","225/45/17","GOODYEAR 225/45 R17 91Y Estivo Auto"
"4038526476616","B0G7JTWY22","GOODYEAR","215/65/16","GOODYEAR 215/65 R16C 109/107T VECTOR 4SEASONS CARGO"
"4038526485045","B0F33ZRCWS","GOODYEAR","195/55/20","GOODYEAR 195/55 R20 95H 4 Stagioni XL Auto"
"4038526490216","B0F33Q6STN","GOODYEAR","195/55/20","195/55HR20 GOODYEAR TL EFFI.GRIP PERF; xL 95H"
"4038526491749","B0G7K2SHGV","GOODYEAR","215/55/18","GOODYEAR 215/55 R18 99V EFFICIENTGRIP PERF.2 XL"
"4038526493002","B09V6MXCTB","GOODYEAR","235/35/19","GOODYEAR 235/35 R19 91Y EAGLE F1 ASYMMETRIC 6 XL"
"4038526493354","B0G7K9B283","GOODYEAR","215/60/17","GOODYEAR 215/60 R17 96H EFFICIENTGRIP 2 SUV"
"5420068604135","B0GL9LW4CZ","SUPERIA","265/45/21","SUPERIA 265/45 R21 108W 4 Stagioni XL Auto"
"5420068605392","B01BSV8JQ6","ATLAS","265/45/21","Pneumatici ATLAS GREEN3 4S 265/45 R21 108W - 4 Stagioni 5420068605392"
"5420068605460","B0G2MW2QSW","ATLAS","255/60/18","ATLAS 255/60 R18 112V 4 Stagioni Fuoristrada"
"5420068605590","B0G2MZ711B","FORTUNA","195/75/16","FORTUNA 195/75 R16 110/108S 4 Stagioni LCamion"
"5420068605736","B0GDVX5X8Z","FORTUNA","215/65/15","FORTUNA 215/65 R15 104/102T Estivo LCamion"
"5420068605750","B0GR17CYY8","SUPERIA","275/45/21","SUPERIA 275/45 R21 110W Estivo XL Fuoristrada"
"5420068605798","B0G3LQDF42","FORTUNA","235/45/21","FORTUNA 235/45 R21 101Y Estivo Auto"
"5420068606184","B0GR16S94B","IMPERIAL","235/45/21","IMPERIAL 235/45 R21 101W 4 Stagioni Auto"
"5420068607112","B0GLDP4VPL","IMPERIAL","255/35/21","IMPERIAL 255/35 R21 98V Invernale Auto"
"5420068607129","B0GLBG3PSD","IMPERIAL","275/35/21","IMPERIAL 275/35 R21 103V Invernale Auto"
"5420068607198","B0GL9YMZN9","ATLAS","215/50/18","ATLAS 215/50 R18 92V Invernale Auto"
"5420068607211","B0G2MY9TJ5","ATLAS","255/50/19","ATLAS 255/50 R19 107H Invernale XL Fuoristrada"
"5420068607228","B0GLBGD85K","ATLAS","235/45/20","ATLAS 235/45 R20 100V Invernale XL Auto"
"5420068607242","B0GLB2NGFW","ATLAS","255/35/20","ATLAS 255/35 R20 97V Invernale XL Auto"
"5420068607259","B0GL9VTLL7","ATLAS","215/65/17","ATLAS 215/65 R17 99V Invernale Auto"
"5420068607273","B0G2MVV4SC","ATLAS","235/55/19","ATLAS 235/55 R19 105H Invernale XL Fuoristrada"
"5420068607303","B0GL9V635T","SUPERIA","215/50/18","SUPERIA 215/50 R18 92V Invernale Auto"
"5420068607310","B0H8KDZBPK","SUPERIA","235/45/20","Superia 100V XL BLUEWIN UHP3 235/45 R20 100V Pneumatico Invernale Auto"
"5420068607327","B0H8JTQBL8","SUPERIA","255/35/20","Superia XL BLUEWIN UHP3 255/35 R20 97V Pneumatico Invernale Auto"
"5420068607341","B0G4XH7M72","SUPERIA","215/65/17","SUPERIA 215/65 R17 99V Invernale Auto"
"5420068607365","B0G4XK8H1D","SUPERIA","215/65/17","SUPERIA 215/65 R17 103V Invernale XL Auto"
"5420068607389","B0FZL5MY79","SUPERIA","235/55/19","SUPERIA 235/55 R19 105H Invernale XL Fuoristrada"
"5420068607396","B0FZL7H6V7","SUPERIA","255/50/19","SUPERIA 255/50 R19 107H Invernale XL Fuoristrada"
"5420068607440","B0GL9LFFN1","FORTUNA","235/45/20","FORTUNA 235/45 R20 100V Invernale Auto"
"5420068608126","B0FS7KZ3T7","SUPERIA","235/65/16","SUPERIA 235/65 R16 121/119R Estivo LCamion"
"5420068612864","B01L2AC748","DURATURN","165/70/14","Duraturn Mozzo Winter - 165/70R14 81T - Pneumatico Invernale"
"5420068612895","B01L2AC9V4","DURATURN","185/65/14","Duraturn Mozzo Winter - 185/65R14 86H - Pneumatico Invernale"
"5420068612932","B01LCT2SCU","DURATURN","215/65/16","Duraturn Mozzo Winter - 215/65R16 98H - Pneumatico Invernale"
"5420068614363","B01C4KYQXK","DURATURN","225/65/17","Duraturn Mozzo Touring - 225/65R17 102H - Pneumatico Estivo"
"5420068615100","B07H55TNDK","DURATURN","195/60/16","Pneumatico invernale DURATURN 195/60 R16 99 T M WINTER VAN M+S"
"5420068618026","B0FFCMJR85","FORTUNA","205/55/16","FORTUNA 205/55 R16 94H Invernale XL Auto"
"5420068618033","B0FHGHGBL3","FORTUNA","215/55/17","FORTUNA 215/55 R17 98V Invernale XL Auto"
"5420068618040","B0FP5N9GT3","ATLAS","205/55/16","ATLAS 205/55 R16 94H Invernale XL Auto"
"5420068618057","B0FP5H9KYR","ATLAS","215/55/17","ATLAS 215/55 R17 98V Invernale XL Auto"
"5420068618118","B0G2MTV1TD","ATLAS","215/65/15","ATLAS 215/65 R15 96H 4 Stagioni Auto"
"5420068618125","B0G2MVC38K","ATLAS","175/60/16","ATLAS 175/60 R16 86H 4 Stagioni XL Auto"
"5420068618149","B0G2MTCL9H","ATLAS","215/70/16","ATLAS 215/70 R16 100H 4 Stagioni Auto"
"5420068618156","B0G2MTQW63","ATLAS","195/75/16","ATLAS 195/75 R16 107/105S 4 Stagioni LCamion"
"5420068618163","B0G2MV1QSQ","ATLAS","215/60/17","ATLAS 215/60 R17 100V 4 Stagioni XL Auto"
"5420068618187","B0G2MWP7JV","ATLAS","195/60/18","ATLAS 195/60 R18 96H 4 Stagioni Auto"
"5420068618194","B0G2MWKBLS","ATLAS","235/50/18","ATLAS 235/50 R18 101W 4 Stagioni XL Auto"
"5420068618200","B0G3LWX988","ATLAS","215/45/18","ATLAS 215/45 R18 93W 4 Stagioni XL Auto"
"5420068618217","B0G2MVKZ6L","ATLAS","205/40/18","ATLAS 205/40 R18 86W 4 Stagioni XL Auto"
"5420068618224","B0G2MX9WKX","ATLAS","215/40/18","ATLAS 215/40 R18 89W 4 Stagioni XL Auto"
"5420068618231","B0G2MTJG15","ATLAS","205/55/19","ATLAS 205/55 R19 97W 4 Stagioni XL Auto"
"5420068618248","B0G3LTJNY9","ATLAS","275/35/19","ATLAS 275/35 R19 100W 4 Stagioni XL Auto"
"5420068618255","B0G2MRWBV3","ATLAS","195/55/20","ATLAS 195/55 R20 95H 4 Stagioni XL Auto"
"5420068618262","B0F67R519H","ATLAS","235/50/20","Pneumatici ATLAS GREEN3 4S 235/50 R20 104W - 4 Stagioni 5420068618262"
"5420068618279","B0G2MXBSLZ","ATLAS","235/45/20","ATLAS 235/45 R20 100W 4 Stagioni XL Auto"
"5420068618286","B0G2MX7NB6","ATLAS","245/45/20","ATLAS 245/45 R20 103W 4 Stagioni XL Auto"
"5420068618293","B0GR1RJ1G1","ATLAS","245/40/20","ATLAS 245/40 R20 99W 4 Stagioni Auto"
"5420068618309","B0G3LQHT49","ATLAS","255/40/20","ATLAS 255/40 R20 101W 4 Stagioni Auto"
"5420068618316","B0G2MVKK1F","ATLAS","275/40/20","ATLAS 275/40 R20 106W 4 Stagioni XL Auto"
"5420068618323","B0G3LTQVLN","ATLAS","235/35/20","ATLAS 235/35 R20 92W 4 Stagioni XL Auto"
"5420068618330","B0GL9R8PYW","ATLAS","245/35/20","ATLAS 245/35 R20 95W 4 Stagioni XL Auto"
"5420068618347","B0G2MWWTFS","ATLAS","235/45/21","ATLAS 235/45 R21 101W 4 Stagioni Auto"
"5420068618354","B0G2MVL1RK","ATLAS","255/40/21","ATLAS 255/40 R21 102W 4 Stagioni Auto"
"5420068618361","B0G2MWF9JM","ATLAS","275/35/20","ATLAS 275/35 R20 102W 4 Stagioni Auto"
"5420068618378","B0G2MV6BW1","ATLAS","205/65/15","ATLAS 205/65 R15 102/100T 4 Stagioni LCamion"
"5420068618392","B0F691KDJH","ATLAS","195/55/20","ATLAS 195/55 R20 95H Estivo XL Auto"
"5420068618408","B0GLB3LBHB","ATLAS","135/80/13","ATLAS 135/80 R13 70T Estivo Auto"
"5420068618415","B0G2MVQK9S","FORTUNA","195/70/14","FORTUNA 195/70 R14 91T 4 Stagioni Auto"
"5420068618439","B0G2MWZRZ8","FORTUNA","175/55/15","FORTUNA 175/55 R15 77T 4 Stagioni Auto"
"5420068618446","B0H23YM1JD","FORTUNA","215/65/15","FORTUNA 215/65 R15 96H 4 Stagioni Auto"
"5420068618460","B0G2MVKK16","FORTUNA","235/60/16","FORTUNA 235/60 R16 100V 4 Stagioni Auto"
"5420068618477","B0G2MX39DJ","FORTUNA","215/70/16","FORTUNA 215/70 R16 100H 4 Stagioni Auto"
"5420068618484","B0G2MX9L39","FORTUNA","195/75/16","FORTUNA 195/75 R16 107/105S 4 Stagioni LCamion"
"5420068618491","B0G4XMC413","FORTUNA","215/60/17","FORTUNA 215/60 R17 96V 4 Stagioni Auto"
"5420068618507","B0G2MVCPBF","FORTUNA","215/45/17","FORTUNA 215/45 R17 91W 4 Stagioni Auto"
"5420068618514","B0G3LV6HFK","FORTUNA","195/60/18","FORTUNA 195/60 R18 96H 4 Stagioni Auto"
"5420068618521","B0DNL9MQXN","SUPERIA","245/45/18","SUPERIA 245/45 R18 100Y 4 Stagioni XL Auto"
"5420068618545","B0DPL9WVDQ","SUPERIA","245/40/18","SUPERIA 245/40 R18 97Y 4 Stagioni XL Auto"
"5420068618552","B0DMVV7XWY","SUPERIA","235/35/19","SUPERIA 235/35 R19 91Y 4 Stagioni XL Auto"
"5420068618569","B0DMVTS21T","SUPERIA","255/35/19","SUPERIA 255/35 R19 96Y 4 Stagioni XL Auto"
"5420068618583","B0DJCHWCMK","SUPERIA","215/65/15","SUPERIA 215/65 R15 104/102T 4 Stagioni LCamion"
"5420068618606","B0DR34YT29","SUPERIA","215/65/17","SUPERIA 215/65 R17 99V 4 Stagioni Auto"
"5420068618613","B0DPLB14Y9","SUPERIA","215/65/17","SUPERIA 215/65 R17 103V 4 Stagioni XL Fuoristrada"
"5420068618620","B0DNNSK8J9","SUPERIA","215/55/18","SUPERIA 215/55 R18 99V 4 Stagioni XL Auto"
"5420068618637","B0DKG1BCRX","SUPERIA","225/55/18","SUPERIA 225/55 R18 98V 4 Stagioni Auto"
"5420068618644","B0DNRPM2HV","SUPERIA","235/55/18","SUPERIA 235/55 R18 104V 4 Stagioni XL Fuoristrada"
"5420068618668","B0DKVVQ4MY","SUPERIA","255/50/20","SUPERIA 255/50 R20 109W 4 Stagioni XL Fuoristrada"
"5420068618675","B0DCVHCP8R","SUPERIA","245/40/20","SUPERIA - 245/40 R20 TL 99W ECOBLUE EV XL BSW – Pneumatici estivi"
"5420068618699","B0DCVHTRX3","SUPERIA","275/35/20","SUPERIA 275/35 R20 102W Estivo XL Fuoristrada"
"5420068618712","B0DJCGZSYK","SUPERIA","205/55/16","SUPERIA 205/55 R16 91H Invernale Auto"
"5420068618729","B0DCVGK3QK","SUPERIA","205/55/16","SUPERIA 205/55 R16 91V Invernale Auto"
"5420068618743","B0DJCGM59K","SUPERIA","215/55/16","SUPERIA 215/55 R16 97H Invernale XL Auto"
"5420068618750","B0DCVDR3Z4","SUPERIA","225/55/16","SUPERIA Pneumatici invernali 225/55 R16 TL 99H BLUEWIN UHP XL BSW M+S 3PMSF"
"5420068618767","B0DCVF3HSR","SUPERIA","205/55/17","SUPERIA 205/55 R17 95V Invernale XL Auto"
"5420068618781","B0DCVHG1VJ","SUPERIA","225/55/17","SUPERIA 225/55 R17 101V Invernale XL Auto"
"5420068618804","B0DJCJX1CD","SUPERIA","235/55/17","SUPERIA 235/55 R17 103V Invernale XL Auto"
"5420068618811","B0GLD3SZXX","SUPERIA","205/50/16","SUPERIA 205/50 R16 91V Invernale XL Auto"
"5420068618828","B0DJCH1L1Y","SUPERIA","205/50/17","SUPERIA 205/50 R17 93V Invernale XL Auto"
"5420068618835","B0DJCKF9FF","SUPERIA","215/50/17","SUPERIA 215/50 R17 95V Invernale XL Auto"
"5420068618842","B0DCVF2ZYR","SUPERIA","225/50/17","SUPERIA - 225/50 R17 TL 98V BLUEWIN UHP XL BSW M+S 3PMSF – Pneumatici invernali"
"5420068618859","B0DJDWC1GT","SUPERIA","205/45/16","SUPERIA 205/45 R16 87H Invernale XL Auto"
"5420068618873","B0DCVHHYKT","SUPERIA","205/45/17","SUPERIA 205/45 R17 88V Invernale XL Auto"
"5420068618880","B0DJCGY18D","SUPERIA","225/45/17","SUPERIA 225/45 R17 94V Invernale XL Auto"
"5420068618897","B0DJG4MR8Z","SUPERIA","235/45/17","SUPERIA 235/45 R17 97V Invernale XL Auto"
"5420068618903","B0DCVHNLFR","SUPERIA","245/45/17","SUPERIA 245/45 R17 99V Invernale XL Auto"
"5420068618910","B0DJCJL2DY","SUPERIA","225/45/18","SUPERIA 225/45 R18 95V Invernale XL Auto"
"5420068618934","B0DCVGGL6P","SUPERIA","235/45/18","SUPERIA 235/45 R18 98V Invernale XL Auto"
"5420068618941","B0DKG2XTKN","SUPERIA","205/40/17","SUPERIA 205/40 R17 84V Invernale XL Auto"
"5420068618958","B0DCVHGDHP","SUPERIA","215/40/17","SUPERIA 215/40 R17 87V Invernale XL Auto"
"5420068618965","B0DJCHLZ3B","SUPERIA","225/40/18","SUPERIA 225/40 R18 92V Invernale XL Auto"
"5420068618972","B0DJG5GNHY","SUPERIA","235/40/18","SUPERIA 235/40 R18 95V Invernale XL Auto"
"5420068618989","B0G2MY4VJ7","ATLAS","245/45/18","ATLAS 245/45 R18 100Y 4 Stagioni XL Auto"
"5420068618996","B0FP5GFW38","ATLAS","245/45/19","ATLAS 245/45 R19 102Y 4 Stagioni XL Auto"
"5420068619009","B0G2MSNZZW","ATLAS","245/40/18","ATLAS 245/40 R18 97Y 4 Stagioni XL Auto"
"5420068619016","B0G2MVDB5Z","ATLAS","235/35/19","ATLAS 235/35 R19 91Y 4 Stagioni XL Auto"
"5420068619023","B0FP5FZMTZ","ATLAS","255/35/19","ATLAS 255/35 R19 96Y 4 Stagioni XL Auto"
"5420068619047","B0G2MTDZGY","ATLAS","215/65/15","ATLAS 215/65 R15 104/102T 4 Stagioni LCamion"
"5420068619061","B0G3LR1SJ8","ATLAS","215/65/17","ATLAS 215/65 R17 99V 4 Stagioni Auto"
"5420068619078","B0G2MWRB5C","ATLAS","215/65/17","ATLAS 215/65 R17 103V 4 Stagioni XL Auto"
"5420068619085","B0G2MTLJKC","ATLAS","215/55/18","ATLAS 215/55 R18 99V 4 Stagioni XL Auto"
"5420068619092","B0FP5KTD5X","ATLAS","225/55/18","ATLAS 225/55 R18 98V 4 Stagioni Auto"
"5420068619108","B0FP5GLSHH","ATLAS","235/55/18","ATLAS 235/55 R18 104V 4 Stagioni XL Auto"
"5420068619115","B0GDWXCP9N","ATLAS","235/55/19","ATLAS 235/55 R19 105Y 4 Stagioni XL Fuoristrada"
"5420068619122","B0G2MWJNDJ","ATLAS","255/50/20","ATLAS 255/50 R20 109W 4 Stagioni XL Fuoristrada"
"5420068619139","B0DPLB9MKP","SUPERIA","215/50/18","SUPERIA 215/50 R18 96W Estivo XL Auto"
"5420068619146","B0DCVF2FCR","SUPERIA","235/45/20","SUPERIA - 235/45 R20 TL 100 W ECOBLUE EV XL BSW – Pneumatici estivi"
"5420068619153","B0DCVJV8HR","SUPERIA","255/45/20","SUPERIA 255/45 R20 105W Estivo XL Fuoristrada"
"5420068619160","B0DCVGN81Z","SUPERIA","265/45/20","SUPERIA - 265/45 R20 TL 108 W ECOBLUE EV XL BSW – Pneumatici estivi"
"5420068619177","B0FS7MYDF1","SUPERIA","255/40/20","SUPERIA 255/40 R20 101W Estivo XL Auto"
"5420068619184","B0DCVGJLXW","SUPERIA","265/40/20","SUPERIA 265/40 R20 104W Estivo XL Fuoristrada"
"5420068619191","B0G3LVYHQB","FORTUNA","215/50/18","FORTUNA 215/50 R18 96W Estivo Auto"
"5420068619221","B0G2MX9DSD","FORTUNA","265/45/20","FORTUNA 265/45 R20 108W Estivo Fuoristrada"
"5420068619238","B0G2MV6BSK","FORTUNA","255/40/20","FORTUNA 255/40 R20 101W Estivo Auto"
"5420068619252","B0F93457VG","FORTUNA","165/70/13","FORTUNA 165/70 R13 79T 4 Stagioni Auto"
"5420068619276","B0G2MWXT6L","FORTUNA","175/70/13","FORTUNA 175/70 R13 82T 4 Stagioni Auto"
"5420068619283","B0F6954Q83","FORTUNA","185/70/13","Pneumatici FORTUNA ECOPLUS2 4S 185/70 R13 86T - 4 Stagioni 5420068619283"
"5420068619290","B0F7M6PFB8","FORTUNA","185/70/14","FORTUNA 185/70 R14 88T 4 Stagioni Auto"
"5420068619313","B0G2MWVRXQ","FORTUNA","155/65/14","FORTUNA 155/65 R14 75T 4 Stagioni Auto"
"5420068619320","B0F67RN56Y","FORTUNA","165/65/14","FORTUNA 165/65 R14 79T 4 Stagioni Auto"
"5420068619337","B0F89QCL6V","FORTUNA","175/65/14","FORTUNA 175/65 R14 82T 4 Stagioni Auto"
"5420068619351","B0G2MXNPKS","FORTUNA","185/65/14","FORTUNA 185/65 R14 86H 4 Stagioni Auto"
"5420068619368","B0F695L6C2","FORTUNA","175/65/15","Pneumatici FORTUNA ECOPLUS2 4S 175/65 R15 84H - 4 Stagioni 5420068619368"
"5420068619382","B0G3LK47KJ","FORTUNA","185/65/15","FORTUNA 185/65 R15 92H 4 Stagioni XL Auto"
"5420068619399","B0G2MXL18P","FORTUNA","195/65/15","FORTUNA 195/65 R15 91H 4 Stagioni Auto"
"5420068619405","B0F67MB8MM","FORTUNA","195/65/15","Pneumatici FORTUNA ECOPLUS2 4S 195/65 R15 95H - 4 Stagioni 5420068619405"
"5420068619412","B0G3LVWZRY","FORTUNA","205/65/15","FORTUNA 205/65 R15 94V 4 Stagioni Auto"
"5420068619429","B0FPXS46QL","FORTUNA","185/60/15","FORTUNA 185/60 R15 84H 4 Stagioni Auto"
"5420068619467","B0F89Q6W6K","FORTUNA","185/55/15","FORTUNA 185/55 R15 82H 4 Stagioni Auto"
"5420068619474","B0FD9MFZW8","FORTUNA","185/55/15","FORTUNA 185/55 R15 86V 4 Stagioni XL Auto"
"5420068619498","B0DCVGG4ZT","FORTUNA","195/55/15","FORTUNA 195/55 R15 85V 4 Stagioni Auto"
"5420068619528","B0F89RHQCP","FORTUNA","195/50/15","FORTUNA 195/50 R15 82V 4 Stagioni Auto"
"5420068619542","B0G3LR3HPX","FORTUNA","225/45/18","FORTUNA 225/45 R18 95Y 4 Stagioni XL Auto"
"5420068619559","B0G2MVT8CD","FORTUNA","245/45/18","FORTUNA 245/45 R18 100Y 4 Stagioni XL Auto"
"5420068619597","B0F7M3HQZH","FORTUNA","255/35/19","FORTUNA 255/35 R19 96Y 4 Stagioni XL Auto"
"5420068619627","B0G3LQQ9X2","FORTUNA","225/55/17","FORTUNA 225/55 R17 109/107H 4 Stagioni LCamion"
"5420068619641","B0G2MXMBWG","FORTUNA","215/65/17","FORTUNA 215/65 R17 103V 4 Stagioni XL Auto"
"5420068619658","B0G2MRSQXP","FORTUNA","215/55/18","FORTUNA 215/55 R18 99V 4 Stagioni XL Auto"
"5420068619665","B0G2MWVKSN","FORTUNA","225/55/18","FORTUNA 225/55 R18 98V 4 Stagioni Auto"
"5420068619689","B0G3LRHXXT","FORTUNA","235/55/19","FORTUNA 235/55 R19 105Y 4 Stagioni XL Fuoristrada"
"5420068619696","B0G2MXTDP4","FORTUNA","255/50/20","FORTUNA 255/50 R20 109W 4 Stagioni XL Fuoristrada"
"5420068619764","B0DNNRV1HN","SUPERIA","155/65/14","SUPERIA 155/65 R14 75T 4 Stagioni Auto"
"5420068619818","B0DJCKPZ6K","SUPERIA","175/65/15","SUPERIA 175/65 R15 84H 4 Stagioni Auto"
"5420068619832","B0DKVJNDNP","SUPERIA","185/65/15","SUPERIA 185/65 R15 92H 4 Stagioni XL Auto"
"5420068619870","B0DCVJC7FY","SUPERIA","185/60/15","SUPERIA 185/60 R15 84H 4 Stagioni Auto"
"5420068619900","B0DD4XDC2J","SUPERIA","205/60/16","SUPERIA 205/60 R16 96V 4 Stagioni XL Auto"
"5420068619917","B0DJCG4MXD","SUPERIA","185/55/15","SUPERIA 185/55 R15 82H 4 Stagioni Auto"
"5420068619924","B0DCVGGL6N","SUPERIA","185/55/15","SUPERIA 185/55 R15 86V 4 Stagioni XL Auto"
"5420068619962","B0DKV6ZHSQ","SUPERIA","215/55/16","SUPERIA 215/55 R16 97W 4 Stagioni XL Auto"
"5420068619993","B0DR35ZD6T","SUPERIA","225/45/18","SUPERIA 225/45 R18 95Y 4 Stagioni XL Auto"
"5420068621750","B00F9F9IDQ","IMPERIAL","235/60/16","IMPERIAL 235/60 R16 100H Invernale Auto"
"5420068621828","B00F9F9G7O","IMPERIAL","225/55/16","IMPERIAL 225/55 R16 99H Invernale XL Auto"
"5420068621897","B00F9F99TO","IMPERIAL","195/45/16","IMPERIAL 195/45 R16 84H Invernale XL Auto"
"5420068621934","B00AFEOHQY","IMPERIAL","225/45/18","IMPERIAL 225/45 R18 95V Invernale XL Auto"
"5420068622177","B00F9F8WSS","IMPERIAL","215/60/17","IMPERIAL 215/60 R17 96H Invernale Fuoristrada"
"5420068622184","B00F9FCARM","IMPERIAL","225/60/17","IMPERIAL 225/60 R17 99H Invernale Auto"
"5420068622191","B009ZBBQK8","IMPERIAL","235/60/17","IMPERIAL 235/60 R17 102H Invernale Fuoristrada"
"5420068622320","B00G9V5DOM","IMPERIAL","245/45/17","IMPERIAL 245/45 R17 99V Invernale XL Auto"
"5420068622337","B00G9V7QZG","IMPERIAL","235/40/18","IMPERIAL 235/40 R18 95V Invernale XL Auto"
"5420068622726","B00P3NWV38","IMPERIAL","165/55/13","Imperial EcoDriver2 - 165/55R13 70H - Pneumatico Estivo"
"5420068622870","B0131F6Q3U","IMPERIAL","185/55/16","IMPERIAL 185/55 R16 87H Invernale XL Auto"
"5420068622900","B01LZNI4QA","IMPERIAL","235/50/18","Imperial Snowdragon3 XL - 235/50R18 101V - Pneumatico Invernale"
"5420068622979","B01BNLVPFS","IMPERIAL","215/70/16","IMPERIAL 215/70 R16 100H Invernale Fuoristrada"
"5420068623006","B019AJ4WWS","IMPERIAL","225/65/17","IMPERIAL 225/65 R17 102H Invernale Fuoristrada"
"5420068623013","B013V7TWJ8","IMPERIAL","235/65/17","IMPERIAL 235/65 R17 108H Invernale XL Fuoristrada"
"5420068623037","B0131FJNW6","IMPERIAL","265/65/17","IMPERIAL 265/65 R17 112T Invernale Fuoristrada"
"5420068623044","B013V7TYSW","IMPERIAL","235/60/18","IMPERIAL 235/60 R18 107H Invernale XL Fuoristrada"
"5420068623051","B01K4EZH0Y","IMPERIAL","255/55/18","IMPERIAL 255/55 R18 109H Invernale XL Fuoristrada"
"5420068623068","B0132WKQ10","IMPERIAL","255/50/19","IMPERIAL 255/50 R19 107V Invernale XL Fuoristrada"
"5420068623082","B013V7TUGS","IMPERIAL","245/70/16","IMPERIAL 245/70 R16 107H Invernale Fuoristrada"
"5420068623181","B01BNLPGSU","IMPERIAL","175/50/16","IMPERIAL 175/50 R16 77V Estivo Auto"
"5420068624003","B01M4KAGVH","IMPERIAL","135/70/15","IMPERIAL 135/70 R15 70T Invernale Auto"
"5420068624010","B01LYEG2SZ","IMPERIAL","195/70/15","IMPERIAL 195/70 R15 97T Invernale XL Auto"
"5420068624027","B01MFAQC41","IMPERIAL","215/70/15","IMPERIAL 215/70 R15 98T Invernale Auto"
"5420068624034","B01MA4ZKKW","IMPERIAL","215/65/15","IMPERIAL 215/65 R15 96H Invernale Auto"
"5420068624041","B01MEI0I9G","IMPERIAL","185/60/16","IMPERIAL 185/60 R16 86H Invernale Auto"
"5420068624058","B01MDNH47W","IMPERIAL","195/60/16","IMPERIAL 195/60 R16 89H Invernale Auto"
"5420068624065","B01MAXSCLH","IMPERIAL","185/55/14","IMPERIAL 185/55 R14 80T Invernale Auto"
"5420068624072","B01LZEXS6F","IMPERIAL","175/55/15","Imperial Snowdragon HP - 175/55R15 77T - Pneumatico Invernale"
"5420068624096","B01N3XGNYR","IMPERIAL","235/45/18","Imperial Snowdragon3 XL - 235/45R18 98V - Pneumatico Invernale"
"5420068624102","B01MA0XVAD","IMPERIAL","215/40/17","IMPERIAL 215/40 R17 87V Invernale XL Auto"
"5420068624126","B01N657ZRS","IMPERIAL","255/40/19","IMPERIAL 255/40 R19 100V Invernale XL Auto"
"5420068624133","B01M3R9D10","IMPERIAL","255/35/19","IMPERIAL 255/35 R19 96V Invernale XL Auto"
"5420068624188","B01J9V9ARE","IMPERIAL","155/80/13","Imperial Snowdragon HP M+S - 155/80R13 79T - Pneumatico Invernale"
"5420068624201","B01J9W292G","IMPERIAL","145/70/13","Imperial Snowdragon HP - 145/70R13 71T - Pneumatico Invernale"
"5420068624225","B01J9WL7PG","IMPERIAL","165/70/13","IMPERIAL 165/70 R13 79T Invernale Auto"
"5420068624232","B01M11O0WV","IMPERIAL","175/70/13","IMPERIAL 175/70 R13 82T Invernale Auto"
"5420068624256","B01KY472CA","IMPERIAL","165/70/14","IMPERIAL 165/70 R14 85T Invernale XL Auto"
"5420068624263","B01M0E46SQ","IMPERIAL","175/70/14","Imperial Snowdragon HP - 175/70R14 84T - Pneumatico Invernale"
"5420068624270","B01JA2UASA","IMPERIAL","175/70/14","IMPERIAL 175/70 R14 88T Invernale XL Auto"
"5420068624287","B01LXR1AUL","IMPERIAL","185/70/14","IMPERIAL 185/70 R14 88T Invernale Auto"
"5420068624294","B01JA33QX0","IMPERIAL","195/70/14","Imperial Snowdragon HP M+S - 195/70R14 91T - Pneumatico Invernale"
"5420068624300","B01JA3DQOY","IMPERIAL","205/70/15","IMPERIAL 205/70 R15 96T Invernale XL Auto"
"5420068624324","B01M0E3OK0","IMPERIAL","155/65/14","Imperial Snowdragon HP M+S - 155/65R14 75T - Pneumatico Invernale"
"5420068624331","B01JA4KR22","IMPERIAL","165/65/14","IMPERIAL 165/65 R14 79T Invernale Auto"
"5420068624355","B01M0PSHVI","IMPERIAL","175/65/14","IMPERIAL 175/65 R14 86T Invernale XL Auto"
"5420068624362","B01M11MXBK","IMPERIAL","185/65/14","IMPERIAL 185/65 R14 86T Invernale Auto"
"5420068624379","B01M1DC7KE","IMPERIAL","165/65/15","IMPERIAL 165/65 R15 81T Invernale Auto"
"5420068624386","B01JA5CDXW","IMPERIAL","175/65/15","IMPERIAL 175/65 R15 84T Invernale Auto"
"5420068624393","B01JA5KPAU","IMPERIAL","185/65/15","IMPERIAL 185/65 R15 88T Invernale Auto"
"5420068624409","B01JA606C6","IMPERIAL","185/65/15","IMPERIAL 185/65 R15 92T Invernale XL Auto"
"5420068624423","B01LYQ8BKS","IMPERIAL","195/65/15","IMPERIAL 195/65 R15 95T Invernale XL Auto"
"5420068624430","B01LWRYIRJ","IMPERIAL","195/65/15","Imperial Snowdragon HP - 195/65R15 91H - Pneumatico Invernale"
"5420068624447","B01M015WKT","IMPERIAL","205/65/15","IMPERIAL 205/65 R15 94H Invernale Auto"
"5420068624454","B01LXR1BYL","IMPERIAL","215/65/16","Imperial Snowdragon HP M+S - 215/65R16 98H - Pneumatico Invernale"
"5420068624478","B01M0PSASK","IMPERIAL","185/60/14","Imperial Snowdragon HP - 185/60R14 82T - Pneumatico Invernale"
"5420068624485","B01LZF26Z5","IMPERIAL","165/60/15","IMPERIAL 165/60 R15 81T Invernale XL Auto"
"5420068624492","B01M02HDZP","IMPERIAL","185/60/15","IMPERIAL 185/60 R15 84T Invernale Auto"
"5420068624508","B01M8LBJF1","IMPERIAL","185/60/15","IMPERIAL 185/60 R15 88T Invernale XL Auto"
"5420068624515","B01KY479J6","IMPERIAL","195/60/15","IMPERIAL 195/60 R15 88T Invernale Auto"
"5420068624539","B01MG68UIA","IMPERIAL","205/60/15","IMPERIAL 205/60 R15 91H Invernale Auto"
"5420068624546","B01MDS68K7","IMPERIAL","205/60/16","IMPERIAL 205/60 R16 92H Invernale Auto"
"5420068624553","B01LX3KL2G","IMPERIAL","205/60/16","IMPERIAL 205/60 R16 96H Invernale XL Auto"
"5420068624560","B01LZQTPLR","IMPERIAL","215/60/16","IMPERIAL 215/60 R16 99H Invernale XL Auto"
"5420068624577","B01LZF22WH","IMPERIAL","225/60/16","IMPERIAL 225/60 R16 102H Invernale XL Auto"
"5420068624584","B01M0E34VE","IMPERIAL","185/55/15","IMPERIAL 185/55 R15 82H Invernale Auto"
"5420068624591","B01LZQMPWL","IMPERIAL","195/55/15","IMPERIAL 195/55 R15 85H Invernale Auto"
"5420068624614","B01MG9B1W7","IMPERIAL","205/55/16","IMPERIAL 205/55 R16 91H Invernale Auto"
"5420068624621","B01LZQTHCV","IMPERIAL","195/50/15","IMPERIAL 195/50 R15 82H Invernale Auto"
"5420068624928","B01M02J51W","IMPERIAL","245/45/19","IMPERIAL 245/45 R19 102V Invernale XL Auto"
"5420068625017","B06X9B4ZR9","IMPERIAL","185/70/14","IMPERIAL 185/70 R14 88T Estivo Auto"
"5420068625024","B06XS32F5N","IMPERIAL","185/70/14","Imperial EcoDriver4 - 185/70R14 88H - Pneumatico Estivo"
"5420068625079","B06WW8NRY1","IMPERIAL","175/65/14","IMPERIAL 175/65 R14 86T Estivo XL Auto"
"5420068625116","B07B57FTLB","IMPERIAL","145/65/15","IMPERIAL 145/65 R15 72T Estivo Auto"
"5420068625123","B06WWCRMX2","IMPERIAL","175/65/15","IMPERIAL 175/65 R15 84H Estivo Auto"
"5420068625130","B06WW8L8JW","IMPERIAL","185/65/15","IMPERIAL 185/65 R15 88T Estivo Auto"
"5420068625154","B06WLPFBWH","IMPERIAL","185/65/15","IMPERIAL 185/65 R15 88H Estivo Auto"
"5420068625161","B06Y1SDNXK","IMPERIAL","195/65/15","IMPERIAL 195/65 R15 95T Estivo XL Auto"
"5420068625178","B071YPYMLW","IMPERIAL","195/65/15","IMPERIAL 195/65 R15 91H Estivo Auto"
"5420068625215","B06XS2ZRLQ","IMPERIAL","215/65/16","IMPERIAL 215/65 R16 98H Estivo Auto"
"5420068625291","B01N27RV57","IMPERIAL","205/60/16","IMPERIAL 205/60 R16 92H Estivo Auto"
"5420068625314","B06XS2NVWN","IMPERIAL","205/60/16","IMPERIAL 205/60 R16 96V Estivo XL Auto"
"5420068625321","B06XS21V3W","IMPERIAL","215/60/16","IMPERIAL 215/60 R16 95V Estivo Auto"
"5420068625338","B06XS2BKP2","IMPERIAL","215/60/16","IMPERIAL 215/60 R16 99V Estivo XL Auto"
"5420068625352","B01N6WDRKI","IMPERIAL","185/55/15","Imperial EcoDriver4 - 185/55R15 82H - Pneumatico Estivo"
"5420068625376","B06XYKVQWC","IMPERIAL","185/55/15","IMPERIAL 185/55 R15 86V Estivo XL Auto"
"5420068625390","B01ND1DGXM","IMPERIAL","195/55/15","Imperial EcoDriver5 - 195/55R15 85V - Pneumatico Estivo"
"5420068625413","B01N9X52ZL","IMPERIAL","195/55/16","Imperial EcoDriver5 - 195/55R16 87V - Pneumatico Estivo"
"5420068625437","B01MTEHJ6Q","IMPERIAL","205/55/16","IMPERIAL 205/55 R16 91H Estivo Auto"
"5420068625444","B01N27RVUH","IMPERIAL","205/55/16","IMPERIAL 205/55 R16 91V Estivo Auto"
"5420068625451","B01NAYKP9X","IMPERIAL","205/55/16","Imperial EcoDriver5 - 205/55R16 91W - Pneumatico Estivo"
"5420068625468","B01N9X53QO","IMPERIAL","215/55/16","Imperial EcoDriver5 XL - 215/55R16 97V - Pneumatico Estivo"
"5420068625499","B01MYDMVR7","IMPERIAL","225/55/16","IMPERIAL 225/55 R16 99W Estivo XL Auto"
"5420068625505","B0711192QC","IMPERIAL","215/55/17","IMPERIAL 215/55 R17 98W Estivo XL Auto"
"5420068625512","B01N6WDQL3","IMPERIAL","225/55/17","Imperial EcoSport2 XL - 225/55R17 101W - Pneumatico Estivo"
"5420068625529","B01MUG2MR1","IMPERIAL","195/50/15","IMPERIAL 195/50 R15 82H Estivo Auto"
"5420068625536","B01ND1DSNS","IMPERIAL","195/50/15","Imperial EcoDriver5 - 195/50R15 82V - Pneumatico Estivo"
"5420068625543","B01MYDMV5K","IMPERIAL","205/50/17","Imperial EcoSport2 XL - 205/50R17 93W - Pneumatico Estivo"
"5420068625550","B01MTEHJ6Z","IMPERIAL","215/50/17","Imperial EcoSport2 XL - 215/50R17 95W - Pneumatico Estivo"
"5420068625567","B071RGDZ6F","IMPERIAL","225/50/17","Imperial EcoSport2 - 225/50R17 94W - Pneumatico Estivo"
"5420068625574","B01MZF8KQH","IMPERIAL","225/50/17","IMPERIAL 225/50 R17 98Y Estivo XL Auto"
"5420068625581","B071Y6NVYY","IMPERIAL","195/45/15","IMPERIAL 195/45 R15 78V Estivo Auto"
"5420068625598","B06XTW71SD","IMPERIAL","195/45/16","IMPERIAL 195/45 R16 84V Estivo XL Auto"
"5420068625604","B06XS4HPBV","IMPERIAL","205/45/16","Imperial EcoSport2 XL - 205/45R16 87W - Pneumatico Estivo"
"5420068625611","B071118YWW","IMPERIAL","215/45/16","IMPERIAL 215/45 R16 86H Estivo Auto"
"5420068625628","B071YGR5Q3","IMPERIAL","215/45/16","IMPERIAL 215/45 R16 90V Estivo XL Auto"
"5420068625635","B06XH2N9QH","IMPERIAL","205/45/17","IMPERIAL 205/45 R17 88W Estivo XL Auto"
"5420068625642","B06W58QVWS","IMPERIAL","215/45/17","IMPERIAL 215/45 R17 91Y Estivo XL Auto"
"5420068625666","B06XGYWR1R","IMPERIAL","235/45/17","IMPERIAL 235/45 R17 97Y Estivo XL Auto"
"5420068625697","B07BZ9NZR1","IMPERIAL","245/45/20","IMPERIAL 245/45 ZR20 103Y Estivo XL Auto"
"5420068625710","B06XGKG8RY","IMPERIAL","215/40/18","IMPERIAL 215/40 R18 89Y Estivo XL Auto"
"5420068625734","B06XGB2LYL","IMPERIAL","245/40/18","Imperial EcoSport2 XL - 245/40R18 97Y - Pneumatico Estivo"
"5420068625741","B07BHCHVSK","IMPERIAL","225/40/19","Pneumatico estivo IMPERIAL 225/40 R19 93 Y ECOSPORT2 XL"
"5420068625758","B071RGN1Q1","IMPERIAL","235/40/19","IMPERIAL 235/40 R19 96Y Estivo XL Auto"
"5420068625765","B06XGJWN1N","IMPERIAL","275/40/19","IMPERIAL 275/40 R19 105Y Estivo XL Auto"
"5420068625772","B07C8CX4ZD","IMPERIAL","245/40/20","IMPERIAL 245/40 ZR20 99Y Estivo XL Auto"
"5420068625789","B06XGT3W4S","IMPERIAL","235/35/19","IMPERIAL 235/35 R19 91Y Estivo XL Auto"
"5420068625802","B06XJF2GF9","IMPERIAL","275/35/20","Imperial EcoSport2 XL - 275/35R20 102Y - Pneumatico Estivo"
"5420068625826","B07B8XP8YD","IMPERIAL","255/30/19","IMPERIAL 255/30 ZR19 91Y Estivo XL Auto"
"5420068625871","B078NP2QNF","IMPERIAL","225/75/16","IMPERIAL 225/75 R16 121R Estivo XL LCamion"
"5420068625949","B06XS1ZB25","IMPERIAL","225/70/16","IMPERIAL 225/70 R16 103V Estivo Fuoristrada"
"5420068625956","B06XRT2CD3","IMPERIAL","215/65/16","Imperial EcoSport SUV - 215/65R16 98H - Pneumatico Estivo"
"5420068625963","B06XH1S8YY","IMPERIAL","225/65/17","IMPERIAL 225/65 R17 102H Estivo Fuoristrada"
"5420068625970","B06XH1595V","IMPERIAL","235/65/17","IMPERIAL 235/65 R17 108V Estivo XL Fuoristrada"
"5420068625987","B06XH2HF28","IMPERIAL","245/65/17","IMPERIAL 245/65 R17 111H Estivo XL Fuoristrada"
"5420068626007","B06XH1N4CM","IMPERIAL","235/60/16","IMPERIAL 235/60 R16 100H Estivo Fuoristrada"
"5420068626021","B06XGBFKZ1","IMPERIAL","225/60/17","IMPERIAL 225/60 R17 99H Estivo Fuoristrada"
"5420068626038","B06XGYBTFH","IMPERIAL","225/60/18","IMPERIAL 225/60 R18 100V Estivo Fuoristrada"
"5420068626045","B071RGDPF8","IMPERIAL","235/60/18","IMPERIAL 235/60 R18 107W Estivo XL Fuoristrada"
"5420068626052","B06XH1KF87","IMPERIAL","255/60/18","IMPERIAL 255/60 R18 112V Estivo XL Fuoristrada"
"5420068626069","B06XGX3Z3B","IMPERIAL","215/55/18","Imperial EcoSport SUV XL - 215/55R18 99V - Pneumatico Estivo"
"5420068626083","B06XGJZ91F","IMPERIAL","235/55/18","IMPERIAL 235/55 R18 100V Estivo Fuoristrada"
"5420068626090","B06XGKG8K1","IMPERIAL","255/55/18","Imperial EcoSport SUV XL - 255/55R18 109W - Pneumatico Estivo"
"5420068626113","B06XGXWWBL","IMPERIAL","235/55/19","Imperial EcoSport SUV XL - 235/55R19 105W - Pneumatico Estivo"
"5420068626120","B06XH4CFMJ","IMPERIAL","255/55/19","Imperial EcoSport SUV XL - 255/55R19 111W - Pneumatico Estivo"
"5420068626168","B06XS3HCS9","IMPERIAL","215/60/16","Imperial EcoDriver5 - 215/60R16 95H - Pneumatico Estivo"
"5420068626175","B071DJKDXC","IMPERIAL","205/55/16","IMPERIAL 205/55 R16 94V Estivo XL Auto"
"5420068626182","B06ZYVR71G","IMPERIAL","225/55/17","IMPERIAL 225/55 R17 97W Estivo Auto"
"5420068626199","B06ZYVQVFV","IMPERIAL","215/50/17","IMPERIAL 215/50 R17 91W Estivo Auto"
"5420068626205","B071RGB5DM","IMPERIAL","225/45/17","Imperial EcoSport2 - 225/45R17 91Y - Pneumatico Estivo"
"5420068626502","B077MVYM53","IMPERIAL","225/55/17","IMPERIAL 225/55 R17 97H Invernale XL Auto"
"5420068626533","B0783Q58NT","IMPERIAL","215/45/16","Pneumatici Invernali Imperial Snowdragon 215/45 R16 90V"
"5420068626540","B076KM9JF1","IMPERIAL","255/45/18","IMPERIAL 255/45 R18 103V Invernale XL Auto"
"5420068626557","B077MRGC1K","IMPERIAL","225/35/19","IMPERIAL 225/35 R19 88V Invernale XL Auto"
"5420068626571","B077MFYHQG","IMPERIAL","215/55/18","IMPERIAL 215/55 R18 99V Invernale XL Fuoristrada"
"5420068626595","B077MFYFF8","IMPERIAL","235/55/18","IMPERIAL 235/55 R18 104V Invernale XL Fuoristrada"
"5420068626601","B077MNP39J","IMPERIAL","225/55/19","IMPERIAL 225/55 R19 99V Invernale Auto"
"5420068626618","B0783PVSX8","IMPERIAL","275/45/20","Imperial SnowDragon UHP 275/45R20 110V Pneumatico invernales"
"5420068626625","B07DFWPGQM","IMPERIAL","295/35/21","IMPERIAL 295/35 R21 107V Invernale XL Fuoristrada"
"5420068626632","B077MRGQ3H","IMPERIAL","205/55/16","GOMME PNEUMATICI SNOWDRAGON UHP 205/55 R16 91H IMPERIAL"
"5420068626656","B077C5M8G7","IMPERIAL","215/55/16","IMPERIAL 215/55 R16 97H Invernale XL Auto"
"5420068626663","B0778TWQ9W","IMPERIAL","215/55/17","IMPERIAL 215/55 R17 98V Invernale XL Auto"
"5420068626687","B077MNNNLK","IMPERIAL","205/50/17","IMPERIAL 205/50 R17 93V Invernale XL Auto"
"5420068626700","B077MNNZ4G","IMPERIAL","225/50/17","IMPERIAL 225/50 R17 98V Invernale XL Auto"
"5420068626717","B077MRGKJX","IMPERIAL","225/45/17","Imperial SnowDragon UHP XL 225/45R17 94V Pneumatico invernales"
"5420068626724","B077MFZ5GQ","IMPERIAL","225/40/18","IMPERIAL 225/40 R18 92V Invernale XL Auto"
"5420068626748","B0792D2T6G","IMPERIAL","195/50/16","IMPERIAL 195/50 R16 88V Estivo XL Auto"
"5420068626755","B0792DCZ4Z","IMPERIAL","145/80/12","Pneumatici Estivi Imperial Ecodriver4 145/80 R12 74T"
"5420068626762","B0792HBRD9","IMPERIAL","155/80/12","IMPERIAL 155/80 R12 77T Estivo Auto"
"5420068626779","B07B9Q8SG2","IMPERIAL","145/80/13","IMPERIAL 145/80 R13 75T Estivo Auto"
"5420068626922","B07B5H18RW","IMPERIAL","165/65/13","Pneumatici estivi IMPERIAL 165/65 R13 77 T ECODRIVER4"
"5420068626946","B07B5H12JP","IMPERIAL","165/65/14","IMPERIAL 165/65 R14 79T Estivo Auto"
"5420068626953","B07B5DKFRT","IMPERIAL","195/65/14","Pneumatici estivi IMPERIAL 195/65 R14 89 H ECODRIVER4"
"5420068626960","B07B5BTMVJ","IMPERIAL","165/65/15","IMPERIAL 165/65 R15 81T Estivo Auto"
"5420068626991","B078NP2XVZ","IMPERIAL","165/60/14","Imperial EcoDriver 4 165/60R14 75H Pneumatico Estivos"
"5420068627042","B07BQM9JYN","IMPERIAL","205/60/15","IMPERIAL 205/60 R15 91H Estivo Auto"
"5420068627073","B07BF7329G","IMPERIAL","225/60/16","IMPERIAL 225/60 R16 98V Estivo Auto"
"5420068627080","B077MFYPQW","IMPERIAL","225/60/16","IMPERIAL 225/60 R16 102V Estivo XL Auto"
"5420068627127","B0792G6HKQ","IMPERIAL","205/55/17","IMPERIAL 205/55 ZR17 95W Estivo XL Auto"
"5420068627172","B07FYMXJL5","IMPERIAL","205/50/16","IMPERIAL 205/50 R16 87W Estivo Auto"
"5420068627196","B0792FVJZC","IMPERIAL","235/45/18","Pneumatici Estivi Imperial Ecosport2 235/45 R18 98Y"
"5420068627219","B0792FTDHB","IMPERIAL","235/40/18","Pneumatici Estivi Imperial Ecosport2 235/40 R18 95Y"
"5420068627226","B0792BWY41","IMPERIAL","245/40/19","IMPERIAL 245/40 ZR19 98Y Estivo XL Auto"
"5420068627240","B07B57TM38","IMPERIAL","255/35/18","IMPERIAL 255/35 ZR18 94Y Estivo XL Auto"
"5420068627288","B07B5H9CBQ","IMPERIAL","235/55/17","IMPERIAL 235/55 ZR17 103W Estivo XL Auto"
"5420068627295","B09RMTV237","IMPERIAL","205/50/16","IMPERIAL 205/50 R16 91W Estivo XL Auto"
"5420068627318","B07B5QGB8C","IMPERIAL","235/50/18","IMPERIAL 235/50 ZR18 101Y Estivo XL Auto"
"5420068627349","B07C1186P7","IMPERIAL","255/45/18","IMPERIAL 255/45 ZR18 103Y Estivo XL Auto"
"5420068627356","B07BXXJFZK","IMPERIAL","245/45/19","Pneumatici estivi IMPERIAL 245/45 R19 102Y ECOSPORT2 XL"
"5420068627370","B07BHCB2ZX","IMPERIAL","265/35/18","IMPERIAL 265/35 ZR18 97Y Estivo XL Auto"
"5420068627400","B07BQPF4SY","IMPERIAL","245/30/20","IMPERIAL 245/30 ZR20 95W Estivo XL Auto"
"5420068627424","B07H154HTV","IMPERIAL","275/40/21","Imperial 275/40R21 107Y Pneumatico Estivos"
"5420068627462","B07C39T73G","IMPERIAL","215/65/15","Pneumatico estivo IMPERIAL 215/65 R15 104T ECOVAN3"
"5420068627660","B07J32SF2S","IMPERIAL","215/45/18","Imperial SnowDragon UHP XL 215/45R18 93V Pneumatico invernales"
"5420068627684","B07KB2LLZ5","IMPERIAL","235/45/19","IMPERIAL 235/45 R19 99V Invernale XL Auto"
"5420068627691","B07KB66PZ6","IMPERIAL","255/45/19","IMPERIAL 255/45 R19 104V Invernale XL Auto"
"5420068627707","B07JQCP9R6","IMPERIAL","215/40/18","Imperial SnowDragon UHP 215/40R18 89V Pneumatico invernales"
"5420068627714","B00AUAEVM8","IMPERIAL","225/40/19","IMPERIAL 225/40 R19 93V Invernale XL Auto"
"5420068627721","B07K9Y2V2G","IMPERIAL","235/40/19","Imperial SnowDragon UHP XL 235/40R19 96V Pneumatico invernales"
"5420068627745","B07J2ZQR8Z","IMPERIAL","255/35/18","IMPERIAL 255/35 R18 94V Invernale XL Auto"
"5420068627776","B07K9ZKLCY","IMPERIAL","255/45/20","IMPERIAL 255/45 R20 105V Invernale XL Fuoristrada"
"5420068627790","B07L6K6GWV","IMPERIAL","285/45/19","Pneumatici estivi IMPERIAL 285/45 R19 111Y ECOSPORT2 XL"
"5420068627806","B07S2SCBDG","IMPERIAL","145/80/13","Imperial Driver IF210 XXL 145/80R13 79T Pneumatici tutte stagioni"
"5420068627813","B07LDC952L","IMPERIAL","155/80/13","IMPERIAL 155/80 R13 79T 4 Stagioni Auto"
"5420068627820","B07L79PBC7","IMPERIAL","145/70/13","IMPERIAL 145/70 R13 71T 4 Stagioni Auto"
"5420068627837","B07MFVKDKG","IMPERIAL","155/70/13","IMPERIAL 155/70 R13 75T 4 Stagioni Auto"
"5420068627851","B07PT432BS","IMPERIAL","165/70/13","Imperial Driver XXL 165/70R13 83T Pneumatici tutte stagioni"
"5420068627868","B07TVLLWWJ","IMPERIAL","175/70/13","Pneumatici 4 stagioni IMPERIAL 175/70 R13 82 T AS DRIVER M+S"
"5420068627875","B07MFVK95S","IMPERIAL","165/70/14","IMPERIAL 165/70 R14 81T 4 Stagioni Auto"
"5420068627882","B07LB2BLTV","IMPERIAL","165/70/14","Imperial Driver IF218 XXL 165/70R14 85T Pneumatici tutte stagioni"
"5420068627899","B07Q4H1J4Z","IMPERIAL","175/70/14","IMPERIAL 175/70 R14 84T 4 Stagioni Auto"
"5420068627912","B07TVLL7R3","IMPERIAL","185/70/14","Pneumatici 4 stagioni IMPERIAL 185/70 R14 88 T AS DRIVER M+S"
"5420068627936","B07Q2MX8W7","IMPERIAL","155/65/13","Imperial Driver IF223 155/65R13 73T Pneumatici tutte stagioni"
"5420068627967","B07PP7NJQJ","IMPERIAL","165/65/14","IMPERIAL 165/65 R14 79T 4 Stagioni Auto"
"5420068627974","B07LDCJZ3T","IMPERIAL","175/65/14","IMPERIAL 175/65 R14 82T 4 Stagioni Auto"
"5420068627981","B07MCCY26T","IMPERIAL","175/65/14","IMPERIAL 175/65 R14 86T 4 Stagioni XL Auto"
"5420068628001","B07VLB822M","IMPERIAL","165/65/15","IMPERIAL 165/65 R15 81H 4 Stagioni Auto"
"5420068628018","B07Q6PSD3S","IMPERIAL","175/65/15","IMPERIAL 175/65 R15 84H 4 Stagioni Auto"
"5420068628025","B07L79KCZZ","IMPERIAL","185/65/15","IMPERIAL 185/65 R15 88H 4 Stagioni Auto"
"5420068628032","B07LB2T9VD","IMPERIAL","185/65/15","IMPERIAL 185/65 R15 92H 4 Stagioni XL Auto"
"5420068628049","B07LDBXC5X","IMPERIAL","195/65/15","Imperial Driver IF234 195/65R15 91H Pneumatici tutte stagioni"
"5420068628056","B07M7P3N6Q","IMPERIAL","195/65/15","IMPERIAL 195/65 R15 95H 4 Stagioni XL Auto"
"5420068628063","B07Q6QT4X9","IMPERIAL","205/65/15","Imperial Driver IF236 205/65R15 94V Pneumatici tutte stagioni"
"5420068628070","B07SPYXX7T","IMPERIAL","215/65/15","Imperial Driver IF237 215/65R15 96H Pneumatici tutte stagioni"
"5420068628094","B07PM8D1TG","IMPERIAL","165/60/14","IMPERIAL 165/60 R14 79H 4 Stagioni XL Auto"
"5420068628100","B07PM8D4QS","IMPERIAL","185/60/14","IMPERIAL 185/60 R14 82H 4 Stagioni Auto"
"5420068628117","B07MQFH858","IMPERIAL","185/60/15","IMPERIAL 185/60 R15 84H 4 Stagioni Auto"
"5420068628131","B07L79FRX3","IMPERIAL","195/60/15","Imperial Driver 195/60R15 88V Pneumatici tutte stagioni"
"5420068628162","B07PM8DDG7","IMPERIAL","205/60/16","IMPERIAL 205/60 R16 96V 4 Stagioni XL Auto"
"5420068628179","B07NW9G194","IMPERIAL","215/60/16","IMPERIAL 215/60 R16 99V 4 Stagioni XL Auto"
"5420068628186","B07YN2SZXN","IMPERIAL","225/60/16","Imperial All Season Driver XL M+S – 225/60R16 102V – Pneumatici per tutte le stagioni"
"5420068628193","B07Y5H9TQY","IMPERIAL","235/60/16","IMPERIAL - 235/60 R16 TL 100 V ALL SEASON DRIVER M+S 3PMSF – Pneumatici per tutte le stagioni"
"5420068628216","B07L7B3ZMW","IMPERIAL","185/55/15","IMPERIAL 185/55 R15 82H 4 Stagioni Auto"
"5420068628223","B07L6LCY2B","IMPERIAL","195/55/15","IMPERIAL 195/55 R15 85V 4 Stagioni Auto"
"5420068628247","B07MM5PJZ6","IMPERIAL","195/55/16","IMPERIAL 195/55 R16 91V 4 Stagioni XL Auto"
"5420068628261","B07LB3D2KK","IMPERIAL","205/55/16","IMPERIAL 205/55 R16 94V 4 Stagioni XL Auto"
"5420068628278","B07PN66VJX","IMPERIAL","215/55/16","Imperial Driver IF257 XXL 215/55R16 97W Pneumatici tutte stagioni"
"5420068628285","B07RWSX325","IMPERIAL","225/55/16","Pneumatici 4 stagioni IMPERIAL 225/55 R16 99 W AS DRIVER XL M+S"
"5420068628292","B07RZ3JH66","IMPERIAL","205/55/17","Imperial Driver IF259 XXL 205/55R17 95W Pneumatici tutte stagioni"
"5420068628308","B07RX2W3ZC","IMPERIAL","215/55/17","IMPERIAL 215/55 R17 98W 4 Stagioni XL Auto"
"5420068628315","B07SLHL9DZ","IMPERIAL","225/55/17","Imperial Driver IF261 XXL 225/55R17 101W Pneumatici tutte stagioni"
"5420068628339","B07PN5NHXN","IMPERIAL","195/50/15","Imperial Driver IF263 195/50R15 82V Pneumatici tutte stagioni"
"5420068628353","B07Y5GVZ15","IMPERIAL","205/50/16","GOMME PNEUMATICI ALL SEASON DRIVER XL 205/50 R16 91W IMPERIAL"
"5420068628360","B07L7CLPPW","IMPERIAL","205/50/17","IMPERIAL 205/50 R17 93W 4 Stagioni XL Auto"
"5420068628391","B07ZRTJW9M","IMPERIAL","235/50/18","GOMME PNEUMATICI IMPERIAL 235/50 R18 101W ALL SEASON DRIVER XL"
"5420068628407","B07PP91WPD","IMPERIAL","195/45/16","Imperial Driver IF270 XXL 195/45R16 84V Pneumatici tutte stagioni"
"5420068628414","B07PP86M22","IMPERIAL","205/45/16","Imperial Driver IF271 XXL 205/45R16 87W Pneumatici tutte stagioni"
"5420068628421","B07RVF4NGW","IMPERIAL","215/45/16","IMPERIAL 215/45 R16 90V 4 Stagioni XL Auto"
"5420068628438","B07PP7RB11","IMPERIAL","205/45/17","IMPERIAL 205/45 R17 88W 4 Stagioni XL Auto"
"5420068628445","B07PP8287B","IMPERIAL","215/45/17","Imperial Driver IF274 XXL 215/45R17 91W Pneumatici tutte stagioni"
"5420068628452","B07MFZ494Y","IMPERIAL","225/45/17","Imperial IF275 225/45R17 91W Pneumatici tutte stagioni"
"5420068628469","B07LDBZ192","IMPERIAL","225/45/17","IMPERIAL 225/45 R17 94Y 4 Stagioni XL Auto"
"5420068628476","B07QSYGGZZ","IMPERIAL","235/45/17","Imperial Driver IF277 XXL 235/45R17 97W Pneumatici tutte stagioni"
"5420068628483","B07TYSLYZ9","IMPERIAL","245/45/17","Imperial Driver IF278 XXL 245/45R17 99W Pneumatici tutte stagioni"
"5420068628490","B07TP6GX1V","IMPERIAL","225/45/18","IMPERIAL 225/45 R18 95W 4 Stagioni XL Auto"
"5420068628520","B07YN345W6","IMPERIAL","245/45/19","IMPERIAL 245/45 R19 102Y 4 Stagioni XL Auto"
"5420068628551","B07Q7G17LF","IMPERIAL","225/40/18","Pneumatici 4 stagioni IMPERIAL 225/40 R18 92 Y AS DRIVER XL M+S"
"5420068628575","B07Y3SZBYB","IMPERIAL","225/40/19","GOMME PNEUMATICI IMPERIAL 225/40 R19 93Y ALL SEASON DRIVER XL"
"5420068628599","B07Y3TFP7R","IMPERIAL","225/35/19","GOMME PNEUMATICI IMPERIAL 225/35-19 88Y ALL SEASON DRIVER XL"
"5420068628605","B07TP6L967","IMPERIAL","235/35/19","Pneumatici 4 stagioni IMPERIAL 235/35 R19 91 Y AS DRIVER XL M+S"
"5420068628612","B0BT151TPW","IMPERIAL","185/75/16","IMPERIAL 185/75 R16 104S 4 Stagioni LCamion"
"5420068628636","B07T5JLJ87","IMPERIAL","205/75/16","Imperial IF293 205/75R16 113/111S Pneumatici tutte stagioni"
"5420068628643","B07TP6ZY24","IMPERIAL","215/75/16","IMPERIAL 215/75 R16 113S 4 Stagioni LCamion"
"5420068628674","B07RYMSSM1","IMPERIAL","195/70/15","Imperial IF297 195/70R15 104/102S Pneumatici tutte stagioni"
"5420068628681","B07TVLLPNN","IMPERIAL","205/70/15","Pneumatici 4 stagioni IMPERIAL 205/70 R15 106S VAN DRIVER AS M+S"
"5420068628698","B07QTP6NR9","IMPERIAL","215/70/15","Pneumatici 4 stagioni IMPERIAL 215/70 R15 109S VAN DRIVER AS M+S"
"5420068628728","B07SPY8FB8","IMPERIAL","195/65/16","IMPERIAL 195/65 R16 104S 4 Stagioni LCamion"
"5420068628773","B07QNTJJVJ","IMPERIAL","195/60/16","IMPERIAL 195/60 R16 99H 4 Stagioni LCamion"
"5420068628780","B07QPYDCSD","IMPERIAL","215/60/16","Imperial IF308 215/60R16 103/101T Pneumatici tutte stagioni"
"5420068628797","B07T3B1B2C","IMPERIAL","215/60/17","Imperial IF309 215/60R17 109/107T Pneumatici tutte stagioni"
"5420068628803","B07RZ3PG4X","IMPERIAL","215/70/16","IMPERIAL 215/70 R16 100H 4 Stagioni Auto"
"5420068628810","B07ZHGSSQF","IMPERIAL","215/65/17","GOMME PNEUMATICI IMPERIAL 215/65-17 99V ALL SEASON DRIVER"
"5420068628827","B07T2B765G","IMPERIAL","225/65/17","Imperial Driver IF312 XXL 225/65R17 106V Pneumatici tutte stagioni"
"5420068628834","B07Y3V7CN5","IMPERIAL","235/65/17","IMPERIAL 235/65 R17 108W 4 Stagioni XL Auto"
"5420068628841","B07QNVGC35","IMPERIAL","215/60/17","Imperial Driver IF314 XXL 215/60R17 100V Pneumatici tutte stagioni"
"5420068628858","B07YN1HRM7","IMPERIAL","225/60/17","IMPERIAL 225/60 R17 103V 4 Stagioni XL Auto"
"5420068628865","B07ZHH6MNQ","IMPERIAL","235/60/18","IMPERIAL 235/60 R18 107W 4 Stagioni XL Auto"
"5420068628872","B07S4H57YR","IMPERIAL","215/55/18","IMPERIAL 215/55 R18 99V 4 Stagioni XL Auto"
"5420068628889","B07Z7N4246","IMPERIAL","225/55/18","Pneumatici ALL SEASON DRIVER - IMPERIAL - 225/55/18 estive gomme nuove"
"5420068628896","B07ZHGG4MQ","IMPERIAL","235/55/18","IMPERIAL 235/55 R18 104V 4 Stagioni XL Auto"
"5420068628902","B07ZHHCG23","IMPERIAL","225/55/19","IMPERIAL 225/55 R19 99W 4 Stagioni Fuoristrada"
"5420068628926","B07LB2TK39","IMPERIAL","205/55/16","IMPERIAL 205/55 R16 91H 4 Stagioni Auto"
"5420068628957","B07ZB4RLJM","IMPERIAL","225/45/19","Pneumatici estivi IMPERIAL 225/45 R19 96 Y ECOSPORT2 XL"
"5420068628964","B09SH2T9FC","IMPERIAL","255/35/19","IMPERIAL 255/35 R19 96Y 4 Stagioni XL Auto"
"5420068628971","B083NPH1N3","IMPERIAL","255/40/19","IMPERIAL 255/40 ZR19 100Y Estivo XL Auto"
"5420068628988","B083NLM4XQ","IMPERIAL","215/35/19","Pneumatici estivi IMPERIAL 215/35 R19 85Y ECOSPORT2 XL"
"5420068628995","B084JDN6P4","IMPERIAL","255/35/20","IMPERIAL 255/35 R20 97Y Estivo XL Auto"
"5420068629008","B0829WTVDM","IMPERIAL","195/55/20","IMPERIAL 195/55 R20 95H Invernale XL Auto"
"5420068629015","B07ZB4N2FS","IMPERIAL","245/45/20","IMPERIAL 245/45 R20 103V Invernale XL Auto"
"5420068629022","B0822XPKMY","IMPERIAL","245/40/20","IMPERIAL 245/40 R20 99V Invernale XL Auto"
"5420068629039","B0824TGPS9","IMPERIAL","255/40/20","IMPERIAL 255/40 R20 101V Invernale XL Auto"
"5420068629046","B07ZB3JMKN","IMPERIAL","265/40/20","IMPERIAL 265/40 R20 104V Invernale XL Auto"
"5420068629053","B0824T4R1C","IMPERIAL","275/35/19","IMPERIAL 275/35 R19 100V Invernale XL Auto"
"5420068629060","B081LYN43X","IMPERIAL","245/35/20","IMPERIAL 245/35 R20 95V Invernale XL Auto"
"5420068629077","B081LYYB6F","IMPERIAL","255/35/20","IMPERIAL 255/35 R20 97V Invernale XL Auto"
"5420068629091","B07Z9Z66H9","IMPERIAL","255/60/18","IMPERIAL 255/60 R18 112V Invernale XL Fuoristrada"
"5420068629107","B07ZB4L92Y","IMPERIAL","265/60/18","IMPERIAL 265/60 R18 114V Invernale XL Fuoristrada"
"5420068629114","B07ZB1CSHM","IMPERIAL","255/55/19","IMPERIAL 255/55 R19 111V Invernale XL Fuoristrada"
"5420068629138","B0822Y2Y5D","IMPERIAL","235/50/19","GOMME PNEUMATICI SNOWDRAGON UHP XL 235/50 R19 103V IMPERIAL"
"5420068629145","B07ZB4SQK2","IMPERIAL","255/50/20","IMPERIAL 255/50 R20 109V Invernale XL Fuoristrada"
"5420068629190","B09SH2TXB2","IMPERIAL","165/55/14","IMPERIAL 165/55 14 72H Estivo Auto"
"5420068629206","B09R76HMXK","IMPERIAL","165/55/15","IMPERIAL 165/55 R15 75H Estivo Auto"
"5420068629213","B09R75DFFC","IMPERIAL","195/55/20","IMPERIAL 195/55 R20 95H Estivo XL Auto"
"5420068629237","B09TSFCWT5","IMPERIAL","225/50/18","IMPERIAL 225/50 R18 99W Estivo XL Auto"
"5420068629244","B09SH2SXN6","IMPERIAL","245/50/18","IMPERIAL 245/50 R18 104W Estivo XL Auto"
"5420068629251","B09SH2SYGL","IMPERIAL","235/50/19","IMPERIAL 235/50 R19 103Y Estivo XL Auto"
"5420068629275","B09RMX2Q3L","IMPERIAL","235/45/19","IMPERIAL 235/45 R19 99Y Estivo XL Auto"
"5420068629282","B09SH3CVKB","IMPERIAL","255/45/19","IMPERIAL 255/45 R19 104Y Estivo XL Auto"
"5420068629299","B09TSFMGJD","IMPERIAL","255/45/20","IMPERIAL 255/45 R20 105W Estivo XL Auto"
"5420068629305","B09TSDYYG4","IMPERIAL","255/40/20","IMPERIAL 255/40 R20 101Y Estivo XL Auto"
"5420068629329","B09SKT1GJH","IMPERIAL","275/35/19","IMPERIAL 275/35 R19 100Y Estivo XL Auto"
"5420068629343","B09RMDHQQW","IMPERIAL","245/35/20","IMPERIAL 245/35 R20 95Y Estivo XL Auto"
"5420068629442","B0BSZ9VHYK","IMPERIAL","235/60/17","IMPERIAL 235/60 17 102H Estivo Auto"
"5420068629527","B0BSZKJLRK","IMPERIAL","205/55/19","IMPERIAL 205/55 R19 97V Invernale XL Auto"
"5420068629572","B0BSZLYVBN","IMPERIAL","215/50/18","IMPERIAL 215/50 R18 92W 4 Stagioni XL Auto"
"5420068629589","B09RMDGB9F","IMPERIAL","225/50/18","IMPERIAL 225/50 R18 99W 4 Stagioni XL Auto"
"5420068629596","B09SH4698H","IMPERIAL","245/50/18","IMPERIAL 245/50 R18 104Y 4 Stagioni XL Auto"
"5420068629619","B09SH4LK5M","IMPERIAL","225/45/19","GOMME PNEUMATICI IMPERIAL 225/45-19 96Y ALL SEASON DRIVER XL"
"5420068629626","B09SLCS3M8","IMPERIAL","255/45/19","IMPERIAL 255/45 R19 104Y 4 Stagioni XL Auto"
"5420068629633","B09R784Z2N","IMPERIAL","235/40/18","IMPERIAL 235/40 18 95Y 4 Stagioni XL Auto"
"5420068629640","B0BSZN7QRZ","IMPERIAL","235/40/19","IMPERIAL 235/40 R19 96Y 4 Stagioni XL Auto"
"5420068629671","B09R71WH37","IMPERIAL","235/55/20","IMPERIAL 235/55 20 102W Estivo Auto"
"5420068629688","B09R75HZP6","IMPERIAL","255/55/20","IMPERIAL 255/55 20 110W Estivo XL Auto"
"5420068629725","B0BSYCJ5VR","IMPERIAL","315/40/21","IMPERIAL 315/40 R21 115Y Estivo XL Fuoristrada"
"5420068629732","B09TSF3XBW","IMPERIAL","235/55/18","IMPERIAL 235/55 18 104W Estivo XL Auto"
"5420068629749","B09SLDQ1HS","IMPERIAL","205/70/14","IMPERIAL 205/70 14 95V Estivo Auto"
"5420068629770","B09SH3BC24","IMPERIAL","195/70/15","IMPERIAL 195/70 15 97T Estivo XL Auto"
"5420068629787","B09RMTLL9Z","IMPERIAL","145/60/13","IMPERIAL 145/60 13 66T Estivo Auto"
"5420068629794","B0BSZXN557","IMPERIAL","225/60/15","Pneumatici 225/60 r15 96V Imperial ECODRIVER 5 Gomme estive nuove"
"5420068629800","B09RMQX21Y","IMPERIAL","175/60/16","IMPERIAL 175/60 R16 86H Estivo XL Auto"
"5420068629824","B09SH3HXSB","IMPERIAL","225/50/16","IMPERIAL 225/50 16 92W Estivo Auto"
"5420068629848","B09TSVGZHZ","IMPERIAL","255/40/17","IMPERIAL 255/40 17 94W Estivo Auto"
"5420068629855","B09TRFRMKN","IMPERIAL","225/35/18","IMPERIAL 225/35 18 87Y Estivo XL Auto"
"5420068629862","B09RMT32HC","IMPERIAL","245/35/18","IMPERIAL 245/35 18 92Y Estivo XL Auto"
"5420068629947","B09XJTLNKN","IMPERIAL","275/45/19","IMPERIAL 275/45 19 108Y Estivo XL Auto"
"5420068629978","B09TRG7BMP","IMPERIAL","275/45/20","IMPERIAL 275/45 20 110Y Estivo XL Auto"
"5420068633531","B0BSZSFG12","IMPERIAL","265/35/22","IMPERIAL 265/35 22 102Y Estivo XL Auto"
"5420068633562","B0CY1X73N4","IMPERIAL","265/70/17","IMPERIAL 265/70 R17 115H Estivo Fuoristrada"
"5420068633609","B09WZ1RS8X","IMPERIAL","255/45/20","IMPERIAL 255/45 R20 105Y Estivo XL Auto"
"5420068633685","B09T5VXFJR","IMPERIAL","175/60/16","IMPERIAL 175/60 R16 86H 4 Stagioni XL Auto"
"5420068633692","B0C28PKHK2","IMPERIAL","225/30/20","Pneumatici 225/30 r20 85W XL Imperial ECO SPORT Gomme estive nuove"
"5420068633739","B09RMK7YN8","IMPERIAL","195/75/16","IMPERIAL 195/75 16 107/105R Invernale LCamion"
"5420068633746","B09RN4P626","IMPERIAL","205/75/16","GOMME PNEUMATICI IMPERIAL 205/75 R16 110/108R SNOWDRAGON VAN"
"5420068633753","B09TSCL1B8","IMPERIAL","215/75/16","IMPERIAL 215/75 16 113/111R Invernale LCamion"
"5420068633760","B09R7738Z5","IMPERIAL","165/70/14","IMPERIAL 165/70 14 89/87R Invernale LCamion"
"5420068633777","B09RMKX5HM","IMPERIAL","195/70/15","IMPERIAL 195/70 15 104/102R Invernale LCamion"
"5420068633784","B09SH2SKNK","IMPERIAL","215/70/15","IMPERIAL 215/70 15 109/107R Invernale LCamion"
"5420068633791","B09RMKY49R","IMPERIAL","195/65/16","IMPERIAL 195/65 16 104/102T Invernale LCamion"
"5420068633807","B09RN7C9H7","IMPERIAL","205/65/16","IMPERIAL 205/65 16 107/105R Invernale LCamion"
"5420068633814","B09RMSQ3NM","IMPERIAL","215/65/16","IMPERIAL 215/65 16 109/107R Invernale LCamion"
"5420068633821","B09R7481RW","IMPERIAL","225/65/16","IMPERIAL 225/65 16 112/110R Invernale LCamion"
"5420068633838","B09RM8GTQN","IMPERIAL","235/65/16","IMPERIAL 235/65 16 115/113R Invernale LCamion"
"5420068633845","B09R74YPL9","IMPERIAL","215/60/16","IMPERIAL 215/60 16 103/101R Invernale LCamion"
"5420068633890","B09RMQNHFK","IMPERIAL","225/75/16","IMPERIAL 225/75 16 121/120R Invernale LCamion"
"5420068633944","B09RMHSHHV","IMPERIAL","205/65/15","IMPERIAL 205/65 15 102/100T Invernale LCamion"
"5420068633968","B09RN3J77K","IMPERIAL","215/60/17","IMPERIAL 215/60 17 109/107T Invernale LCamion"
"5420068633982","B09SH3Y1LN","IMPERIAL","155/60/15","IMPERIAL 155/60 R15 74T 4 Stagioni Auto"
"5420068633999","B09TSFJ3G6","IMPERIAL","185/55/16","IMPERIAL 185/55 R16 87V 4 Stagioni XL Auto"
"5420068634026","B09TGLBWML","IMPERIAL","235/50/19","IMPERIAL 235/50 R19 103W 4 Stagioni XL Auto"
"5420068634033","B09SLF6P8W","IMPERIAL","235/45/19","IMPERIAL 235/45 R19 99Y 4 Stagioni XL Auto"
"5420068634040","B09SH4G16R","IMPERIAL","215/40/18","IMPERIAL 215/40 R18 89Y 4 Stagioni XL Auto"
"5420068634057","B09T5TCNRG","IMPERIAL","255/40/19","IMPERIAL 255/40 R19 100Y 4 Stagioni XL Auto"
"5420068634071","B09TSGKV92","IMPERIAL","245/35/19","IMPERIAL 245/35 R19 93Y 4 Stagioni XL Auto"
"5420068634088","B09T5YFW1R","IMPERIAL","275/35/19","IMPERIAL 275/35 R19 100Y 4 Stagioni XL Auto"
"5420068634095","B0BSZP19YB","IMPERIAL","255/35/20","IMPERIAL 255/35 R20 97Y 4 Stagioni XL Auto"
"5420068634101","B09TSCGJVT","IMPERIAL","255/30/19","IMPERIAL 255/30 R19 91Y 4 Stagioni XL Auto"
"5420068634118","B0C2M424D5","IMPERIAL","255/45/20","IMPERIAL 255/45 R20 105W 4 Stagioni XL Auto"
"5420068634125","B09TSH5HQJ","IMPERIAL","275/40/20","IMPERIAL 275/40 R20 106Y 4 Stagioni XL Auto"
"5420068634132","B09T5WR7PG","IMPERIAL","245/50/18","IMPERIAL 245/50 18 104V Invernale XL Auto"
"5420068634149","B09RMPGD43","IMPERIAL","205/40/18","IMPERIAL 205/40 18 86V Invernale XL Auto"
"5420068634156","B09RMBDF7M","IMPERIAL","235/35/20","IMPERIAL 235/35 20 92W Invernale XL Auto"
"5420068634163","B0CDLK19ZN","IMPERIAL","275/35/20","IMPERIAL 275/35 20 102V Invernale XL Auto"
"5420068634170","B09T5XMT5B","IMPERIAL","255/30/19","GOMME PNEUMATICI SNOWDRAGON UHP XL 255/30 R19 91V IMPERIAL"
"5420068634187","B0CFW1JLVN","IMPERIAL","265/45/21","IMPERIAL 265/45 R21 108V Invernale XL Auto"
"5420068634194","B09RMHTV8D","IMPERIAL","195/75/16","IMPERIAL 195/75 16 110/108R Invernale LCamion"
"5420068634217","B0BSZPMH8B","IMPERIAL","175/65/14","IMPERIAL 175/65 14 90/88T 4 Stagioni LCamion"
"5420068634231","B0C7ZZRL6Y","IMPERIAL","175/80/14","IMPERIAL 175/80 R14 88H Estivo Auto"
"5420068634248","B0C6QSD2D3","IMPERIAL","175/65/15","IMPERIAL 175/65 R15 84T Estivo Auto"
"5420068634293","B09WZRR815","IMPERIAL","185/75/16","IMPERIAL 185/75 R16 104/102S Estivo LCamion"
"5420068634309","B09TSFPSSL","IMPERIAL","195/75/16","IMPERIAL 195/75 R16 107/105S Estivo LCamion"
"5420068634316","B09TSDNHLM","IMPERIAL","195/75/16","GOMME PNEUMATICI IMPERIAL 195/75 R16 110/108R ECOVAN 3 RF19"
"5420068634323","B09TSG9F77","IMPERIAL","205/75/16","GOMME PNEUMATICI ECOVAN 3 RF19 205/75 R16 110/108S IMPERIAL"
"5420068634347","B09TSFWTBP","IMPERIAL","215/75/16","IMPERIAL 215/75 R16 113/111S Estivo LCamion"
"5420068634361","B09TSFYC44","IMPERIAL","195/70/15","IMPERIAL 195/70 R15 104/102S Estivo LCamion"
"5420068634385","B09TSF6PLJ","IMPERIAL","215/70/15","IMPERIAL 215/70 R15 109/107S Estivo LCamion"
"5420068634392","B09TSDFVNG","IMPERIAL","225/70/15","IMPERIAL 225/70 R15 112/110S Estivo LCamion"
"5420068634408","B09TSF5Y5V","IMPERIAL","195/65/16","IMPERIAL 195/65 R16 104/102T Estivo LCamion"
"5420068634415","B09TSFNZ37","IMPERIAL","205/65/16","IMPERIAL 205/65 R16 107/105T Estivo LCamion"
"5420068634439","B09TSDFVNK","IMPERIAL","225/65/16","IMPERIAL 225/65 R16 112/110T Estivo LCamion"
"5420068634446","B09TSDST67","IMPERIAL","235/65/16","IMPERIAL 235/65 R16 115/113T Estivo LCamion"
"5420068634453","B09TSG2DD7","IMPERIAL","235/65/16","IMPERIAL 235/65 R16 121/119R Estivo LCamion"
"5420068634460","B09TSDNVLN","IMPERIAL","195/60/16","IMPERIAL 195/60 R16 99/97H Estivo LCamion"
"5420068634484","B09TSDZ4HM","IMPERIAL","215/60/17","IMPERIAL 215/60 R17 109/107T Estivo LCamion"
"5420068634521","B0C812V3DR","IMPERIAL","185/75/16","IMPERIAL 185/75 R16 104/102R Invernale LCamion"
"5420068634538","B0BSZB6V4M","IMPERIAL","175/70/14","IMPERIAL 175/70 R14 95/93T Invernale LCamion"
"5420068634545","B0BSZPRS6H","IMPERIAL","205/70/15","GOMME PNEUMATICI IMPERIAL 205/70 R15 106104R SNOWDRAGON VAN"
"5420068634552","B0BSZSL6WP","IMPERIAL","225/70/15","IMPERIAL 225/70 R15 112/110R Invernale LCamion"
"5420068634569","B0BSZR3NLC","IMPERIAL","175/65/14","IMPERIAL 175/65 R14 90/88T Invernale LCamion"
"5420068634576","B0CCW8HKLW","IMPERIAL","195/60/16","IMPERIAL 195/60 R16 99/97T Invernale LCamion"
"5420068634583","B0BSZVCTQS","IMPERIAL","215/50/19","IMPERIAL 215/50 R19 93T 4 Stagioni XL Auto"
"5420068634590","B0BSZ9N99H","IMPERIAL","235/45/20","IMPERIAL 235/45 R20 100W 4 Stagioni XL Auto"
"5420068634606","B0BSZMY4K8","IMPERIAL","245/45/20","GOMME PNEUMATICI IMPERIAL 245/45-20 103V ALL SEASON DRIVER XL"
"5420068634613","B0BSZHRWZM","IMPERIAL","205/40/18","IMPERIAL 205/40 R18 86Y 4 Stagioni XL Auto"
"5420068634620","B0C7TXKFN4","IMPERIAL","235/35/20","IMPERIAL 235/35 R20 92Y 4 Stagioni XL Auto"
"5420068634651","B0C28XW4HQ","IMPERIAL","225/60/18","IMPERIAL 225/60 R18 104V 4 Stagioni XL Auto"
"5420068634668","B0C28WQVP1","IMPERIAL","235/50/20","IMPERIAL 235/50 R20 104W 4 Stagioni XL Auto"
"5420068634675","B0BSXV9DPF","IMPERIAL","235/45/20","IMPERIAL 235/45 R20 100V Invernale XL Auto"
"5420068634699","B0BSY6X62T","IMPERIAL","235/50/20","IMPERIAL 235/50 R20 104V Invernale XL Auto"
"5420068634705","B0BSYDJ5C5","IMPERIAL","255/40/21","IMPERIAL 255/40 R21 102V Invernale XL Auto"
"5420068634712","B0BSYCPP5L","IMPERIAL","205/55/19","IMPERIAL 205/55 R19 97W Estivo XL Auto"
"5420068634729","B0C814TWRD","IMPERIAL","205/50/15","IMPERIAL 205/50 R15 89V Estivo XL Auto"
"5420068634736","B0BSXX7VST","IMPERIAL","215/50/18","IMPERIAL 215/50 R18 92W Estivo Auto"
"5420068634767","B0BSXW9D2M","IMPERIAL","205/40/18","IMPERIAL 205/40 R18 86Y Estivo XL Auto"
"5420068634774","B0BSYKJG69","IMPERIAL","235/35/20","IMPERIAL 235/35 R20 92Y Estivo XL Auto"
"5420068634781","B0BSY8FGV3","IMPERIAL","285/35/20","IMPERIAL 285/35 R20 104Y Estivo XL Auto"
"5420068634798","B0C74FBPMT","IMPERIAL","265/30/20","IMPERIAL 265/30 R20 94Y Estivo XL Auto"
"5420068634804","B0BSYCRDT9","IMPERIAL","215/65/17","IMPERIAL 215/65 R17 103V Estivo XL Auto"
"5420068634811","B0BSZV4VKW","IMPERIAL","265/45/21","IMPERIAL 265/45 R21 108Y Estivo XL Auto"
"5420068634842","B0BSZZH7WM","IMPERIAL","295/40/20","Pneumatici 295/40 r20 110Y XL Imperial ECO SPORT SUV Gomme estive nuove"
"5420068634859","B0FP5NYY8G","IMPERIAL","245/40/21","IMPERIAL 245/40 R21 100Y Estivo XL Auto"
"5420068634897","B0BSZSLTBW","IMPERIAL","275/40/22","IMPERIAL 275/40 R22 108Y Estivo XL Auto"
"5420068634972","B0BSZMQQ64","IMPERIAL","215/65/16","IMPERIAL 215/65 R16 102V 4 Stagioni XL Auto"
"5420068634989","B0C5932DRM","IMPERIAL","185/55/15","IMPERIAL 185/55 R15 86V 4 Stagioni XL Auto"
"5420068635023","B0C28DP7PD","IMPERIAL","215/60/17","Pneumatici 215/60 r17 96V 3PMSF Imperial AS Driver Gomme 4 stagioni nuove"
"5420068635030","B0BSZVM6KT","IMPERIAL","215/65/16","Pneumatici 215/65 r16 102V XL Imperial ECODRIVER 5 Gomme estive nuove"
"5420068635054","B0C94M3J4R","IMPERIAL","225/55/17","GOMME PNEUMATICI IMPERIAL 225/55 R17 109/107H ECOVAN 3 RF19"
"5420068635061","B0CTKSGZ2S","IMPERIAL","205/65/16","IMPERIAL 205/65 R16 99H Invernale XL Auto"
"5420068635078","B0CRTRPJSW","IMPERIAL","145/60/13","Pneumatici 145/60 r13 66T M+S 3PMSF IMPERIAL SNOWDRAGON HP Gomma invernale nuova"
"5420068635092","B0DFFK29MM","IMPERIAL","205/55/17","GOMME PNEUMATICI IMPERIAL 205/55 R17 95V SNOWDRAGON UHP XL"
"5420068635108","B0CTKR4M23","IMPERIAL","235/55/17","IMPERIAL 235/55 R17 103V Invernale XL Auto"
"5420068635115","B0CTKQMC38","IMPERIAL","205/45/17","IMPERIAL 205/45 R17 88V Invernale XL Auto"
"5420068635122","B0CQ3STQJH","IMPERIAL","225/45/17","IMPERIAL 225/45 R17 91V Invernale Auto"
"5420068635146","B0CTKR54K2","IMPERIAL","185/65/15","IMPERIAL 185/65 R15 97/95S Invernale LCamion"
"5420068635153","B0DFFD1YB9","IMPERIAL","215/65/15","IMPERIAL 215/65 R15 104/102T Invernale LCamion"
"5420068635177","B0CTKQ34B3","IMPERIAL","235/55/20","GOMME PNEUMATICI IMPERIAL 235/55 R20 105V SNOWDRAGON UHP XL"
"5420068635207","B0CRTPNYBP","IMPERIAL","245/35/20","IMPERIAL 245/35 R20 95W 4 Stagioni XL Auto"
"5420068635214","B0CTKRZYG2","IMPERIAL","225/55/17","IMPERIAL 225/55 R17 97W 4 Stagioni Auto"
"5420068636983","B0G2MTXLD2","FORTUNA","235/50/18","FORTUNA 235/50 R18 101W 4 Stagioni Auto"
"5420068636990","B0G2MTY4RP","FORTUNA","215/45/18","FORTUNA 215/45 R18 93W 4 Stagioni Auto"
"5420068637003","B0G2MVVF2D","FORTUNA","205/40/18","FORTUNA 205/40 R18 86W 4 Stagioni Auto"
"5420068637010","B0G2MWMDCX","FORTUNA","215/40/18","FORTUNA 215/40 R18 89W 4 Stagioni Auto"
"5420068637027","B0G2MWZRZJ","FORTUNA","205/55/19","FORTUNA 205/55 R19 97W 4 Stagioni Auto"
"5420068637034","B0G2MWQ8XF","FORTUNA","275/35/19","FORTUNA 275/35 R19 100W 4 Stagioni Auto"
"5420068637058","B0G3LPX6FG","FORTUNA","235/50/20","FORTUNA 235/50 R20 104W 4 Stagioni Fuoristrada"
"5420068637072","B0G2MRY64J","FORTUNA","245/45/20","FORTUNA 245/45 R20 103W 4 Stagioni Auto"
"5420068637089","B0G2MVKT7Y","FORTUNA","245/40/20","FORTUNA 245/40 R20 99W 4 Stagioni Auto"
"5420068637096","B0G3LT59BP","FORTUNA","255/40/20","FORTUNA 255/40 R20 101W 4 Stagioni Auto"
"5420068637102","B0G2MVMGJ9","FORTUNA","275/40/20","FORTUNA 275/40 R20 106W 4 Stagioni Fuoristrada"
"5420068637119","B0G2MV69XX","FORTUNA","235/35/20","FORTUNA 235/35 R20 92W 4 Stagioni Auto"
"5420068637126","B0G2MWRXHY","FORTUNA","245/35/20","FORTUNA 245/35 R20 95W 4 Stagioni Auto"
"5420068637133","B0G2MT4M3P","FORTUNA","235/45/21","FORTUNA 235/45 R21 101W 4 Stagioni Auto"
"5420068637140","B0G2MTPH3J","FORTUNA","255/40/21","FORTUNA 255/40 R21 102W 4 Stagioni Auto"
"5420068637157","B0G3LW8WH6","FORTUNA","275/35/20","FORTUNA 275/35 R20 102W 4 Stagioni Auto"
"5420068637164","B0G3LTW966","FORTUNA","205/65/15","FORTUNA 205/65 R15 102/100T 4 Stagioni LCamion"
"5420068637188","B0G2MTTKBK","FORTUNA","195/55/20","FORTUNA 195/55 R20 95H Estivo Auto"
"5420068637232","B0H23WHCBK","SUPERIA","215/65/15","SUPERIA 215/65 R15 96H 4 Stagioni Auto"
"5420068637263","B0G2MXQXQB","SUPERIA","215/70/16","SUPERIA 215/70 R16 100H 4 Stagioni Auto"
"5420068637300","B0FZLGSRF1","SUPERIA","195/60/18","SUPERIA 195/60 R18 96H 4 Stagioni XL Auto"
"5420068637331","B0G2MX7GHY","SUPERIA","205/40/18","SUPERIA 205/40 R18 86W 4 Stagioni XL Auto"
"5420068637386","B0GR14H48V","SUPERIA","235/50/20","SUPERIA 235/50 R20 104W 4 Stagioni XL Auto"
"5420068637409","B0GR14F35M","SUPERIA","245/45/20","SUPERIA 245/45 R20 103W 4 Stagioni XL Auto"
"5420068637416","B0GL96D1X6","SUPERIA","245/40/20","SUPERIA 245/40 R20 99W 4 Stagioni XL Auto"
"5420068637447","B0GDXWN5QR","SUPERIA","235/35/20","SUPERIA 235/35 R20 92W 4 Stagioni XL Auto"
"5420068637454","B0GLDCBT8B","SUPERIA","245/35/20","SUPERIA 245/35 R20 95W 4 Stagioni XL Auto"
"5420068637461","B0GR14BHGB","SUPERIA","235/45/21","SUPERIA 235/45 R21 101W 4 Stagioni XL Auto"
"5420068637478","B0FZL9FXT5","SUPERIA","255/40/21","SUPERIA 255/40 R21 102W 4 Stagioni XL Auto"
"5420068637485","B0F9F6LJWK","SUPERIA","275/35/20","Pneumatici SUPERIA ECOBLUE2 4S 275/35 R20 102W - 4 Stagioni 5420068637485"
"5420068637492","B0F741KX7W","SUPERIA","205/65/15","Pneumatici SUPERIA ECOBLUE2 VAN 4S 205/65 R15 102/100T - 4 Stagioni 5420068637492"
"5420068637515","B0F6KSSP3K","SUPERIA","195/55/20","SUPERIA 195/55 R20 95H Estivo XL Fuoristrada"
"5420068637539","B0G2MXDGDB","SUPERIA","235/45/18","SUPERIA 235/45 R18 98Y Estivo XL Auto"
"5420068637584","B0FZLBJV78","SUPERIA","255/40/21","SUPERIA 255/40 R21 102Y Estivo XL Auto"
"5420068637591","B0H243LLJN","SUPERIA","235/35/20","SUPERIA 235/35 R20 92Y Estivo XL Auto"
"5420068637607","B0H8KFLR5P","SUPERIA","255/35/21","Superia XL ECOBLUE EV 255/35 R21 98Y Pneumatico Estivo Auto"
"5420068637621","B0G3LNDFYB","FORTUNA","255/45/19","FORTUNA 255/45 R19 104Y Estivo XL Fuoristrada"
"5420068637645","B0G3LQCZXS","FORTUNA","235/35/20","FORTUNA 235/35 R20 92Y Estivo XL Auto"
"5420068637652","B0G2MXVKSN","FORTUNA","245/45/19","FORTUNA 245/45 R19 102Y Estivo XL Auto"
"5420068637683","B0F68K1WNB","ATLAS","235/45/18","Pneumatici ATLAS GREEN EV 235/45 R18 98Y - Estate 5420068637683"
"5420068637690","B0G2MTC5SH","ATLAS","235/35/20","ATLAS 235/35 R20 92Y Estivo XL Auto"
"5420068637706","B0GL9S8Q1C","ATLAS","245/45/19","ATLAS 245/45 R19 102Y Estivo XL Auto"
"5420068637713","B0G2MTS6YG","ATLAS","255/40/21","ATLAS 255/40 R21 102Y Estivo XL Auto"
"5420068638192","B0F6955141","ATLAS","215/50/17","Pneumatici ATLAS POLARBEAR UHP 215/50 R17 95V - Inverno 5420068638192"
"5420068638208","B0FP5KWC5Q","ATLAS","225/50/17","ATLAS 225/50 R17 98V Invernale XL Auto"
"5420068638222","B0FZVH4KK4","ATLAS","215/45/16","ATLAS 215/45 R16 90V Invernale XL Auto"
"5420068638239","B0FP5LC7VG","ATLAS","205/45/17","ATLAS 205/45 R17 88V Invernale XL Auto"
"5420068638246","B0FP5CVHHQ","ATLAS","225/45/17","ATLAS 225/45 R17 94V Invernale XL Auto"
"5420068638253","B0FP5K1YKL","ATLAS","235/45/17","ATLAS 235/45 R17 97V Invernale XL Auto"
"5420068638260","B0G2MSK7Z4","ATLAS","245/45/17","ATLAS 245/45 R17 99V Invernale XL Auto"
"5420068638277","B0FP5KR31Y","ATLAS","225/45/18","ATLAS 225/45 R18 95V Invernale XL Auto"
"5420068638291","B0G2MLSV1K","ATLAS","235/45/18","ATLAS 235/45 R18 98V Invernale XL Auto"
"5420068638314","B0F68JWVBX","ATLAS","215/40/17","Pneumatici ATLAS POLARBEAR UHP2 215/40 R17 87V - Inverno 5420068638314"
"5420068638321","B0F68PJV65","ATLAS","225/40/18","Pneumatici ATLAS POLARBEAR UHP 225/40 R18 92V - Inverno 5420068638321"
"5420068638338","B0FP5MDCBD","ATLAS","235/40/18","ATLAS 235/40 R18 95V Invernale XL Auto"
"5420068638345","B0FP5NVW4H","ATLAS","245/40/18","ATLAS 245/40 R18 97V Invernale XL Auto"
"5420068638352","B0FP5J4FTQ","ATLAS","245/40/19","ATLAS 245/40 R19 98V Invernale XL Auto"
"5420068638369","B0F694YRP5","ATLAS","235/35/19","Atlas XL POLARBEAR UHP2 235/35 R19 91V Pneumatico Invernale Auto"
"5420068638376","B0G2MMYN2S","ATLAS","195/75/16","ATLAS 195/75 R16 107/105R Invernale LCamion"
"5420068638383","B0GDX4JDVS","ATLAS","205/75/16","ATLAS 205/75 R16 110/108R Invernale LCamion"
"5420068638390","B0F67RLDJC","ATLAS","195/70/15","Pneumatici ATLAS POLARBEAR VAN2 195/70 R15 104R - Inverno 5420068638390"
"5420068638406","B0F6955WJC","ATLAS","215/70/15","Pneumatico ATLAS P-VAN2 215/70 R15 109/107R"
"5420068638413","B0F68KN8D9","ATLAS","195/65/16","Atlas 104T 8PR POLARBEAR VAN2 195/65 R16 104T Pneumatico Invernale Auto"
"5420068638420","B0G3LFPV5P","ATLAS","205/65/16","ATLAS 205/65 R16 107/105R Invernale LCamion"
"5420068638437","B0G2MKJYBC","ATLAS","215/65/16","ATLAS 215/65 R16 109/107R Invernale LCamion"
"5420068638444","B0G2TZCKT3","ATLAS","225/65/16","ATLAS 225/65 R16 112/110R Invernale LCamion"
"5420068638451","B0G2V1LRFX","ATLAS","235/65/16","ATLAS 235/65 R16 115/113R Invernale LCamion"
"5420068638468","B0G2MQKF9N","ATLAS","235/65/16","ATLAS 235/65 R16 121/119R Invernale LCamion"
"5420068638475","B0G2MWGCR2","ATLAS","215/60/17","ATLAS 215/60 R17 109/107T Invernale LCamion"
"5420068638482","B0FP5N2RKD","ATLAS","235/55/18","ATLAS 235/55 R18 100V Invernale Auto"
"5420068638499","B0FP5L9YBQ","ATLAS","235/65/17","ATLAS 235/65 R17 108V Invernale XL Fuoristrada"
"5420068638505","B0FP5J8WBZ","ATLAS","225/55/18","ATLAS 225/55 R18 98V Invernale Fuoristrada"
"5420068638512","B0FP5KMXZR","ATLAS","225/55/19","ATLAS 225/55 R19 99V Invernale Fuoristrada"
"5420068638536","B0FP5LBYT3","ATLAS","235/40/19","ATLAS 235/40 R19 96V Invernale XL Auto"
"5420068638543","B0FP5HMMNP","ATLAS","255/45/19","ATLAS 255/45 R19 104V Invernale XL Fuoristrada"
"5420068638550","B0FP5GHZBK","ATLAS","255/40/20","ATLAS 255/40 R20 101V Invernale XL Auto"
"5420068638567","B0FP5NTKF3","ATLAS","245/50/19","ATLAS 245/50 R19 105V Invernale XL Fuoristrada"
"5420068638574","B0FP5J35DJ","ATLAS","235/35/20","ATLAS 235/35 R20 92V Invernale XL Auto"
"5420068638581","B0FP5L71QM","ATLAS","255/45/20","ATLAS 255/45 R20 105V Invernale XL Fuoristrada"
"5420068638598","B0FP5KTDLW","ATLAS","275/45/20","ATLAS 275/45 R20 110V Invernale XL Fuoristrada"
"5420068638604","B0FP5N7XWW","ATLAS","265/45/21","ATLAS 265/45 R21 108V Invernale XL Fuoristrada"
"5420068638611","B0FP5KM968","ATLAS","235/50/20","ATLAS 235/50 R20 104V Invernale XL Auto"
"5420068638628","B0FP5MW8DC","ATLAS","245/40/20","ATLAS 245/40 R20 99V Invernale XL Auto"
"5420068638635","B0FP5MZFRF","ATLAS","245/45/20","ATLAS 245/45 R20 103V Invernale XL Fuoristrada"
"5420068638642","B0G2MKRVMD","ATLAS","235/50/19","ATLAS 235/50 R19 103V Invernale XL Fuoristrada"
"5420068638659","B0FP5KPXBR","ATLAS","195/60/16","ATLAS 195/60 R16 89V Invernale Auto"
"5420068638666","B0G2MWYSPB","ATLAS","235/45/19","ATLAS 235/45 R19 99V Invernale XL Auto"
"5420068638673","B0FP5KJSQX","ATLAS","225/35/19","ATLAS 225/35 R19 88V Invernale XL Auto"
"5420068638680","B0G2TY4R4H","ATLAS","245/35/19","ATLAS 245/35 R19 93V Invernale XL Auto"
"5420068638697","B0FP5K52K1","ATLAS","255/35/19","ATLAS 255/35 R19 96V Invernale XL Auto"
"5420068638703","B0FP5PHTZ6","ATLAS","295/35/21","ATLAS 295/35 R21 107V Invernale XL Fuoristrada"
"5420068638710","B0FP5N6M8G","ATLAS","195/55/16","ATLAS 195/55 R16 91V Invernale XL Auto"
"5420068638727","B0FP5J287L","ATLAS","225/50/17","ATLAS 225/50 R17 94V Invernale Auto"
"5420068638734","B0FP5GYVFB","ATLAS","225/45/17","ATLAS 225/45 R17 91V Invernale Auto"
"5420068638802","B0DJCKGFVW","SUPERIA","245/40/18","SUPERIA 245/40 R18 97V Invernale XL Auto"
"5420068638819","B0DCVF45QJ","SUPERIA","245/40/19","SUPERIA 245/40 R19 98V Invernale XL Auto"
"5420068638826","B0DJYPD13W","SUPERIA","235/35/19","SUPERIA 235/35 R19 91V Invernale XL Auto"
"5420068638857","B0DJDVLJ9Y","SUPERIA","195/70/15","SUPERIA 195/70 R15 104/102R Invernale LCamion"
"5420068638864","B0DJCJZPPN","SUPERIA","215/70/15","SUPERIA 215/70 R15 109/107R Invernale LCamion"
"5420068638871","B0DJCJ5YT1","SUPERIA","195/65/16","SUPERIA 195/65 R16 104/102T Invernale LCamion"
"5420068638888","B0DCVH4FWJ","SUPERIA","205/65/16","SUPERIA 205/65 R16 107/105R Invernale LCamion"
"5420068638895","B0DCVCS9ZV","SUPERIA","215/65/16","SUPERIA 215/65 R16 109/107R Invernale LCamion"
"5420068638918","B0DCVFSZLJ","SUPERIA","235/65/16","SUPERIA 235/65 R16 115/113R Invernale LCamion"
"5420068638925","B0DJG5114B","SUPERIA","235/65/16","SUPERIA 235/65 R16 121/119R Invernale LCamion"
"5420068638932","B0DCVH9CJ4","SUPERIA","215/60/17","SUPERIA 215/60 R17 109/107T Invernale LCamion"
"5420068638949","B0DJCKQCGP","SUPERIA","235/55/18","SUPERIA 235/55 R18 100V Invernale Fuoristrada"
"5420068638956","B0DCVGNC38","SUPERIA","235/65/17","SUPERIA 235/65 R17 108V Invernale XL Fuoristrada"
"5420068638970","B0DL3JX6K3","SUPERIA","225/55/19","SUPERIA 225/55 R19 99V Invernale Fuoristrada"
"5420068638987","B0DK9FTZG7","SUPERIA","275/40/20","SUPERIA 275/40 R20 106W Invernale XL Fuoristrada"
"5420068639014","B0DJDVJ7RR","SUPERIA","255/45/19","SUPERIA 255/45 R19 104V Invernale XL Auto"
"5420068639021","B0DD551HMT","SUPERIA","255/40/20","SUPERIA 255/40 R20 101V Invernale XL Auto"
"5420068639038","B0DCVGL8MJ","SUPERIA","245/50/19","SUPERIA 245/50 R19 105V Invernale XL Fuoristrada"
"5420068639045","B0DCVHVXG4","SUPERIA","235/35/20","SUPERIA 235/35 R20 92V Invernale XL Auto"
"5420068639052","B0DD5GB5D6","SUPERIA","255/45/20","SUPERIA 255/45 R20 105V Invernale XL Fuoristrada"
"5420068639069","B0DCVJZ4LD","SUPERIA","275/45/20","SUPERIA 275/45 R20 110V Invernale XL Fuoristrada"
"5420068639076","B0DCVF9BQX","SUPERIA","265/45/21","SUPERIA 265/45 R21 108V Invernale XL Fuoristrada"
"5420068639090","B0FS7PJ4JK","SUPERIA","245/40/20","SUPERIA 245/40 R20 99V Invernale XL Auto"
"5420068639106","B0DJCGF81M","SUPERIA","245/45/20","SUPERIA 245/45 R20 103V Invernale XL Auto"
"5420068639113","B0DD54Z5B3","SUPERIA","235/50/19","SUPERIA 235/50 R19 103V Invernale XL Fuoristrada"
"5420068639120","B0DJCL1QB1","SUPERIA","195/60/16","SUPERIA 195/60 R16 89V Invernale Auto"
"5420068639137","B0DJCK97PX","SUPERIA","235/45/19","SUPERIA 235/45 R19 99V Invernale XL Auto"
"5420068639144","B0DJCKK4QP","SUPERIA","225/35/19","SUPERIA 225/35 R19 88V Invernale XL Auto"
"5420068639151","B0DD5G6H6B","SUPERIA","245/35/19","SUPERIA 245/35 R19 93V Invernale XL Auto"
"5420068639168","B0DCVGCP51","SUPERIA","255/35/19","SUPERIA 255/35 R19 96V Invernale XL Auto"
"5420068639175","B0DCVJR8RV","SUPERIA","295/35/21","SUPERIA 295/35 R21 107V Invernale XL Fuoristrada"
"5420068639182","B0DK9FJZ19","SUPERIA","195/55/16","SUPERIA 195/55 R16 91V Invernale XL Auto"
"5420068639199","B0DJG3FJ1M","SUPERIA","205/55/16","SUPERIA 205/55 R16 94H Invernale XL Auto"
"5420068639205","B0DJCGS8KC","SUPERIA","215/55/17","SUPERIA 215/55 R17 98V Invernale XL Auto"
"5420068639212","B0DJDTQ4V3","SUPERIA","225/50/17","SUPERIA 225/50 R17 94V Invernale Auto"
"5420068639229","B0DCVHPPLW","SUPERIA","225/45/17","SUPERIA 225/45 R17 91V Invernale Auto"
"5420068639236","B0FG1YNZPJ","FORTUNA","205/55/16","Fortuna GOWIN UHP 205/55 R16 91H Pneumatico Invernale Auto"
"5420068639243","B0F68JWM86","FORTUNA","205/55/16","Pneumatici FORTUNA GOWIN UHP 205/55 R16 91V - Inverno 5420068639243"
"5420068639267","B0F695MPGW","FORTUNA","215/55/16","Pneumatici FORTUNA GOWIN UHP 215/55 R16 97H - Inverno 5420068639267"
"5420068639274","B0DCVJ1Z5M","FORTUNA","225/55/16","Pneumatico Fortuna GO-Uhp 225/55 R16 99 H xl"
"5420068639281","B0FCDSZH9V","FORTUNA","205/55/17","Fortuna XL GOWIN UHP 205/55 R17 95V Pneumatico Invernale Auto"
"5420068639298","B0FHJSY81Y","FORTUNA","215/55/17","Fortuna XL GOWIN UHP 215/55 R17 98H Pneumatico Invernale Auto"
"5420068639304","B0FG1YYW2Q","FORTUNA","225/55/17","Fortuna 101V XL GOWIN UHP 225/55 R17 101V Pneumatico Invernale Auto"
"5420068639328","B0FG1XLDXW","FORTUNA","205/50/16","FORTUNA 205/50 R16 91V Invernale XL Auto"
"5420068639342","B0F89RBVKX","FORTUNA","215/50/17","Fortuna XL GOWIN UHP 215/50 R17 95V Pneumatico Invernale Auto"
"5420068639359","B0FK488Y1D","FORTUNA","225/50/17","Fortuna XL GOWIN UHP 225/50 R17 98V Pneumatico Invernale Auto"
"5420068639373","B0FJ7S49RF","FORTUNA","215/45/16","FORTUNA 215/45 R16 90V Invernale XL Auto"
"5420068639380","B0FJSF45RQ","FORTUNA","205/45/17","FORTUNA 205/45 R17 88V Invernale XL Auto"
"5420068639397","B0DCVFQ3X3","FORTUNA","225/45/17","Pneumatico FORTUNA GO-UHP 225/45 R17 94 V XL"
"5420068639403","B0F68T9VLD","FORTUNA","235/45/17","Pneumatici FORTUNA GOWIN UHP 235/45 R17 97V - Inverno 5420068639403"
"5420068639427","B0FK45DVCM","FORTUNA","225/45/18","FORTUNA 225/45 R18 95V Invernale XL Auto"
"5420068639441","B0DCVFRKN4","FORTUNA","235/45/18","FORTUNA 235/45 R18 98V Invernale XL Auto"
"5420068639472","B0DCVHF9L3","FORTUNA","225/40/18","Pneumatico Fortuna GO-Uhp 225/40 R18 92 V xl"
"5420068639489","B0FQSVV9TN","FORTUNA","235/40/18","FORTUNA 235/40 R18 95V Invernale XL Auto"
"5420068639502","B0FDZZKQ6W","FORTUNA","245/40/19","FORTUNA 245/40 R19 98V Invernale XL Auto"
"5420068639519","B0FHGGZB5P","FORTUNA","235/35/19","FORTUNA 235/35 R19 91V Invernale XL Auto"
"5420068639526","B0F933T5BR","FORTUNA","195/75/16","FORTUNA 195/75 R16 107/105R Invernale LCamion"
"5420068639557","B0F89PG4YZ","FORTUNA","215/70/15","FORTUNA 215/70 R15 109/107R Invernale LCamion"
"5420068639564","B0DD576T34","FORTUNA","195/65/16","FORTUNA 195/65 R16 104/102T Invernale LCamion"
"5420068639588","B0DCVF38FW","FORTUNA","215/65/16","GOMME PNEUMATICI FORTUNA 215/65 R16 109R GOWIN VAN"
"5420068639601","B0DCVHGYWT","FORTUNA","235/65/16","Pneumatico FORTUNA GO-VAN 235/65 R16 115/113R"
"5420068639618","B0DD57ZGDW","FORTUNA","235/65/16","FORTUNA 235/65 R16 121/119R Invernale LCamion"
"5420068639625","B0DCVHYJRZ","FORTUNA","215/60/17","FORTUNA 215/60 R17 109/107T Invernale LCamion"
"5420068639632","B0FQMNF93R","FORTUNA","235/55/18","FORTUNA 235/55 R18 100V Invernale Auto"
"5420068639649","B0FFGCPWJP","FORTUNA","235/65/17","FORTUNA 235/65 R17 108V Invernale XL Fuoristrada"
"5420068639656","B0DCVFPLMY","FORTUNA","225/55/18","Fortuna WINTER SUV2 225/55 R18 98V Pneumatico Invernale Auto"
"5420068639663","B0FJQ7GZSH","FORTUNA","225/55/19","Fortuna WINTER SUV2 225/55 R19 99V Pneumatico Invernale Auto"
"5420068639670","B0FCDSSHQQ","FORTUNA","275/40/20","FORTUNA 275/40 R20 106W Invernale XL Fuoristrada"
"5420068639687","B0F68K2BBL","FORTUNA","195/75/16","Pneumatici FORTUNA GOWIN VAN 195/75 R16 110/108S - Inverno 5420068639687"
"5420068639694","B0FPXSRXTY","FORTUNA","235/40/19","FORTUNA 235/40 R19 96V Invernale XL Auto"
"5420068639700","B0FDF4V77M","FORTUNA","255/45/19","FORTUNA 255/45 R19 104V Invernale XL Auto"
"5420068639717","B0DD4ZH2FC","FORTUNA","255/40/20","FORTUNA 255/40 R20 101V Invernale XL Auto"
"5420068639724","B0FG1Z3MTT","FORTUNA","245/50/19","FORTUNA 245/50 R19 105V Invernale XL Fuoristrada"
"5420068639731","B0FFMHKFPV","FORTUNA","235/35/20","FORTUNA 235/35 R20 92V Invernale XL Auto"
"5420068639748","B0DCVF38FV","FORTUNA","255/45/20","Pneumatico FORTUNA G-UHP3 255/45 R20 105V XL"
"5420068639755","B0DCVKJJ7B","FORTUNA","275/45/20","FORTUNA Pneumatici invernali 275/45 R 20 XL TL 110V GOWIN UHP3 BSW M+S 3PMSF"
"5420068639762","B0FD81ZJNK","FORTUNA","265/45/21","FORTUNA 265/45 R21 108V Invernale XL Fuoristrada"
"5420068639779","B0DD4TVN4X","FORTUNA","235/50/20","Fortuna 104V XL GOWIN UHP3 235/50 R20 104V Pneumatico Invernale Auto"
"5420068639786","B0FFCXFPRY","FORTUNA","245/40/20","FORTUNA 245/40 R20 99V Invernale XL Auto"
"5420068639793","B0FF3SM7D2","FORTUNA","245/45/20","FORTUNA 245/45 R20 103V Invernale XL Auto"
"5420068639809","B0DD4XDC2H","FORTUNA","235/50/19","FORTUNA 235/50 R19 103V Invernale XL Auto"
"5420068639816","B0FFXFY5XB","FORTUNA","195/60/16","FORTUNA 195/60 R16 89V Invernale Auto"
"5420068639823","B0FJQNXY4S","FORTUNA","235/45/19","FORTUNA 235/45 R19 99V Invernale XL Auto"
"5420068639847","B0FFRQKTCY","FORTUNA","245/35/19","FORTUNA 245/35 R19 93V Invernale XL Auto"
"5420068639854","B0DCVG64LP","FORTUNA","255/35/19","255/35 R19 invernali/termiche Fortuna 96V GOWIN UHP3 gomme auto"
"5420068639861","B0FFFWRRLT","FORTUNA","295/35/21","FORTUNA 295/35 R21 107V Invernale Fuoristrada"
"5420068639878","B0FHVJRMZT","FORTUNA","195/55/16","Fortuna XL GOWIN UHP 195/55 R16 91V Pneumatico Invernale Auto"
"5420068639885","B0FHGH6XQ9","FORTUNA","225/50/17","FORTUNA 225/50 R17 94V Invernale Auto"
"5420068639892","B0FFFR1KF6","FORTUNA","225/45/17","Pneumatico FORTUNA GO-UHP 225/45 R17 91 V"
"5420068639915","B0F68TY14W","ATLAS","205/55/16","Pneumatici ATLAS POLARBEAR UHP 205/55 R16 91V - Inverno 5420068639915"
"5420068639939","B0F68Q6928","ATLAS","215/55/16","Pneumatici ATLAS POLARBEAR UHP 215/55 R16 97H - Inverno 5420068639939"
"5420068639946","B0FP5JVSL2","ATLAS","225/55/16","ATLAS 225/55 R16 99H Invernale XL Auto"
"5420068639953","B0G2MTPKGV","ATLAS","205/55/17","ATLAS 205/55 R17 95V Invernale XL Auto"
"5420068639984","B0FP5NDY9H","ATLAS","235/55/17","ATLAS 235/55 R17 103V Invernale XL Auto"
"5420068639991","B0FP5JH8S8","ATLAS","205/50/16","ATLAS 205/50 R16 91V Invernale XL Auto"
"5420068643189","B01MT9Q9AV","FORTUNA","145/80/13","Fortuna EcoPlus HP - 145/80R13 75T - Pneumatico Estivo"
"5420068643202","B01N27RVYP","FORTUNA","155/80/13","Fortuna EcoPlus HP - 155/80R13 79T - Pneumatico Estivo"
"5420068643233","B01MUBDBC7","FORTUNA","145/70/13","FORTUNA 145/70 R13 71T Estivo Auto"
"5420068643240","B01N27RVYQ","FORTUNA","155/70/13","Fortuna EcoPlus HP - 155/70R13 75T - Pneumatico Estivo"
"5420068643387","B01NCTJL3P","FORTUNA","155/65/14","FORTUNA 155/65 R14 75T Estivo Auto"
"5420068643394","B01MYDMV4T","FORTUNA","165/65/14","Fortuna EcoPlus HP - 165/65R14 79T - Pneumatico Estivo"
"5420068643592","B01N20KETR","FORTUNA","165/60/14","FORTUNA 165/60 R14 75H Estivo Auto"
"5420068643622","B01N6RLBIV","FORTUNA","165/60/15","FORTUNA 165/60 R15 81T Estivo XL Auto"
"5420068643950","B01MYEIK6Z","FORTUNA","235/55/17","Fortuna EcoPlus UHP XL - 235/55R17 103W - Pneumatico Estivo"
"5420068644018","B01NC0Y4K1","FORTUNA","225/50/16","Fortuna EcoPlus UHP - 225/50R16 92W - Pneumatico Estivo"
"5420068644209","B01N4UBV0D","FORTUNA","215/40/17","Fortuna EcoPlus UHP XL - 215/40R17 87W - Pneumatico Estivo"
"5420068644261","B01N5Q084U","FORTUNA","215/35/18","Fortuna EcoPlus UHP XL - 215/35R18 84W - Pneumatico Estivo"
"5420068644278","B01N2320MY","FORTUNA","255/35/18","Fortuna EcoPlus UHP XL - 255/35R18 94W - Pneumatico Estivo"
"5420068644735","B01N3A7KK3","FORTUNA","225/60/17","Fortuna EcoPlus SUV - 225/60R17 99H - Pneumatico Estivo"
"5420068644742","B01N28O2JH","FORTUNA","235/60/17","FORTUNA 235/60 R17 102V Estivo XL Fuoristrada"
"5420068644766","B01NCW1C3G","FORTUNA","215/55/18","Fortuna EcoPlus SUV XL - 215/55R18 99V - Pneumatico Estivo"
"5420068644773","B01N2327Y3","FORTUNA","225/55/18","Fortuna EcoPlus SUV XL - 225/55R18 102V - Pneumatico Estivo"
"5420068644780","B01N179O2O","FORTUNA","235/55/18","Fortuna EcoPlus SUV XL - 235/55R18 104V - Pneumatico Estivo"
"5420068644858","B01N179PJE","FORTUNA","275/40/20","FORTUNA 275/40 R20 106W Estivo XL Fuoristrada"
"5420068645107","B077MMDPYQ","FORTUNA","215/45/16","FORTUNA 215/45 R16 90V 4 Stagioni XL Auto"
"5420068645183","B074TYL37Q","FORTUNA","155/70/13","Pneumatici Invernali Fortuna Gowin Hp 155/70 R13 75T"
"5420068645213","B074TY4FTX","FORTUNA","165/70/14","Pneumatici Invernali Fortuna Gowin Hp 165/70 R14 81T"
"5420068645220","B077Z32VZT","FORTUNA","175/70/14","FORTUNA 175/70 R14 88T Invernale XL Auto"
"5420068645237","B074TZTQ62","FORTUNA","155/65/14","Pneumatici Invernali Fortuna Gowin Hp 155/65 R14 75T"
"5420068645244","B074TWBKCC","FORTUNA","165/65/14","Pneumatici invernali FORTUNA 165/65 R14 79 T GOWIN HP M+S"
"5420068645268","B074TYXCBF","FORTUNA","175/65/14","Fortuna Gowin HP XL - 175/65R14 86T - Pneumatico Invernale"
"5420068645282","B074TZWTF6","FORTUNA","175/65/15","Pneumatici invernali FORTUNA 175/65 R15 84 T GOWIN HP M+S"
"5420068645299","B074V1B9KH","FORTUNA","185/65/15","FORTUNA 185/65 R15 88T Invernale Auto"
"5420068645305","B074TZ2NS4","FORTUNA","185/65/15","FORTUNA 185/65 R15 92T Invernale XL Auto"
"5420068645312","B074V3G2DK","FORTUNA","195/65/15","FORTUNA 195/65 R15 91T Invernale Auto"
"5420068645329","B074TX32M4","FORTUNA","195/65/15","Pneumatici Invernali Fortuna Gowin Hp 195/65 R15 95T"
"5420068645336","B074TX392F","FORTUNA","205/65/15","Pneumatici Invernali Fortuna Gowin Hp 205/65 R15 94H"
"5420068645343","B074VRQ8D7","FORTUNA","215/65/16","Pneumatici Invernali Fortuna Gowin Hp 215/65 R16 98H"
"5420068645350","B074W17LWD","FORTUNA","185/60/14","Pneumatici Invernali Fortuna Gowin Hp 185/60 R14 82T"
"5420068645367","B074W3DFQ2","FORTUNA","185/60/15","Pneumatici Invernali Fortuna Gowin Hp 185/60 R15 84T"
"5420068645374","B074W4LP3P","FORTUNA","185/60/15","Fortuna Gowin HP XL - 185/60R15 88T - Pneumatico Invernale"
"5420068645381","B074W3FJ62","FORTUNA","195/60/15","Pneumatici Invernali Fortuna Gowin Hp 195/60 R15 88T"
"5420068645398","B07517HW99","FORTUNA","205/60/16","Fortuna Gowin HP - 205/60R16 92H - Pneumatico Invernale"
"5420068645404","B075CYCWQV","FORTUNA","205/60/16","Pneumatici Invernali Fortuna Gowin Hp 205/60 R16 96H"
"5420068645411","B074VZFF2Y","FORTUNA","215/60/16","Pneumatici Invernali Fortuna Gowin Hp 215/60 R16 99H"
"5420068645428","B074W1HSC7","FORTUNA","185/55/15","Pneumatici invernali FORTUNA 185/55 R15 82 H GOWIN UHP M+S"
"5420068645435","B074W6YQLC","FORTUNA","195/55/15","Pneumatici Invernali Fortuna Gowin Uhp 195/55 R15 85H"
"5420068645534","B074W5FXLG","FORTUNA","195/50/15","Fortuna Gowin UHP - 195/50R15 82H - Pneumatico Invernale"
"5420068645572","B0756QCH82","FORTUNA","195/45/16","Pneumatici invernali FORTUNA 195/45 R16 84H GOWIN UHP XL M+S"
"5420068645824","B076YVTP8K","FORTUNA","235/75/15","FORTUNA 235/75 R15 105T Invernale XL Fuoristrada"
"5420068645848","B076YVRYS7","FORTUNA","225/70/16","FORTUNA 225/70 R16 103T Invernale Fuoristrada"
"5420068645862","B07B5KJTD9","FORTUNA","245/70/16","Pneumatici invernali FORTUNA 245/70 R16 111T WINTER SUV XL M+S"
"5420068645879","B076YVPK4Y","FORTUNA","225/65/17","FORTUNA 225/65 R17 102H Invernale XL Fuoristrada"
"5420068645886","B076YT86LK","FORTUNA","235/65/17","FORTUNA 235/65 R17 104H Invernale Fuoristrada"
"5420068645893","B076YVYQJT","FORTUNA","215/60/17","FORTUNA 215/60 R17 96H Invernale Fuoristrada"
"5420068645909","B075CYTYCJ","FORTUNA","225/60/17","Pneumatici invernali FORTUNA 225/60 R17 99 H WINTER SUV M+S"
"5420068645916","B076YTVQ6M","FORTUNA","235/60/18","FORTUNA 235/60 R18 107H Invernale XL Fuoristrada"
"5420068645923","B076YWB38T","FORTUNA","265/60/18","FORTUNA 265/60 R18 114H Invernale XL Fuoristrada"
"5420068645930","B07B5L298D","FORTUNA","215/55/18","Pneumatici invernali FORTUNA 215/55 R18 99H WINTER SUV XL M+S"
"5420068645947","B07B57Q7HV","FORTUNA","235/55/18","Fortuna Winter SUV 235/55R18 104H XL"
"5420068645978","B081DY2BCY","FORTUNA","265/50/19","FORTUNA 265/50 R19 110H Invernale XL Fuoristrada"
"5420068645992","B09KH6MJCS","FORTUNA","235/50/17","FORTUNA 235/50 R17 100W Estivo XL Auto"
"5420068646043","B08FF1M5FD","FORTUNA","255/40/19","FORTUNA 255/40 R19 100W Estivo XL Auto"
"5420068647255","B07ZF83123","FORTUNA","235/50/18","Pneumatici invernali FORTUNA 235/50 R18 101V GOWIN UHP2 XL M+S"
"5420068647309","B0814QFYJ2","FORTUNA","245/45/18","FORTUNA 245/45 R18 100V Invernale XL Auto"
"5420068647316","B08134K5JF","FORTUNA","255/45/18","FORTUNA 255/45 R18 103V Invernale XL Auto"
"5420068647323","B0816GQT5H","FORTUNA","245/45/19","FORTUNA 245/45 R19 102V Invernale XL Auto"
"5420068647354","B0814PP597","FORTUNA","255/40/19","FORTUNA 255/40 R19 100V Invernale XL Auto"
"5420068647378","B07ZJ5H7HB","FORTUNA","235/60/16","FORTUNA 235/60 R16 100H Invernale Fuoristrada"
"5420068647385","B07ZJ5419Z","FORTUNA","225/60/18","FORTUNA 225/60 R18 104V Invernale XL Fuoristrada"
"5420068647545","B09V26F9DG","FORTUNA","285/35/22","FORTUNA 285/35 R22 106W Estivo XL Auto"
"5420068647552","B08KQ9L8KX","FORTUNA","175/65/14","FORTUNA 175/65 R14 82T Estivo Auto"
"5420068647569","B0BR4P9M7M","FORTUNA","175/65/14","FORTUNA 175/65 R14 86T Estivo XL Auto"
"5420068647583","B09KH4RQSD","FORTUNA","185/65/15","FORTUNA 185/65 R15 88H Estivo Auto"
"5420068647644","B0948M8181","FORTUNA","225/40/18","Fortuna 225/40R18 92Y XL Ecoplus UHP"
"5420068647729","B08LVLHMCM","FORTUNA","185/65/15","FORTUNA 185/65 R15 88T Estivo Auto"
"5420068647750","B09T6P92T9","FORTUNA","225/50/17","FORTUNA 225/50 R17 94W Estivo Auto"
"5420068648023","B09KH5J9PC","FORTUNA","175/70/14","FORTUNA 175/70 R14 84T Invernale Auto"
"5420068648030","B0BRCJX3L6","FORTUNA","205/70/15","FORTUNA 205/70 R15 96T Invernale Fuoristrada"
"5420068648047","B0BNFJDLTF","FORTUNA","265/70/16","FORTUNA 265/70 R16 112T Invernale Fuoristrada"
"5420068648122","B097STQRBM","FORTUNA","195/60/16","FORTUNA 195/60 R16 89H Estivo Auto"
"5420068648252","B096H8X98X","FORTUNA","165/70/13","FORTUNA 165/70 13 79T Estivo Auto"
"5420068648276","B096HVM4SK","FORTUNA","185/70/13","FORTUNA 185/70 13 86T Estivo Auto"
"5420068648283","B096J38VHQ","FORTUNA","175/70/14","FORTUNA 175/70 14 84T Estivo Auto"
"5420068648290","B098D6K8QP","FORTUNA","175/70/14","FORTUNA 175/70 14 88T Estivo XL Auto"
"5420068648306","B099S36CTM","FORTUNA","155/65/13","FORTUNA 155/65 13 73T Estivo Auto"
"5420068648313","B098W9MQLC","FORTUNA","185/65/14","FORTUNA 185/65 14 86T Estivo Auto"
"5420068648320","B099RYJ2JV","FORTUNA","185/65/14","FORTUNA 185/65 14 86H Estivo Auto"
"5420068648344","B099S1VDR4","FORTUNA","175/65/15","FORTUNA 175/65 15 84H Estivo Auto"
"5420068648382","B098W9PQSZ","FORTUNA","185/60/14","FORTUNA 185/60 14 82H Estivo Auto"
"5420068648399","B092LT6NZH","FORTUNA","185/60/15","FORTUNA 185/60 15 84H Estivo Auto"
"5420068648436","B09BC9MPLJ","FORTUNA","225/60/16","FORTUNA 225/60 16 102V Estivo XL Auto"
"5420068648474","B09BNGKG6L","FORTUNA","225/55/16","FORTUNA 225/55 16 99V Estivo XL Auto"
"5420068648481","B09DWQVZ9B","FORTUNA","225/55/16","FORTUNA 225/55 16 99W Estivo XL Auto"
"5420068648511","B09BND4Y8V","FORTUNA","225/55/17","FORTUNA 225/55 17 101W Estivo XL Auto"
"5420068648573","B09BC92B47","FORTUNA","235/45/17","FORTUNA 235/45 17 97W Estivo XL Auto"
"5420068648580","B09C4BBZS7","FORTUNA","245/45/17","FORTUNA 245/45 17 99W Estivo XL Auto"
"5420068648610","B0BT1LTT98","FORTUNA","255/45/18","FORTUNA 255/45 R18 103W Estivo XL Auto"
"5420068648696","B09FYZ1GMK","FORTUNA","215/40/18","FORTUNA 215/40 R18 89W Estivo XL Auto"
"5420068648702","B09MFJGWZ3","FORTUNA","235/40/18","GOMME PNEUMATICI ECOPLUS UHP XL 235/40 R18 95W FORTUNA"
"5420068648719","B092V9CCR9","FORTUNA","245/40/18","FORTUNA 245/40 18 97W Estivo XL Auto"
"5420068648740","B098983QTW","FORTUNA","255/30/20","FORTUNA 255/30 20 92Y Estivo XL Auto"
"5420068648955","B09C4BKNS4","FORTUNA","175/80/14","FORTUNA 175/80 14 88T Estivo Auto"
"5420068648962","B09WZPNFJF","FORTUNA","185/70/14","GOMME PNEUMATICI ECOPLUS HP 185/70 R14 88T FORTUNA"
"5420068648979","B09BNCL2YJ","FORTUNA","175/65/13","FORTUNA 175/65 13 80T Estivo Auto"
"5420068648993","B0BLLBF78M","FORTUNA","175/60/14","Pneumatici 175/60 r14 79H Fortuna ecoplus hp Gomme estive nuove"
"5420068649006","B0C28W49JF","FORTUNA","185/55/14","Pneumatici 185/55 r14 80H Fortuna ecoplus hp Gomme estive nuove"
"5420068649013","B09S8ZXH46","FORTUNA","185/55/15","FORTUNA 185/55 15 82H Estivo Auto"
"5420068649020","B0969D42KD","FORTUNA","185/55/15","FORTUNA 185/55 15 82V Estivo Auto"
"5420068649167","B09RTXL8KT","FORTUNA","185/55/15","FORTUNA 185/55 R15 86V Estivo XL Auto"
"5420068649198","B0BM71WHR5","FORTUNA","225/50/18","FORTUNA 225/50 R18 99V Invernale XL Auto"
"5420068649204","B0BMY8B291","FORTUNA","215/50/19","FORTUNA 215/50 R19 93T Invernale Auto"
"5420068649211","B0BM6YP549","FORTUNA","215/45/17","FORTUNA 215/45 R17 91V Invernale XL Auto"
"5420068649228","B0BM6YFC8K","FORTUNA","225/45/19","FORTUNA 225/45 R19 96V Invernale XL Auto"
"5420068649266","B0BM6ZQQB3","FORTUNA","225/40/19","FORTUNA 225/40 19 93V Invernale XL Auto"
"5420068649440","B0DCHPNTHS","FORTUNA","145/60/13","FORTUNA 145/60 R13 66T 4 Stagioni Auto"
"5420068654055","B09PYL79J2","ATLAS","165/60/15","ATLAS 165/60 R15 81T 4 Stagioni XL Auto"
"5420068654062","B09W8V8DS6","ATLAS","175/60/15","GOMME PNEUMATICI GREEN 4S 4 SEASON 175/60 R15 81H ATLAS"
"5420068654079","B09MMWM4QL","ATLAS","195/60/16","ATLAS 195/60 R16 89V 4 Stagioni Auto"
"5420068654086","B09MMXP9X7","ATLAS","205/50/16","ATLAS 205/50 R16 91W 4 Stagioni XL Auto"
"5420068654123","B09MMW4TT9","ATLAS","205/40/17","ATLAS - 205/40 R17 TL 84W GREEN 4S XL M+S 3PMSF – Pneumatici per tutte le stagioni"
"5420068654444","B08CK681X4","ATLAS","145/80/13","ATLAS - 145/80 R13 TL 75T GREEN HP - Pneumatici estivi"
"5420068654451","B0C29JWJ6N","ATLAS","145/80/13","ATLAS 145/80 R13 79T Estivo XL Auto"
"5420068654468","B09MMWCL57","ATLAS","155/80/13","GOMME PNEUMATICI GREEN HP 155/80 R13 79T ATLAS"
"5420068654482","B08CK5CB9R","ATLAS","145/70/13","Pneumatici estivi ATLAS 145/70 R13 71T GREEN HP"
"5420068654499","B08CJX8NYX","ATLAS","155/70/13","ATLAS 155/70 R13 75T Estivo Auto"
"5420068654536","B08CKC7M5S","ATLAS","155/65/14","Pneumatici estivi ATLAS 155/65 R14 75T GREEN HP"
"5420068654543","B08CK1JQL7","ATLAS","165/65/14","ATLAS 165/65 R14 79T Estivo Auto"
"5420068654581","B09MMXJBKV","ATLAS","145/60/13","ATLAS 145/60 R13 66T Estivo Auto"
"5420068654604","B08CK5D2CW","ATLAS","165/60/14","ATLAS 165/60 R14 75H Estivo Auto"
"5420068654635","B0BS4H56V1","ATLAS","165/60/15","ATLAS 165/60 R15 81T Estivo XL Auto"
"5420068654765","B0BS4ZWSML","ATLAS","225/50/16","Pneumatici 225/50 r16 92W Atlas SPORTGREEN2 Gomme estive nuove"
"5420068654789","B08CGN4576","ATLAS","215/50/17","ATLAS 215/50 R17 95W Estivo XL Auto"
"5420068654796","B09PMWM5TT","ATLAS","235/50/17","PNEUMATICI SPORT GREEN 2 XL 235/50 R17 100W ATLAS"
"5420068654833","B08CGRXH9Y","ATLAS","215/45/16","Pneumatici estivi ATLAS 215/45 R16 90V SPORTGREEN2 XL"
"5420068654888","B0858327BV","ATLAS","235/45/18","ATLAS 235/45 R18 98W Estivo XL Auto"
"5420068654895","B08CGR2TKY","ATLAS","215/40/17","Pneumatici estivi ATLAS 215/40 R17 87W SPORTGREEN2 XL"
"5420068654901","B09WQWC15W","ATLAS","245/40/17","GOMME PNEUMATICI SPORT GREEN 2 XL 245/40 R17 95W ATLAS"
"5420068654925","B09MMWZXCL","ATLAS","255/40/19","ATLAS 255/40 R19 100W Estivo XL Auto"
"5420068654956","B09WH9YS54","ATLAS","255/35/18","ATLAS 255/35 R18 94W Estivo XL Auto"
"5420068654987","B08CGQNVL7","ATLAS","225/35/19","Pneumatici estivi ATLAS 225/35 R19 88W SPORTGREEN2 XL"
"5420068654994","B08GCF97SR","ATLAS","255/35/20","Pneumatici estivi ATLAS 255/35 R20 97W SPORTGREEN2 XL"
"5420068655007","B08FFNHDQP","ATLAS","275/30/19","Pneumatici estivi ATLAS 275/30 R19 96W SPORTGREEN2 XL"
"5420068655205","B09NR1QRSL","ATLAS","235/60/16","GOMME PNEUMATICI SPORT GREEN SUV 2 235/60 R16 100V ATLAS"
"5420068655229","B08CGTVK4C","ATLAS","225/60/17","Pneumatici estivi ATLAS 225/60 R17 99H SPORTGREEN SUV2"
"5420068655236","B0BS4FZZ4Q","ATLAS","235/60/17","Pneumatici 235/60 r17 102V Atlas SPORTGREEN SUV 2 Gomme estive nuove"
"5420068655243","B09MMWQT2N","ATLAS","215/55/18","ATLAS 215/55 R18 99V Estivo XL Fuoristrada"
"5420068655250","B08CGKY4FS","ATLAS","225/55/18","ATLAS 225/55 R18 102V Estivo XL Fuoristrada"
"5420068655267","B08CGMSB4M","ATLAS","235/55/18","Pneumatici estivi ATLAS 235/55 R18 104V SPORTGREEN SUV2 XL"
"5420068655298","B08CGQT4RS","ATLAS","255/50/19","ATLAS 255/50 R19 107W Estivo XL Fuoristrada"
"5420068655335","B08CGXRM55","ATLAS","275/40/20","ATLAS - 275/40 R20 TL 106 W Sportgreen SUV 2 XL – Pneumatici estivi"
"5420068655373","B08F3B8M5J","ATLAS","155/70/13","ATLAS - 155/70 R13 TL 75T POLARBEAR HP M+S 3PMSF - Pneumatici invernali"
"5420068655380","B0BS3YTHPP","ATLAS","165/70/13","ATLAS 165/70 13 79T Invernale Auto"
"5420068655403","B08FC3BXM5","ATLAS","165/70/14","Pneumatici invernali ATLAS 165/70 R14 81T POLARBEAR HP M+S"
"5420068655410","B08FC3MTNY","ATLAS","175/70/14","ATLAS 175/70 14 88T Invernale XL Auto"
"5420068655427","B09MMTWJR3","ATLAS","155/65/14","ATLAS 155/65 R14 75T Invernale Auto"
"5420068655434","B08FC2VGX9","ATLAS","165/65/14","Pneumatici invernali ATLAS 165/65 R14 79T POLARBEAR HP M+S"
"5420068655441","B09N12NRTC","ATLAS","175/65/14","GOMME PNEUMATICI POLARBEAR HP 175/65 R14 82T ATLAS"
"5420068655458","B09MMXPBN6","ATLAS","175/65/14","ATLAS 175/65 14 86T Invernale XL Auto"
"5420068655465","B08GFHCNH7","ATLAS","185/65/14","Pneumatici invernali ATLAS 185/65 R14 86T POLARBEAR HP M+S"
"5420068655472","B08FC3JJGT","ATLAS","175/65/15","ATLAS 175/65 15 84T Invernale Auto"
"5420068655489","B08GFSY7ZJ","ATLAS","185/65/15","Pneumatici invernali ATLAS 185/65 R15 88T POLARBEAR HP M+S"
"5420068655502","B08GF93YGJ","ATLAS","195/65/15","Pneumatici invernali ATLAS 195/65 R15 91T POLARBEAR HP M+S"
"5420068655519","B08GFQVKBK","ATLAS","195/65/15","Pneumatici invernali ATLAS 195/65 R15 95T POLARBEAR HP XL M+S"
"5420068655526","B0BS3Z1NPK","ATLAS","205/65/15","ATLAS 205/65 15 94H Invernale Auto"
"5420068655533","B08GF86FXZ","ATLAS","215/65/16","Pneumatici invernali ATLAS 215/65 R16 98H POLARBEAR HP M+S"
"5420068655540","B08FC3KD1Z","ATLAS","185/60/14","ATLAS 185/60 14 82T Invernale Auto"
"5420068655557","B09MMWYHX8","ATLAS","185/60/15","ATLAS 185/60 R15 84T Invernale Auto"
"5420068655564","B09MMVV8ND","ATLAS","185/60/15","GOMME PNEUMATICI POLARBEAR HP XL 185/60 R15 88T ATLAS"
"5420068655571","B08GFX6PQZ","ATLAS","195/60/15","Pneumatici invernali ATLAS 195/60 R15 88T POLARBEAR HP M+S"
"5420068655595","B09NBC7YFP","ATLAS","205/60/16","GOMME PNEUMATICI POLARBEAR HP XL 205/60 R16 96H ATLAS"
"5420068655601","B09MMVSM4D","ATLAS","215/60/16","GOMME PNEUMATICI POLARBEAR HP XL 215/60 R16 99H ATLAS"
"5420068655618","B08FSPGXH2","ATLAS","185/55/15","ATLAS - Pneumatici invernali 185/55 R15 TL 82H POLARBEAR UHP M+S 3PMSF"
"5420068655625","B0BS528XWN","ATLAS","195/55/15","ATLAS 195/55 15 85H Invernale Auto"
"5420068655632","B09MMVSSSY","ATLAS","195/55/16","ATLAS - Pneumatici invernali 195/55 R16 TL 87H POLARBEAR UHP M+S 3PMSF"
"5420068655724","B08GFQY8YM","ATLAS","195/50/15","ATLAS - Pneumatici invernali 195/50 R15 TL 82H POLARBEAR UHP M+S 3PMSF"
"5420068655779","B09MMXP49C","ATLAS","235/50/18","GOMME PNEUMATICI POLARBEAR UHP 2 XL 235/50 R18 101V ATLAS"
"5420068655786","B09MMVXWBK","ATLAS","195/45/16","GOMME PNEUMATICI POLARBEAR UHP XL 195/45 R16 84H ATLAS"
"5420068655878","B09MMW4TTB","ATLAS","245/45/18","ATLAS - 245/45 R18 TL 100 V POLARBEAR UHP2 XL BSW – Pneumatici invernali"
"5420068655885","B0BS3YGBDC","ATLAS","255/45/18","ATLAS 255/45 18 103V Invernale XL Auto"
"5420068655892","B08GF3XQD3","ATLAS","245/45/19","Pneumatici invernali ATLAS 245/45 R19 102V POLARBEAR UHP2 XL M+S"
"5420068655960","B08GFZPPZ6","ATLAS","255/40/19","Pneumatici invernali ATLAS 255/40 R19 100V POLARBEAR UHP2 XL M+S"
"5420068656080","B08GFPS6SQ","ATLAS","235/75/15","ATLAS 235/75 R15 105T Invernale Fuoristrada"
"5420068656097","B08GFB7Z9B","ATLAS","205/70/15","ATLAS 205/70 R15 96T Invernale Fuoristrada"
"5420068656103","B09MMXNQ3Z","ATLAS","215/70/16","ATLAS - 215/70 R16 TL 100T POLARBEAR SUV2 M+S 3PMSF - Pneumatici invernali"
"5420068656110","B09MMWPRV6","ATLAS","225/70/16","GOMME PNEUMATICI POLARBEAR SUV 2 225/70 R16 103T ATLAS"
"5420068656127","B08GFGCKX5","ATLAS","235/70/16","Pneumatici invernali ATLAS 235/70 R16 106T POLARBEAR SUV2 XL M+S"
"5420068656134","B09MMVYLJK","ATLAS","245/70/16","GOMME PNEUMATICI POLARBEAR SUV 2 XL 245/70 R16 111T ATLAS"
"5420068656165","B09NTF6HMX","ATLAS","235/65/17","GOMME PNEUMATICI POLARBEAR SUV 2 235/65 R17 104H ATLAS"
"5420068656189","B08GG12Y3Y","ATLAS","235/60/16","ATLAS - 235/60 R16 TL 100H POLARBEAR SUV3 M+S 3PMSF – Pneumatici invernali"
"5420068656196","B09MMW78KJ","ATLAS","215/60/17","ATLAS 215/60 R17 96H Invernale Fuoristrada"
"5420068656202","B09MMWW7Y7","ATLAS","225/60/17","ATLAS 225/60 R17 99H Invernale Fuoristrada"
"5420068656219","B09MMXQR5N","ATLAS","225/60/18","ATLAS - 225/60 R18 TL 104 V POLARBEAR SUV3 XL BSW M+S 3PMSF – Pneumatici invernali"
"5420068656226","B09MMVJGZN","ATLAS","235/60/18","GOMME PNEUMATICI POLARBEAR SUV 2 XL 235/60 R18 107H ATLAS"
"5420068656233","B09MMVS13M","ATLAS","265/60/18","GOMME PNEUMATICI POLARBEAR SUV 2 XL 265/60 R18 114H ATLAS"
"5420068656240","B09PTSPQ5K","ATLAS","215/55/18","ATLAS 215/55 R18 99H Invernale XL Fuoristrada"
"5420068656264","B0CJHXSK3Q","ATLAS","235/55/18","ATLAS - 235/55 R18 TL 104H POLARBEAR SUV2 XL M+S 3PMSF – Pneumatici invernali"
"5420068656325","B09MMVSG67","ATLAS","175/65/14","ATLAS 175/65 R14 82T Estivo Auto"
"5420068656332","B09XT9WX49","ATLAS","175/65/14","ATLAS 175/65 R14 86T Estivo XL Auto"
"5420068656356","B08CGW65Z9","ATLAS","185/65/15","ATLAS 185/65 R15 88H Estivo Auto"
"5420068656400","B08CMZRRZF","ATLAS","225/50/17","Pneumatici estivi ATLAS 225/50 R17 98Y SPORTGREEN2 XL"
"5420068656417","B08CGYLPN3","ATLAS","225/40/18","ATLAS 225/40 R18 92W Estivo XL Auto"
"5420068656424","B08CGNBKVR","ATLAS","175/65/14","ATLAS 175/65 R14 82H Estivo Auto"
"5420068656479","B08F3BNLB7","ATLAS","185/65/15","ATLAS 185/65 R15 88T Estivo Auto"
"5420068656509","B0BS4G5GXM","ATLAS","225/50/17","ATLAS 225/50 R17 94W Estivo Auto"
"5420068656851","B09MMWCZZ3","ATLAS","165/70/13","ATLAS 165/70 13 79T Estivo Auto"
"5420068656868","B0BS4FLDVR","ATLAS","165/70/13","ATLAS 165/70 13 83T Estivo XL Auto"
"5420068656875","B09MMX395F","ATLAS","185/70/13","ATLAS 185/70 13 86T Estivo Auto"
"5420068656882","B09YCDQC86","ATLAS","175/70/14","GOMME PNEUMATICI GREEN HP 175/70 R14 84T ATLAS"
"5420068656912","B0BS4GTT8T","ATLAS","185/65/14","ATLAS 185/65 14 86T Estivo Auto"
"5420068656929","B09MMWK919","ATLAS","185/65/14","GOMME PNEUMATICI GREEN HP 185/65 R14 86H ATLAS"
"5420068656936","B09MMXLGV1","ATLAS","175/65/15","GOMME PNEUMATICI GREEN HP 175/65 R15 84T ATLAS"
"5420068656943","B09MMXHP6B","ATLAS","175/65/15","GOMME PNEUMATICI GREEN HP 175/65 R15 84H ATLAS"
"5420068656981","B0C59BPMB8","ATLAS","185/60/14","Pneumatici 185/60 r14 82H Atlas GREEN Gomme estive nuove"
"5420068656998","B09ZNMZ3PY","ATLAS","185/60/15","GOMME PNEUMATICI GREEN HP 185/60 R15 84H ATLAS"
"5420068657001","B09MMWPPF1","ATLAS","185/60/15","GOMME PNEUMATICI GREEN HP XL 185/60 R15 88H ATLAS"
"5420068657032","B09MMW66VS","ATLAS","225/60/16","ATLAS 225/60 16 102V Estivo XL Auto"
"5420068657070","B09MMXFR81","ATLAS","225/55/16","ATLAS 225/55 16 99V Estivo XL Auto"
"5420068657087","B09MMYF692","ATLAS","225/55/16","ATLAS 225/55 16 99W Estivo XL Auto"
"5420068657100","B09MMWDJRW","ATLAS","215/55/17","ATLAS - 215/55 R17 TL 98W SPORTGREEN2 XL BSW – Pneumatici estivi"
"5420068657117","B09YC5LBBH","ATLAS","225/55/17","GOMME PNEUMATICI SPORT GREEN 2 XL 225/55 R17 101W ATLAS"
"5420068657162","B09MMWZ77X","ATLAS","215/45/17","ATLAS 215/45 17 91W Estivo XL Auto"
"5420068657179","B0BS3Z3T9P","ATLAS","235/45/17","Pneumatici 235/45 r17 97W XL Atlas SPORTGREEN 2 Gomme estive nuove"
"5420068657186","B09WGWM7Z4","ATLAS","245/45/17","GOMME PNEUMATICI SPORT GREEN 2 XL 245/45 R17 99W ATLAS"
"5420068657193","B0CDLHT6RJ","ATLAS","215/45/18","ATLAS 215/45 18 93W Estivo XL Auto"
"5420068657209","B09MRHT6CL","ATLAS","245/45/18","ATLAS 245/45 18 100W Estivo XL Auto"
"5420068657216","B0C28PWHS2","ATLAS","255/45/18","Pneumatici 255/45 r18 103W XL Atlas SPORTGREEN2 Gomme estive nuove"
"5420068657292","B0BS3XP32V","ATLAS","215/40/18","ATLAS 215/40 18 89W Estivo XL Auto"
"5420068657308","B09MMVQB64","ATLAS","235/40/18","ATLAS 235/40 18 95W Estivo XL Auto"
"5420068657315","B09WQVBPDH","ATLAS","245/40/18","GOMME PNEUMATICI SPORT GREEN 2 XL 245/40 R18 97W ATLAS"
"5420068657346","B0C28F1N1N","ATLAS","255/30/20","Pneumatici 255/30 r20 92Y XL E Atlas SPORTGREEN2 Gomme estive nuove"
"5420068657476","B09MMXBNFC","ATLAS","175/80/14","ATLAS 175/80 14 88T Estivo Auto"
"5420068657483","B09PQKJ368","ATLAS","185/70/14","ATLAS 185/70 14 88T Estivo Auto"
"5420068657490","B09Q5LL46P","ATLAS","175/65/13","GOMME PNEUMATICI GREEN HP 175/65 R13 80T ATLAS"
"5420068657513","B0CDMYYQY4","ATLAS","185/55/14","ATLAS 185/55 R14 80H Estivo Auto"
"5420068657520","B09MMX4C9W","ATLAS","185/55/15","ATLAS 185/55 15 82H Estivo Auto"
"5420068657537","B09MMVYLJM","ATLAS","185/55/15","ATLAS 185/55 15 82V Estivo Auto"
"5420068657674","B0C28WBX5D","ATLAS","185/55/15","Pneumatici 185/55 r15 86V XL Atlas GREEN HP Gomme estive nuove"
"5420068657704","B0CDN3H6M8","ATLAS","225/50/18","ATLAS 225/50 R18 99V Invernale XL Auto"
"5420068657735","B0C75N9XYG","ATLAS","225/45/19","Pneumatici 225/45 r19 96V M+S 3PMSF Atlas POLARBEAR UHP3 Gomme invernali nu zlt8"
"5420068657964","B0FP5HV2D8","ATLAS","145/60/13","ATLAS 145/60 R13 66T 4 Stagioni Auto"
"5420068658480","B0FP5NLWJG","ATLAS","165/70/14","ATLAS 165/70 R14 81T Estivo Auto"
"5420068658497","B0F68Y1YD9","ATLAS","165/70/14","Pneumatici ATLAS GREEN HP 165/70 R14 85T - Estate 5420068658497"
"5420068658503","B0FP5JL6XK","ATLAS","205/70/15","ATLAS 205/70 R15 96H Estivo Auto"
"5420068658527","B0FP5JWY34","ATLAS","195/65/15","ATLAS 195/65 R15 95T Estivo XL Auto"
"5420068658534","B0FP5L71PY","ATLAS","195/65/15","ATLAS 195/65 R15 91H Estivo Auto"
"5420068658541","B0F67RWY2F","ATLAS","195/65/15","Pneumatici ATLAS GREEN HP 195/65 R15 91V - Estate 5420068658541"
"5420068658558","B0FP5ML3XR","ATLAS","205/65/15","ATLAS 205/65 R15 94H Estivo Auto"
"5420068658565","B0FP5J4Q99","ATLAS","205/65/15","ATLAS 205/65 R15 94V Estivo Auto"
"5420068658589","B0FP5K2HMF","ATLAS","215/65/16","ATLAS 215/65 R16 98V Estivo Auto"
"5420068658596","B0FP5K48C1","ATLAS","195/60/15","ATLAS 195/60 R15 88H Estivo Auto"
"5420068658602","B0FP5K6GY2","ATLAS","195/60/15","ATLAS 195/60 R15 88V Estivo Auto"
"5420068658619","B0FP5L1GRL","ATLAS","205/60/15","ATLAS 205/60 R15 91H Estivo Auto"
"5420068658633","B0FP5KTRX1","ATLAS","205/60/16","ATLAS 205/60 R16 92H Estivo Auto"
"5420068658640","B0FP5L7B9L","ATLAS","205/60/16","ATLAS 205/60 R16 92V Estivo Auto"
"5420068658657","B0FP5MPSX8","ATLAS","205/60/16","ATLAS 205/60 R16 96V Estivo XL Auto"
"5420068658664","B0F694Z22Q","ATLAS","215/60/16","Pneumatici ATLAS GREEN HP 215/60 R16 99V - Estate 5420068658664"
"5420068658671","B0FP5JH69S","ATLAS","195/55/15","ATLAS 195/55 R15 85H Estivo Auto"
"5420068658688","B0F68KFQFT","ATLAS","195/55/15","ATLAS 195/55 R15 85V Estivo Auto"
"5420068658695","B0F67NBGSQ","ATLAS","205/55/15","Atlas GREEN HP 205/55 R15 88V Pneumatico Estivo Auto"
"5420068658718","B0FP5P366B","ATLAS","195/55/16","ATLAS 195/55 R16 87V Estivo Auto"
"5420068658732","B0FP5H75J9","ATLAS","205/55/16","ATLAS 205/55 R16 91H Estivo Auto"
"5420068658749","B0FP5JLBZP","ATLAS","205/55/16","ATLAS 205/55 R16 91V Estivo Auto"
"5420068658763","B0G2MJG2JF","ATLAS","205/55/16","ATLAS 205/55 R16 91W Estivo Auto"
"5420068658770","B0F691KCJH","ATLAS","215/55/16","Atlas XL GREEN HP 215/55 R16 97V Pneumatico Estivo Auto"
"5420068658787","B0F68FQP99","ATLAS","215/55/16","Atlas XL GREEN HP 215/55 R16 97W Pneumatico Estivo Auto"
"5420068658800","B0FP5JBCMP","ATLAS","195/50/15","ATLAS 195/50 R15 82H Estivo Auto"
"5420068658817","B0FP5JRYVS","ATLAS","195/50/15","ATLAS 195/50 R15 82V Estivo Auto"
"5420068658824","B0F68JWFFN","ATLAS","195/50/16","Pneumatici ATLAS GREEN HP 195/50 R16 84V - Estate 5420068658824"
"5420068658831","B0F68FD251","ATLAS","205/50/16","Pneumatici ATLAS SPORTGREEN2 205/50 R16 87W - Estate 5420068658831"
"5420068658848","B0G2MN4ZZV","ATLAS","205/50/17","ATLAS 205/50 R17 93W Estivo XL Auto"
"5420068658855","B0FP5JS697","ATLAS","225/50/18","ATLAS 225/50 R18 99W Estivo XL Auto"
"5420068658862","B0FP5JB4TH","ATLAS","235/50/18","ATLAS 235/50 R18 101Y Estivo XL Auto"
"5420068658879","B0FP5JHLN3","ATLAS","245/50/18","ATLAS 245/50 R18 104W Estivo XL Auto"
"5420068658886","B0FP5GNPF4","ATLAS","235/50/19","ATLAS 235/50 R19 103Y Estivo XL Auto"
"5420068658909","B0F694YWRL","ATLAS","195/45/16","Pneumatici ATLAS SPORTGREEN2 195/45 R16 84V - Estate 5420068658909"
"5420068658916","B0FP5ML327","ATLAS","205/45/16","ATLAS 205/45 R16 87W Estivo XL Auto"
"5420068658930","B0FP5KQJGK","ATLAS","205/45/17","ATLAS 205/45 R17 88W Estivo XL Auto"
"5420068658947","B0FP5PFKT3","ATLAS","255/45/17","ATLAS 255/45 R17 102W Estivo XL Auto"
"5420068658954","B0FP5HG68P","ATLAS","275/45/18","ATLAS 275/45 R18 107W Estivo XL Fuoristrada"
"5420068658961","B0F68Y6SCH","ATLAS","225/45/19","ATLAS 225/45 R19 96Y Estivo XL Auto"
"5420068658978","B0F6954Q81","ATLAS","235/45/19","Pneumatici ATLAS SPORTGREEN3 235/45 R19 99W - Estate 5420068658978"
"5420068658985","B0FX4SCRDP","ATLAS","245/45/19","ATLAS 245/45 R19 102W Estivo XL Auto"
"5420068658992","B0FP5JW9Z2","ATLAS","255/45/19","ATLAS 255/45 R19 100Y Estivo Auto"
"5420068659005","B0FX4PTZRM","ATLAS","245/45/20","ATLAS 245/45 R20 103Y Estivo XL Auto"
"5420068659029","B0F68K1GCC","ATLAS","225/40/19","ATLAS 225/40 R19 93Y Estivo XL Auto"
"5420068659036","B0FP5JRRQL","ATLAS","235/40/19","ATLAS 235/40 R19 96Y Estivo XL Auto"
"5420068659050","B0FP5KBFMY","ATLAS","275/40/19","ATLAS 275/40 R19 105W Estivo XL Fuoristrada"
"5420068659067","B0FP5ML3K6","ATLAS","235/35/19","ATLAS 235/35 R19 91Y Estivo XL Auto"
"5420068659074","B0FP5NZB24","ATLAS","245/35/19","ATLAS 245/35 R19 93Y Estivo XL Auto"
"5420068659098","B0FP5L462Z","ATLAS","265/35/19","ATLAS 265/35 R19 98Y Estivo XL Auto"
"5420068659128","B0G2MLL51G","ATLAS","265/30/19","ATLAS 265/30 R19 93Y Estivo XL Auto"
"5420068659166","B0G2MVBPF4","ATLAS","185/75/16","ATLAS 185/75 R16 104/102R Estivo LCamion"
"5420068659203","B0G2MPRJLZ","ATLAS","215/75/16","ATLAS 215/75 R16 113/111R Estivo LCamion"
"5420068659210","B0G2MKLX5D","ATLAS","225/75/16","ATLAS 225/75 R16 121/120S Estivo LCamion"
"5420068659234","B0G2MM7NDF","ATLAS","195/70/15","ATLAS 195/70 R15 104/102S Estivo LCamion"
"5420068659241","B0G2MS748N","ATLAS","205/70/15","ATLAS 205/70 R15 106/104S Estivo LCamion"
"5420068659258","B0G2TZB6GB","ATLAS","215/70/15","ATLAS 215/70 R15 109/107S Estivo LCamion"
"5420068659265","B0G2ML2YQX","ATLAS","225/70/15","ATLAS 225/70 R15 112/110S Estivo LCamion"
"5420068659272","B0G2MQ2GX7","ATLAS","175/65/14","ATLAS 175/65 R14 90/88T Estivo LCamion"
"5420068659289","B0G2MFNR91","ATLAS","205/65/15","ATLAS 205/65 R15 102/100T Estivo LCamion"
"5420068659302","B0G2MKHCN2","ATLAS","205/65/16","ATLAS 205/65 R16 107/105T Estivo LCamion"
"5420068659326","B0G2MHKNJB","ATLAS","225/65/16","ATLAS 225/65 R16 112/110S Estivo LCamion"
"5420068659333","B0G4XJ6TCL","ATLAS","235/65/16","ATLAS 235/65 R16 115/113S Estivo LCamion"
"5420068659340","B0G2MJZWY9","ATLAS","195/60/16","ATLAS 195/60 R16 99/97H Estivo LCamion"
"5420068659357","B0G2MSZ2YM","ATLAS","215/60/16","ATLAS 215/60 R16 103/101R Estivo LCamion"
"5420068659364","B0G2TY4NRN","ATLAS","215/60/17","ATLAS 215/60 R17 109/107H Estivo LCamion"
"5420068659371","B0G2MNR53C","ATLAS","195/50/13","ATLAS 195/50 R13 104/101N Estivo LCamion"
"5420068659388","B0FP5L7QCX","ATLAS","235/65/17","ATLAS 235/65 R17 108V Estivo XL Fuoristrada"
"5420068659395","B0FP5KMMJ8","ATLAS","225/60/18","ATLAS 225/60 R18 100V Estivo Auto"
"5420068659401","B0FP5GTPGL","ATLAS","235/60/18","ATLAS 235/60 R18 107W Estivo XL Fuoristrada"
"5420068659418","B0FP5MT1XC","ATLAS","255/60/18","ATLAS 255/60 R18 112V Estivo XL Fuoristrada"
"5420068659432","B0FP5PF3JK","ATLAS","255/55/18","ATLAS 255/55 R18 109W Estivo XL Fuoristrada"
"5420068659449","B0FP5MGCNF","ATLAS","225/55/19","ATLAS 225/55 R19 99V Estivo Auto"
"5420068659456","B0G2MKX9X5","ATLAS","275/55/19","ATLAS 275/55 R19 111W Estivo Fuoristrada"
"5420068659463","B0G2MNS5QV","ATLAS","275/55/20","ATLAS 275/55 R20 117V Estivo XL Fuoristrada"
"5420068659487","B0FP5GYGVC","ATLAS","275/45/20","ATLAS 275/45 R20 110W Estivo XL Fuoristrada"
"5420068659500","B0FP5GQL7Y","ATLAS","145/80/13","ATLAS 145/80 R13 79T 4 Stagioni XL Auto"
"5420068659517","B0FP5L2FY1","ATLAS","155/80/13","ATLAS 155/80 R13 79T 4 Stagioni Auto"
"5420068659531","B0FP5H75JL","ATLAS","145/70/13","ATLAS 145/70 R13 71T 4 Stagioni Auto"
"5420068659548","B0FP5LB3MH","ATLAS","155/70/13","ATLAS 155/70 R13 75T 4 Stagioni Auto"
"5420068659586","B0F695L6C3","ATLAS","165/70/14","Pneumatici ATLAS GREEN 4S 165/70 R14 81T - 4 Stagioni 5420068659586"
"5420068659593","B0F694Y9QH","ATLAS","165/70/14","Pneumatici ATLAS GREEN 4S 165/70 R14 85T - 4 Stagioni 5420068659593"
"5420068659609","B0FP5NZWMF","ATLAS","175/70/14","ATLAS 175/70 R14 84T 4 Stagioni Auto"
"5420068659616","B0FP5GNSC7","ATLAS","175/70/14","ATLAS 175/70 R14 88T 4 Stagioni XL Auto"
"5420068659647","B0F67SBC98","ATLAS","175/65/13","Pneumatici ATLAS GREEN 4S 175/65 R13 80T - 4 Stagioni 5420068659647"
"5420068659708","B0FP5K9VGM","ATLAS","165/65/15","ATLAS 165/65 R15 81H 4 Stagioni Auto"
"5420068659722","B0FP5GHDDH","ATLAS","185/65/15","ATLAS 185/65 R15 92T 4 Stagioni XL Auto"
"5420068659784","B0F68FD4NX","ATLAS","215/65/16","Pneumatici ATLAS GREEN 4S 215/65 R16 98H - 4 Stagioni 5420068659784"
"5420068659791","B0FP5HCPKC","ATLAS","215/65/16","ATLAS 215/65 R16 98V 4 Stagioni Auto"
"5420068659807","B0F691MR6B","ATLAS","215/65/16","Pneumatici ATLAS GREEN3 4S 215/65 R16 102V - 4 Stagioni 5420068659807"
"5420068659814","B0FP5NMWQN","ATLAS","165/60/14","ATLAS 165/60 R14 79H 4 Stagioni XL Auto"
"5420068659852","B0FP5FK4PW","ATLAS","195/60/15","ATLAS 195/60 R15 88H 4 Stagioni Auto"
"5420068659883","B0FP5N9GPZ","ATLAS","215/60/16","ATLAS 215/60 R16 99V 4 Stagioni XL Auto"
"5420068659890","B0F68Q35WQ","ATLAS","225/60/16","Pneumatici ATLAS GREEN 4S 225/60 R16 102V - 4 Stagioni 5420068659890"
"5420068659906","B0FP5KFYZH","ATLAS","185/55/14","ATLAS 185/55 R14 80H 4 Stagioni Auto"
"5420068659937","B0F68KG2Q5","ATLAS","195/55/15","ATLAS 195/55 R15 85H 4 Stagioni Auto"
"5420068659944","B0FP5KXKJT","ATLAS","185/55/16","ATLAS 185/55 R16 87V 4 Stagioni XL Auto"
"5420068659951","B0FP5JZMR3","ATLAS","195/55/16","ATLAS 195/55 R16 87V 4 Stagioni Auto"
"5420068659975","B0F68PJV66","ATLAS","205/55/16","ATLAS 205/55 R16 91H 4 Stagioni Auto"
"5420068659982","B0FP5HLTN6","ATLAS","205/55/16","ATLAS 205/55 R16 94H 4 Stagioni XL Auto"
"5420068659999","B0FP5NDY6T","ATLAS","205/55/16","ATLAS 205/55 R16 91V 4 Stagioni Auto"
"5420068660995","B00OZXLVNS","TRISTAR","215/40/16","Tristar Sportpower XL - 215/40R16 86W - Pneumatico Estivo"
"5420068661367","B017BICB3W","TRISTAR","205/80/16","Tristar RF07 XL - 205/80R16 104S - Pneumatico Estivo"
"5420068662623","B017HGR35E","TRISTAR","175/50/16","Tristar Ecopower 2 - 175/50R16 77V - Pneumatico Estivo"
"5420068666577","B07DFYDQJN","TRISTAR","235/55/17","Pneumatico estivo TRISTAR 235/55 R17 XL 103W Sportpower2"
"5420068673421","B0CGJH6WFJ","TRISTAR","215/50/18","GOMME PNEUMATICI TRISTAR 215/50 R18 92W SPORTPOWER 2"
"5420068673469","B0CGJGX4VT","TRISTAR","235/35/20","Pneumatici Auto Tristar SPORTPOWER2 235/35YR20 (1 Unità)"
"5420068673728","B0C4736KCT","TRISTAR","225/50/17","Pneumatici 225/50 r17 94W M+S Tristar allseason power Gomme 4 stagioni nuove"
"5420068674015","B0D8NMX8RD","SUPERIA","185/65/15","SUPERIA 185/65 R15 92T Estivo XL Auto"
"5420068674022","B0D5FFC4NK","SUPERIA","195/65/15","SUPERIA 195/65 R15 95T Estivo XL Auto"
"5420068674039","B0DCV83ZDS","SUPERIA","195/65/15","SUPERIA 195/65 R15 91H Estivo Auto"
"5420068674046","B0D44MG2T8","SUPERIA","195/65/15","SUPERIA 195/65 R15 91V Estivo Auto"
"5420068674053","B0D8XJ696C","SUPERIA","205/65/15","SUPERIA - 205/65 R15 TL 94H ECOBLUE HP BSW – Pneumatici estivi"
"5420068674060","B0D545XPKH","SUPERIA","205/65/15","SUPERIA 205/65 R15 94V Estivo Auto"
"5420068674091","B0D7P6G8G7","SUPERIA","195/60/15","SUPERIA 195/60 R15 88H Estivo Auto"
"5420068674107","B0D6JR7LXY","SUPERIA","195/60/15","SUPERIA 195/60 R15 88V Estivo Auto"
"5420068674145","B0D545YLHW","SUPERIA","205/60/16","SUPERIA - 205/60 R16 TL 92 V ECOBLUE HP BSW – Pneumatici estivi"
"5420068674152","B0D7LGYVHB","SUPERIA","205/60/16","SUPERIA - 205/60 R16 TL 96 V ECOBLUE HP XL BSW – Pneumatici estivi"
"5420068674213","B0D6QV4PRF","SUPERIA","195/55/16","SUPERIA - Pneumatici estivi 195/55 R16 TL 87 V ECOBLUE HP BSW"
"5420068674220","B0D8RWCWS7","SUPERIA","195/55/16","SUPERIA 195/55 R16 91V Estivo XL Auto"
"5420068674237","B0D6QJDXZP","SUPERIA","205/55/16","SUPERIA 205/55 R16 91H Estivo Auto"
"5420068674244","B0D5HX3LSW","SUPERIA","205/55/16","SUPERIA 205/55 R16 91V Estivo Auto"
"5420068674251","B0D4DK2R8D","SUPERIA","205/55/16","SUPERIA 205/55 R16 94V Estivo XL Auto"
"5420068674268","B0D9581Y2Q","SUPERIA","205/55/16","SUPERIA 205/55 R16 91W Estivo Auto"
"5420068674282","B0D49784GT","SUPERIA","215/55/16","SUPERIA - 215/55 R16 TL 97W ECOBLUE HP XL BSW – Pneumatici estivi"
"5420068674305","B0D5HYGS49","SUPERIA","195/50/15","SUPERIA - Pneumatici estivi 195/50 R15 TL 82H ECOBLUE HP BSW"
"5420068674312","B0D8695KMJ","SUPERIA","195/50/15","SUPERIA - Pneumatici estivi 195/50 R15 TL 82 V ECOBLUE HP BSW"
"5420068674329","B0D7L7BMV5","SUPERIA","195/50/16","SUPERIA - Pneumatici estivi 195/50 R16 TL 84 V ECOBLUE HP BSW"
"5420068674336","B0DDFW1MGP","SUPERIA","205/50/16","SUPERIA - 205/50 R16 TL 87 W ECOBLUE UHP BSW – Pneumatici estivi"
"5420068674343","B0D5FCD3H3","SUPERIA","205/50/17","SUPERIA 205/50 R17 93W Estivo XL Auto"
"5420068674381","B0D8SCQB37","SUPERIA","235/50/19","SUPERIA 235/50 R19 103Y Estivo XL Auto"
"5420068674398","B0D7KRVVYT","SUPERIA","195/45/15","SUPERIA - Pneumatici estivi 195/45 R15 TL 78V ECOBLUE UHP BSW"
"5420068674404","B0D7LFKMRH","SUPERIA","195/45/16","SUPERIA - Pneumatici estivi 195/45 R16 TL 84 V ECOBLUE UHP XL BSW"
"5420068674428","B0GR11MRZ8","SUPERIA","195/45/17","SUPERIA 195/45 R17 85W Estivo XL Auto"
"5420068674435","B0D5F8GVQV","SUPERIA","205/45/17","SUPERIA - 205/45 R17 TL 88W ECOBLUE UHP XL BSW – Pneumatici estivi"
"5420068674442","B0GR1JP53H","SUPERIA","255/45/17","SUPERIA 255/45 R17 102W Estivo XL Auto"
"5420068674466","B0D86H1Q1C","SUPERIA","225/45/19","SUPERIA 225/45 R19 96Y Estivo XL Auto"
"5420068674473","B0D6QJRFV8","SUPERIA","235/45/19","SUPERIA 235/45 R19 99W Estivo XL Auto"
"5420068674497","B0DJCHWCMM","SUPERIA","255/45/19","SUPERIA 255/45 R19 100Y Estivo Auto"
"5420068674503","B0DF82H217","SUPERIA","245/45/20","SUPERIA 245/45 R20 103Y Estivo XL Auto"
"5420068674527","B0D5TR67Y6","SUPERIA","225/40/19","SUPERIA 225/40 R19 93Y Estivo XL Auto"
"5420068674558","B0D61WRZ97","SUPERIA","275/40/19","SUPERIA 275/40 R19 105W Estivo XL Auto"
"5420068674589","B0D62DKR8P","SUPERIA","245/35/19","SUPERIA 245/35 R19 93Y Estivo XL Auto"
"5420068674602","B0F2SRDY8Z","SUPERIA","265/35/19","SUPERIA 265/35 R19 98Y Estivo XL Auto"
"5420068674633","B0H6GXWK8M","SUPERIA","265/30/19","SUPERIA 265/30 R19 93Y Estivo XL Auto"
"5420068674671","B0D48WXHQD","SUPERIA","185/75/16","SUPERIA 185/75 R16 104/102R Estivo LCamion"
"5420068674695","B0D65TML4N","SUPERIA","195/75/16","SUPERIA 195/75 R16 110/108S Estivo LCamion"
"5420068674701","B0DJCH4P5C","SUPERIA","205/75/16","SUPERIA 205/75 R16 110/108S Estivo LCamion"
"5420068674732","B0DCV8LH82","SUPERIA","165/70/14","SUPERIA 165/70 R14 89/87R Estivo LCamion"
"5420068674770","B0DCVDN3HW","SUPERIA","225/70/15","SUPERIA 225/70 R15 112/110S Estivo LCamion"
"5420068674787","B0D866MDJR","SUPERIA","175/65/14","SUPERIA 175/65 R14 90/88T Estivo LCamion"
"5420068674800","B0DJCJ77TR","SUPERIA","195/65/16","SUPERIA 195/65 R16 104/102S Estivo LCamion"
"5420068674817","B0D5FFGWMJ","SUPERIA","205/65/16","SUPERIA 205/65 R16 107/105T Estivo LCamion"
"5420068674848","B0D8VDJC6W","SUPERIA","235/65/16","SUPERIA 235/65 R16 115/113S Estivo LCamion"
"5420068674855","B0D48WZ8HM","SUPERIA","195/60/16","SUPERIA 195/60 R16 99/97H Estivo LCamion"
"5420068674862","B0D7P484X1","SUPERIA","215/60/16","SUPERIA 215/60 R16 103/101R Estivo LCamion"
"5420068674879","B0D5FM8778","SUPERIA","215/60/17","SUPERIA 215/60 R17 109/107H Estivo LCamion"
"5420068674886","B0DGXTZ3FX","SUPERIA","195/50/13","SUPERIA 195/50 R13 104/101N Estivo LCamion"
"5420068674893","B0D939JTDW","SUPERIA","235/65/17","SUPERIA 235/65 R17 108V Estivo XL Fuoristrada"
"5420068674909","B0DM5K5KX6","SUPERIA","225/60/18","SUPERIA 225/60 R18 100V Estivo Auto"
"5420068674916","B0D7L5HM4Y","SUPERIA","235/60/18","SUPERIA - 235/60 R18 TL 107W ECOBLUE UHP2 XL BSW – Pneumatici estivi"
"5420068674947","B0F9F9H3PJ","SUPERIA","255/55/18","SUPERIA 255/55 R18 109W Estivo XL Fuoristrada"
"5420068674954","B0DCV5S2T6","SUPERIA","225/55/19","SUPERIA 225/55 R19 99V Estivo Auto"
"5420068674985","B0H242F1Q5","SUPERIA","275/55/19","SUPERIA 275/55 R19 111W Estivo Fuoristrada"
"5420068675074","B0D1JX8JVS","FORTUNA","165/70/14","FORTUNA 165/70 R14 81T Estivo Auto"
"5420068675104","B0F1FLPYFS","FORTUNA","185/65/15","Pneumatici FORTUNA ECOPLUS HP 185/65 R15 92T - Estate 5420068675104"
"5420068675111","B0G2MWKB9P","FORTUNA","195/65/15","FORTUNA 195/65 R15 95T Estivo XL Auto"
"5420068675128","B0D5F8F833","FORTUNA","195/65/15","FORTUNA 195/65 R15 91H Estivo Auto"
"5420068675142","B0F68K17K3","FORTUNA","205/65/15","Pneumatici FORTUNA ECOPLUS HP 205/65 R15 94H - Estate 5420068675142"
"5420068675159","B0D5Q4M51C","FORTUNA","205/65/15","FORTUNA 205/65 R15 94V Estivo Auto"
"5420068675173","B0G2MMG47M","FORTUNA","215/65/16","FORTUNA 215/65 R16 98V Estivo Auto"
"5420068675180","B0F67QP65D","FORTUNA","195/60/15","Pneumatici FORTUNA ECOPLUS HP 195/60 R15 88H - Estate 5420068675180"
"5420068675197","B0G2MWQ8KK","FORTUNA","195/60/15","FORTUNA 195/60 R15 88V Estivo Auto"
"5420068675203","B0G2MTBGYF","FORTUNA","205/60/15","FORTUNA 205/60 R15 91H Estivo Auto"
"5420068675210","B0G2MPZ9P8","FORTUNA","205/60/15","FORTUNA 205/60 R15 91V Estivo Auto"
"5420068675227","B0D8NL4CP4","FORTUNA","205/60/16","FORTUNA 205/60 R16 92H Estivo Auto"
"5420068675234","B0F68T9NL4","FORTUNA","205/60/16","Pneumatici FORTUNA ECOPLUS HP 205/60 R16 92V - Estate 5420068675234"
"5420068675241","B0FL1K7LBQ","FORTUNA","205/60/16","FORTUNA 205/60 R16 96V Estivo XL Auto"
"5420068675265","B0F68TZ5YH","FORTUNA","195/55/15","Pneumatici FORTUNA ECOPLUS HP 195/55 R15 85H - Estate 5420068675265"
"5420068675289","B0G2MNKVVJ","FORTUNA","205/55/15","FORTUNA 205/55 R15 88V Estivo Auto"
"5420068675319","B0F68KFH1L","FORTUNA","195/55/16","FORTUNA 195/55 R16 91V Estivo XL Auto"
"5420068675333","B0F68TFD66","FORTUNA","205/55/16","Pneumatici FORTUNA ECOPLUS HP 205/55 R16 91V - Estate 5420068675333"
"5420068675340","B0F695L7C9","FORTUNA","205/55/16","Pneumatici FORTUNA ECOPLUS HP 205/55 R16 94V - Estate 5420068675340"
"5420068675357","B0G2MMBRTY","FORTUNA","205/55/16","FORTUNA 205/55 R16 91W Estivo Auto"
"5420068675364","B0G2MKJ4BG","FORTUNA","215/55/16","FORTUNA 215/55 R16 97V Estivo XL Auto"
"5420068675371","B0G2ML466D","FORTUNA","215/55/16","FORTUNA 215/55 R16 97W Estivo XL Auto"
"5420068675395","B0G2MNSK7T","FORTUNA","195/50/15","FORTUNA 195/50 R15 82H Estivo Auto"
"5420068675418","B0F67QQVVS","FORTUNA","195/50/16","Pneumatico FORTUNA ECO-HP 195/50 R16 84 V"
"5420068675432","B0G2MLH7N4","FORTUNA","205/50/17","FORTUNA 205/50 R17 93W Estivo XL Auto"
"5420068675449","B0G2MNZ7Y7","FORTUNA","225/50/18","FORTUNA 225/50 R18 99W Estivo XL Auto"
"5420068675456","B0G2MNXJJQ","FORTUNA","235/50/18","FORTUNA 235/50 R18 101Y Estivo XL Auto"
"5420068675463","B0F68FQP98","FORTUNA","245/50/18","Pneumatici FORTUNA ECOPLUS UHP2 245/50 R18 104W - Estate 5420068675463"
"5420068675470","B0G2MW7468","FORTUNA","235/50/19","FORTUNA 235/50 R19 103Y Estivo XL Fuoristrada"
"5420068675487","B0G3LHLH15","FORTUNA","195/45/15","FORTUNA 195/45 R15 78V Estivo Auto"
"5420068675494","B0F68FHPF5","FORTUNA","195/45/16","Pneumatico FORTUNA ECOUHP 195/45 R16 84 V XL"
"5420068675500","B0G2MY4739","FORTUNA","205/45/16","FORTUNA 205/45 R16 87W Estivo XL Auto"
"5420068675517","B0G2TZKF5P","FORTUNA","195/45/17","FORTUNA 195/45 R17 85W Estivo XL Auto"
"5420068675524","B0G2MKV6TL","FORTUNA","205/45/17","FORTUNA 205/45 R17 88W Estivo XL Auto"
"5420068675531","B0G2MSJTBP","FORTUNA","255/45/17","FORTUNA 255/45 R17 102W Estivo XL Fuoristrada"
"5420068675555","B0D54B27VV","FORTUNA","245/45/19","FORTUNA 245/45 R19 102W Estivo XL Auto"
"5420068675562","B0D7L4NGX2","FORTUNA","255/45/19","FORTUNA 255/45 R19 100Y Estivo Fuoristrada"
"5420068675579","B0DCVCG762","FORTUNA","245/45/20","FORTUNA 245/45 R20 103Y Estivo XL Fuoristrada"
"5420068675630","B0G2MKR4MZ","FORTUNA","245/40/19","FORTUNA 245/40 R19 98Y Estivo XL Auto"
"5420068675647","B0F695MDDS","FORTUNA","275/40/19","Pneumatici FORTUNA ECOPLUS UHP2 275/40 R19 105W - Estate 5420068675647"
"5420068675654","B0G3LPBDSD","FORTUNA","285/35/18","FORTUNA 285/35 R18 101W Estivo XL Fuoristrada"
"5420068675678","B0G2MKG3VX","FORTUNA","245/35/19","FORTUNA 245/35 R19 93Y Estivo XL Auto"
"5420068675685","B0G2MJQKH1","FORTUNA","255/35/19","FORTUNA 255/35 R19 96Y Estivo XL Auto"
"5420068675692","B0G2MP86T5","FORTUNA","265/35/19","FORTUNA 265/35 R19 98Y Estivo XL Auto"
"5420068675715","B0G2MP7LHJ","FORTUNA","255/30/19","FORTUNA 255/30 R19 91Y Estivo XL Auto"
"5420068675722","B0H6GS8PW1","FORTUNA","265/30/19","FORTUNA 265/30 R19 93Y Estivo XL Auto"
"5420068675760","B0G1QTVFWD","FORTUNA","185/75/16","FORTUNA 185/75 R16 104/102R Estivo LCamion"
"5420068675784","B0D54B3ZNB","FORTUNA","195/75/16","FORTUNA 195/75 R16 110/108S Estivo LCamion"
"5420068675791","B0D5QG6511","FORTUNA","205/75/16","FORTUNA 205/75 R16 110/108S Estivo LCamion"
"5420068675807","B0D5QP2KN6","FORTUNA","215/75/16","FORTUNA 215/75 R16 113/111R Estivo LCamion"
"5420068675814","B0DCV8WHW2","FORTUNA","225/75/16","FORTUNA 225/75 R16 121/120S Estivo LCamion"
"5420068675821","B0D548HMBX","FORTUNA","165/70/14","FORTUNA 165/70 R14 89/87R Estivo LCamion"
"5420068675838","B0DCV85CG9","FORTUNA","195/70/15","FORTUNA 195/70 R15 104/102S Estivo LCamion"
"5420068675852","B0D957PN9K","FORTUNA","215/70/15","FORTUNA 215/70 R15 109/107S Estivo LCamion"
"5420068675869","B0DCVG1ZBP","FORTUNA","225/70/15","FORTUNA 225/70 R15 112/110S Estivo LCamion"
"5420068675876","B0D548VDX8","FORTUNA","175/65/14","FORTUNA 175/65 R14 90/88T Estivo LCamion"
"5420068675883","B0D8KBSL59","FORTUNA","205/65/15","FORTUNA 205/65 R15 102/100T Estivo LCamion"
"5420068675890","B0D5PW24XY","FORTUNA","195/65/16","FORTUNA 195/65 R16 104/102S Estivo LCamion"
"5420068675906","B0D54BTKGB","FORTUNA","205/65/16","FORTUNA 205/65 R16 107/105T Estivo LCamion"
"5420068675920","B0D5F4GL13","FORTUNA","225/65/16","FORTUNA 225/65 R16 112/110S Estivo LCamion"
"5420068675937","B0F9339124","FORTUNA","235/65/16","FORTUNA 235/65 R16 115/113S Estivo LCamion"
"5420068675951","B0D5PMYYXF","FORTUNA","215/60/16","FORTUNA 215/60 R16 103/101R Estivo LCamion"
"5420068675982","B0G2MV5KMQ","FORTUNA","235/65/17","FORTUNA 235/65 R17 108V Estivo XL Fuoristrada"
"5420068675999","B0G2MKYZ25","FORTUNA","225/60/18","FORTUNA 225/60 R18 100V Estivo Fuoristrada"
"5420068676002","B0G2ML515K","FORTUNA","235/60/18","FORTUNA 235/60 R18 107W Estivo XL Fuoristrada"
"5420068676019","B0D44YBJ76","FORTUNA","255/60/18","FORTUNA 255/60 R18 112V Estivo XL Fuoristrada"
"5420068676033","B0FS4P43DK","FORTUNA","255/55/18","FORTUNA 255/55 R18 109W Estivo XL Fuoristrada"
"5420068676040","B0FCDSG6W9","FORTUNA","225/55/19","FORTUNA 225/55 R19 99V Estivo Auto"
"5420068676057","B0G2V1LRJ2","FORTUNA","235/55/19","FORTUNA 235/55 R19 105W Estivo XL Fuoristrada"
"5420068676064","B0D5FKDNHR","FORTUNA","255/55/19","255/55 R19 estive Fortuna 111W ECOPLUS UHP2 M+S gomme auto"
"5420068676095","B0F67QR72K","FORTUNA","265/50/19","Pneumatici FORTUNA ECOPLUS UHP2 265/50 R19 110W - Estate 5420068676095"
"5420068676101","B0FS4GSJC1","FORTUNA","265/50/20","FORTUNA 265/50 R20 111W Estivo XL Fuoristrada"
"5420068676132","B0DCVFJRVZ","FORTUNA","275/45/20","FORTUNA 275/45 R20 110W Estivo XL Fuoristrada"
"5420068676163","B0DD5FY1GV","SUPERIA","145/80/13","SUPERIA - 145/80 R13 TL 79T ECOBLUE 4S XL BSW M+S 3PMSF – Pneumatici per tutte le stagioni"
"5420068676170","B0D5W6D7K1","SUPERIA","155/80/13","SUPERIA - 155/80 R13 TL 79T ECOBLUE 4S BSW M+S 3PMSF – Pneumatici per tutte le stagioni"
"5420068676194","B0D5NNSLMB","SUPERIA","145/70/13","SUPERIA 145/70 R13 71T 4 Stagioni Auto"
"5420068676200","B0DKY3ZHXQ","SUPERIA","155/70/13","SUPERIA 155/70 R13 75T 4 Stagioni Auto"
"5420068676248","B0D5HY3DFT","SUPERIA","165/70/14","SUPERIA 165/70 R14 81T 4 Stagioni Auto"
"5420068676255","B0DML16R1T","SUPERIA","165/70/14","SUPERIA 165/70 R14 85T 4 Stagioni XL Auto"
"5420068676262","B0DK9YGF8K","SUPERIA","175/70/14","SUPERIA 175/70 R14 84T 4 Stagioni Auto"
"5420068676279","B0D47345QR","SUPERIA","175/70/14","SUPERIA 175/70 R14 88T 4 Stagioni XL Auto"
"5420068676293","B0D472YJRR","SUPERIA","155/65/13","SUPERIA 155/65 R13 73T 4 Stagioni Auto"
"5420068676309","B0D5Q28NBJ","SUPERIA","175/65/13","SUPERIA 175/65 R13 80T 4 Stagioni Auto"
"5420068676361","B0D957FP52","SUPERIA","165/65/15","SUPERIA 165/65 R15 81H 4 Stagioni Auto"
"5420068676446","B0D4DRVN28","SUPERIA","215/65/16","SUPERIA 215/65 R16 98H 4 Stagioni Auto"
"5420068676453","B0DJQ1B33H","SUPERIA","215/65/16","SUPERIA 215/65 R16 98V 4 Stagioni Auto"
"5420068676460","B0DCV8RGWF","SUPERIA","215/65/16","SUPERIA 215/65 R16 102V 4 Stagioni XL Auto"
"5420068676477","B0D57ZDZ4P","SUPERIA","165/60/14","SUPERIA 165/60 R14 79H 4 Stagioni XL Auto"
"5420068676484","B0D5NQVZ78","SUPERIA","185/60/14","SUPERIA - 185/60 R14 TL 82H ECOBLUE 4S BSW M+S 3PMSF – Pneumatici per tutte le stagioni"
"5420068676514","B0D5NMKJWN","SUPERIA","195/60/15","SUPERIA 195/60 R15 88H 4 Stagioni Auto"
"5420068676545","B0D62CMFY4","SUPERIA","215/60/16","SUPERIA 215/60 R16 99V 4 Stagioni XL Auto"
"5420068676552","B0D57QNVXR","SUPERIA","225/60/16","SUPERIA 225/60 R16 102V 4 Stagioni XL Auto"
"5420068676590","B0D5F54HYT","SUPERIA","195/55/15","SUPERIA 195/55 R15 85H 4 Stagioni Auto"
"5420068676606","B0DCV7Q6JW","SUPERIA","185/55/16","SUPERIA 185/55 R16 87V 4 Stagioni XL Auto"
"5420068676613","B0D4726RTX","SUPERIA","195/55/16","SUPERIA 195/55 R16 87V 4 Stagioni Auto"
"5420068676644","B0D5FCC8BV","SUPERIA","205/55/16","SUPERIA 205/55 R16 94H 4 Stagioni XL Auto"
"5420068676668","B0D4D8BFN2","SUPERIA","205/55/16","SUPERIA 205/55 R16 94V 4 Stagioni XL Auto"
"5420068676675","B0D5PZW9KW","SUPERIA","215/55/16","SUPERIA 215/55 R16 97V 4 Stagioni XL Auto"
"5420068676682","B0DPNBNT9R","SUPERIA","225/55/16","SUPERIA 225/55 R16 99V 4 Stagioni XL Auto"
"5420068676705","B0D866T636","SUPERIA","215/55/17","SUPERIA 215/55 R17 98W 4 Stagioni XL Auto"
"5420068676750","B0DNQ52QWH","SUPERIA","195/50/16","SUPERIA 195/50 R16 88V 4 Stagioni XL Auto"
"5420068676767","B0D474MMMN","SUPERIA","205/50/17","SUPERIA 205/50 R17 93W 4 Stagioni XL Auto"
"5420068676774","B0D472KWNQ","SUPERIA","215/50/17","SUPERIA 215/50 R17 95W 4 Stagioni XL Auto"
"5420068676781","B0DJRYGDWV","SUPERIA","225/50/17","SUPERIA 225/50 R17 94W 4 Stagioni Auto"
"5420068676798","B0DCV8583G","SUPERIA","225/50/17","SUPERIA 225/50 R17 98W 4 Stagioni XL Auto"
"5420068676804","B0DNV2HLMR","SUPERIA","215/50/18","SUPERIA 215/50 R18 92W 4 Stagioni Auto"
"5420068676811","B0D957BWT6","SUPERIA","225/50/18","SUPERIA 225/50 R18 99W 4 Stagioni XL Auto"
"5420068676842","B0D62LC4TS","SUPERIA","235/50/19","SUPERIA 235/50 R19 103W 4 Stagioni XL Fuoristrada"
"5420068676859","B0DMTXL7SG","SUPERIA","195/45/16","SUPERIA 195/45 R16 84V 4 Stagioni XL Auto"
"5420068676866","B0DNJL68RK","SUPERIA","205/45/16","SUPERIA 205/45 R16 87W 4 Stagioni XL Auto"
"5420068676880","B0D57YMXBJ","SUPERIA","225/45/17","SUPERIA 225/45 R17 91W 4 Stagioni Auto"
"5420068676897","B0D45DD8HN","SUPERIA","225/45/17","SUPERIA 225/45 R17 94W 4 Stagioni XL Auto"
"5420068676903","B0D5HWHJN3","SUPERIA","235/45/17","SUPERIA 235/45 R17 97W 4 Stagioni XL Auto"
"5420068676910","B0D938H3WR","SUPERIA","245/45/17","SUPERIA 245/45 R17 99W 4 Stagioni XL Auto"
"5420068676934","B0DJCJG32P","SUPERIA","235/45/18","SUPERIA 235/45 R18 98W 4 Stagioni XL Auto"
"5420068676965","B0DJCJHYDR","SUPERIA","235/45/19","SUPERIA 235/45 R19 99W 4 Stagioni XL Auto"
"5420068676996","B0DLYNPG3Y","SUPERIA","255/45/20","SUPERIA 255/45 R20 105W 4 Stagioni XL Auto"
"5420068677009","B0DJCHN3DK","SUPERIA","215/40/17","SUPERIA 215/40 R17 87W 4 Stagioni XL Auto"
"5420068677023","B0DD51WY2P","SUPERIA","235/40/18","SUPERIA 235/40 R18 95W 4 Stagioni XL Auto"
"5420068677054","B0DCV8PQHC","SUPERIA","235/40/19","SUPERIA 235/40 R19 96W 4 Stagioni XL Auto"
"5420068677061","B0D8VDQQZP","SUPERIA","245/40/19","SUPERIA 245/40 R19 98W 4 Stagioni XL Auto"
"5420068677078","B0DPCSVVST","SUPERIA","255/40/19","SUPERIA 255/40 R19 100W 4 Stagioni XL Auto"
"5420068677085","B0DPLBJXGC","SUPERIA","255/35/18","SUPERIA 255/35 R18 94W 4 Stagioni XL Auto"
"5420068677092","B0DTTHHZDG","SUPERIA","225/35/19","SUPERIA 225/35 R19 88W 4 Stagioni XL Auto"
"5420068677108","B0D8KC3SXK","SUPERIA","245/35/19","SUPERIA - 245/35 R19 TL 93W ECOBLUE2 4S XL BSW M+S 3PMSF – Pneumatici per tutte le stagioni"
"5420068677122","B0D5Q2ZDXP","SUPERIA","255/35/20","SUPERIA 255/35 R20 97Y 4 Stagioni XL Auto"
"5420068677146","B0D7P66SXL","SUPERIA","185/75/16","SUPERIA 185/75 R16 104/102R 4 Stagioni LCamion"
"5420068677153","B0D7YWG48R","SUPERIA","195/75/16","SUPERIA 195/75 R16 107/105R 4 Stagioni LCamion"
"5420068677160","B0D48WMDHB","SUPERIA","205/75/16","SUPERIA 205/75 R16 113/111R 4 Stagioni LCamion"
"5420068677177","B0D495MHDZ","SUPERIA","215/75/16","SUPERIA 215/75 R16 113/111R 4 Stagioni LCamion"
"5420068677191","B0DCV8LKX8","SUPERIA","175/70/14","SUPERIA 175/70 R14 95/93T 4 Stagioni LCamion"
"5420068677221","B0D498C8G2","SUPERIA","215/70/15","SUPERIA 215/70 R15 109/107R 4 Stagioni LCamion"
"5420068677245","B0D86QSNJX","SUPERIA","175/65/14","SUPERIA 175/65 R14 90/88T 4 Stagioni LCamion"
"5420068677252","B0DD515ZHB","SUPERIA","195/65/16","SUPERIA 195/65 R16 104/102R 4 Stagioni LCamion"
"5420068677269","B0D48XTQY5","SUPERIA","205/65/16","SUPERIA 205/65 R16 107/105T 4 Stagioni LCamion"
"5420068677283","B0D496VB2H","SUPERIA","225/65/16","SUPERIA 225/65 R16 112/110R 4 Stagioni LCamion"
"5420068677290","B0D48YL2KV","SUPERIA","235/65/16","SUPERIA 235/65 R16 115/113R 4 Stagioni LCamion"
"5420068677306","B0D48TR63H","SUPERIA","235/65/16","SUPERIA 235/65 R16 121/119R 4 Stagioni LCamion"
"5420068677313","B0D5NNX9Z8","SUPERIA","195/60/16","SUPERIA 195/60 R16 99/97H 4 Stagioni LCamion"
"5420068677320","B0DG8LBZD7","SUPERIA","215/60/16","SUPERIA 215/60 R16 103/101T 4 Stagioni LCamion"
"5420068677337","B0DCVDKLHL","SUPERIA","215/60/17","SUPERIA 215/60 R17 109/107T 4 Stagioni LCamion"
"5420068677382","B0D6285QTN","SUPERIA","235/65/17","SUPERIA 235/65 R17 108V 4 Stagioni XL Auto"
"5420068677436","B0DMY49RZF","SUPERIA","225/60/18","SUPERIA 225/60 R18 104W 4 Stagioni XL Fuoristrada"
"5420068677504","B0FP5JYRFD","ATLAS","205/55/16","ATLAS 205/55 R16 94V 4 Stagioni XL Auto"
"5420068677511","B0F68Y6F5K","ATLAS","215/55/16","ATLAS 215/55 R16 97V 4 Stagioni XL Auto"
"5420068677528","B0FP5L6WLN","ATLAS","225/55/16","ATLAS 225/55 R16 99V 4 Stagioni XL Auto"
"5420068677535","B0FP5K4VQV","ATLAS","205/55/17","ATLAS 205/55 R17 95W 4 Stagioni XL Auto"
"5420068677559","B0FP5KYJB3","ATLAS","225/55/17","ATLAS 225/55 R17 101W 4 Stagioni XL Auto"
"5420068677566","B0FP5DR9TD","ATLAS","235/55/17","ATLAS 235/55 R17 103W 4 Stagioni XL Auto"
"5420068677597","B0FP5JFC2D","ATLAS","195/50/16","ATLAS 195/50 R16 88V 4 Stagioni XL Auto"
"5420068677603","B0F68Q3KV2","ATLAS","205/50/17","Pneumatici ATLAS GREEN3 4S 205/50 R17 93W - 4 Stagioni 5420068677603"
"5420068677610","B0F68K21MW","ATLAS","215/50/17","Pneumatici ATLAS GREEN3 4S 215/50 R17 95W - 4 Stagioni 5420068677610"
"5420068677641","B0FP5QJW2W","ATLAS","215/50/18","ATLAS 215/50 R18 92W 4 Stagioni Auto"
"5420068677658","B0G2MP6LFL","ATLAS","225/50/18","ATLAS 225/50 R18 99W 4 Stagioni XL Auto"
"5420068677672","B0G2MMYKHV","ATLAS","245/50/18","ATLAS 245/50 R18 104Y 4 Stagioni XL Fuoristrada"
"5420068677689","B0FP5L9N67","ATLAS","235/50/19","ATLAS 235/50 R19 103W 4 Stagioni XL Fuoristrada"
"5420068677696","B0FP5L2GJH","ATLAS","195/45/16","ATLAS 195/45 R16 84V 4 Stagioni XL Auto"
"5420068677733","B0F67PSK19","ATLAS","225/45/17","Pneumatici ATLAS GREEN3 4S 225/45 R17 94W - 4 Stagioni 5420068677733"
"5420068677740","B0FP5MZFM2","ATLAS","235/45/17","ATLAS 235/45 R17 97W 4 Stagioni XL Auto"
"5420068677757","B0FP5GSZRZ","ATLAS","245/45/17","ATLAS 245/45 R17 99W 4 Stagioni XL Auto"
"5420068677771","B0FP5JT3G8","ATLAS","235/45/18","ATLAS 235/45 R18 98W 4 Stagioni XL Auto"
"5420068677795","B0FP5JZQYS","ATLAS","225/45/19","ATLAS 225/45 R19 96W 4 Stagioni XL Auto"
"5420068677801","B0FP5JVZBL","ATLAS","235/45/19","ATLAS 235/45 R19 99W 4 Stagioni XL Auto"
"5420068677825","B0FP5HBTH4","ATLAS","255/45/19","ATLAS 255/45 R19 104Y 4 Stagioni XL Fuoristrada"
"5420068677832","B0FP5JCN97","ATLAS","255/45/20","ATLAS 255/45 R20 105W 4 Stagioni XL Fuoristrada"
"5420068677849","B0FP5L2TBT","ATLAS","215/40/17","ATLAS 215/40 R17 87W 4 Stagioni XL Auto"
"5420068677856","B0F67S1738","ATLAS","225/40/18","Pneumatici ATLAS GREEN3 4S 225/40 R18 92W - 4 Stagioni 5420068677856"
"5420068677887","B0F68Y24PR","ATLAS","225/40/19","Pneumatici ATLAS GREEN3 4S 225/40 R19 93W - 4 Stagioni 5420068677887"
"5420068677894","B0FP5K4NLX","ATLAS","235/40/19","ATLAS 235/40 R19 96W 4 Stagioni XL Auto"
"5420068677900","B0FP5J5CYC","ATLAS","245/40/19","ATLAS 245/40 R19 98W 4 Stagioni XL Auto"
"5420068677917","B0FP5JSV7N","ATLAS","255/40/19","ATLAS 255/40 R19 100W 4 Stagioni XL Auto"
"5420068677924","B0FP5NJ7PB","ATLAS","255/35/18","ATLAS 255/35 R18 94W 4 Stagioni XL Auto"
"5420068677948","B0FP5NJDW7","ATLAS","245/35/19","ATLAS 245/35 R19 93W 4 Stagioni XL Auto"
"5420068677962","B0GL9XMBJT","ATLAS","255/35/20","ATLAS 255/35 R20 97Y 4 Stagioni XL Auto"
"5420068677986","B0G2MSJW3H","ATLAS","185/75/16","ATLAS 185/75 R16 104/102R 4 Stagioni LCamion"
"5420068678006","B0F68KFJ75","ATLAS","205/75/16","Pneumatico ATLAS GRE-4S 205/75 R16 113/111R"
"5420068678013","B0G2MMFYSW","ATLAS","215/75/16","ATLAS 215/75 R16 113/111R 4 Stagioni LCamion"
"5420068678044","B0G2MVFTZP","ATLAS","195/70/15","ATLAS 195/70 R15 104/102R 4 Stagioni LCamion"
"5420068678051","B0G2TY45VV","ATLAS","205/70/15","ATLAS 205/70 R15 106/104R 4 Stagioni LCamion"
"5420068678068","B0F6955FKF","ATLAS","215/70/15","Pneumatici ATLAS GREEN VAN 4S 215/70 R15 109/107R - 4 Stagioni 5420068678068"
"5420068678082","B0G2V3S1SD","ATLAS","175/65/14","ATLAS 175/65 R14 90/88T 4 Stagioni LCamion"
"5420068678099","B0G2MK9XWZ","ATLAS","195/65/16","ATLAS 195/65 R16 104/102R 4 Stagioni LCamion"
"5420068678105","B0F695L9GV","ATLAS","205/65/16","ATLAS 205/65 R16 107/105T 4 Stagioni LCamion"
"5420068678112","B0G2MNVGQP","ATLAS","215/65/16","ATLAS 215/65 R16 109/107T 4 Stagioni LCamion"
"5420068678129","B0G2MPH26K","ATLAS","225/65/16","ATLAS 225/65 R16 112/110R 4 Stagioni LCamion"
"5420068678136","B0G2MPGC4X","ATLAS","235/65/16","ATLAS 235/65 R16 115/113R 4 Stagioni LCamion"
"5420068678150","B0G2TZ9SRJ","ATLAS","195/60/16","ATLAS 195/60 R16 99/97H 4 Stagioni LCamion"
"5420068678167","B0G2MVM9TC","ATLAS","215/60/16","ATLAS 215/60 R16 103/101T 4 Stagioni LCamion"
"5420068678174","B0F68PMQ5B","ATLAS","215/60/17","Pneumatico ATLAS GRE-4S 215/60 R17 109/107T"
"5420068678228","B0F68FDTHK","ATLAS","235/65/17","Pneumatici ATLAS GREEN 4S 235/65 R17 108V - 4 Stagioni 5420068678228"
"5420068678266","B0FP5JX971","ATLAS","225/60/17","ATLAS 225/60 R17 99V 4 Stagioni Auto"
"5420068678273","B0F67QK5DB","ATLAS","225/60/18","Pneumatici ATLAS GREEN3 4S 225/60 R18 104W - 4 Stagioni 5420068678273"
"5420068678280","B0FP5HPD6K","ATLAS","235/60/18","ATLAS 235/60 R18 107W 4 Stagioni XL Fuoristrada"
"5420068678327","B0FP5GP422","ATLAS","225/55/19","ATLAS 225/55 R19 99W 4 Stagioni Auto"
"5420068678341","B0DCV8JK8M","FORTUNA","145/80/13","FORTUNA 145/80 R13 79T 4 Stagioni XL Auto"
"5420068678358","B0DGPMGN47","FORTUNA","155/80/13","FORTUNA 155/80 R13 79T 4 Stagioni Auto"
"5420068678365","B0F89Q61R1","FORTUNA","175/80/14","FORTUNA 175/80 R14 88T 4 Stagioni Auto"
"5420068678372","B0D44SX6Y2","FORTUNA","145/70/13","FORTUNA 145/70 R13 71T 4 Stagioni Auto"
"5420068678433","B0D475TNQ9","FORTUNA","165/70/14","FORTUNA 165/70 R14 85T 4 Stagioni XL Auto"
"5420068678440","B0F68JVYBV","FORTUNA","175/70/14","FORTUNA 175/70 R14 84T 4 Stagioni Auto"
"5420068678457","B0D5V1J2TH","FORTUNA","175/70/14","FORTUNA 175/70 R14 88T 4 Stagioni XL Auto"
"5420068678471","B0DCVCS12Y","FORTUNA","155/65/13","FORTUNA 155/65 R13 73T 4 Stagioni Auto"
"5420068678488","B0D8RPT61Z","FORTUNA","175/65/13","FORTUNA 175/65 R13 80T 4 Stagioni Auto"
"5420068678549","B0DGPK3K2G","FORTUNA","165/65/15","FORTUNA 165/65 R15 81H 4 Stagioni Auto"
"5420068678624","B0DWV29Z99","FORTUNA","215/65/16","FORTUNA 215/65 R16 98H 4 Stagioni Auto"
"5420068678631","B0D958SWLZ","FORTUNA","215/65/16","FORTUNA 215/65 R16 98V 4 Stagioni Auto"
"5420068678648","B0FPY5V1J4","FORTUNA","215/65/16","FORTUNA 215/65 R16 102V 4 Stagioni XL Auto"
"5420068678655","B0D44Z1G6J","FORTUNA","165/60/14","FORTUNA 165/60 R14 79H 4 Stagioni XL Auto"
"5420068678662","B0FPXRQF3X","FORTUNA","185/60/14","FORTUNA 185/60 R14 82H 4 Stagioni Auto"
"5420068678693","B0F89QKRSB","FORTUNA","195/60/15","FORTUNA 195/60 R15 88H 4 Stagioni Auto"
"5420068678723","B0D5TBQK2H","FORTUNA","215/60/16","FORTUNA - 215/60 R16 TL 99V ECOPLUS2 4S XL BSW M+S 3PMSF – Pneumatici per tutte le stagioni"
"5420068678730","B0D5491HHV","FORTUNA","225/60/16","FORTUNA 225/60 R16 102V 4 Stagioni XL Auto"
"5420068678747","B0D5TFFG6M","FORTUNA","185/55/14","FORTUNA 185/55 R14 80H 4 Stagioni Auto"
"5420068678778","B0DG317V4M","FORTUNA","195/55/15","FORTUNA 195/55 R15 85H 4 Stagioni Auto"
"5420068678785","B0D5F9C51V","FORTUNA","185/55/16","FORTUNA 185/55 R16 87V 4 Stagioni XL Auto"
"5420068678822","B0FPXSLTT9","FORTUNA","205/55/16","FORTUNA 205/55 R16 94H 4 Stagioni XL Auto"
"5420068678846","B0D4591D12","FORTUNA","205/55/16","FORTUNA 205/55 R16 94V 4 Stagioni XL Auto"
"5420068678860","B0D44LRMJG","FORTUNA","225/55/16","FORTUNA - 225/55 R16 TL 99V ECOPLUS 4S XL BSW M+S 3PMSF – Pneumatici per tutte le stagioni"
"5420068678877","B0D938T2G6","FORTUNA","205/55/17","FORTUNA 205/55 R17 95W 4 Stagioni XL Auto"
"5420068678891","B0D65V4D11","FORTUNA","225/55/17","FORTUNA 225/55 R17 101W 4 Stagioni XL Auto"
"5420068678921","B0F7M63Q9J","FORTUNA","185/50/16","FORTUNA 185/50 R16 81V 4 Stagioni Auto"
"5420068678938","B0D7YXSQWV","FORTUNA","195/50/16","FORTUNA 195/50 R16 88V 4 Stagioni XL Auto"
"5420068678952","B0D65RMZG4","FORTUNA","215/50/17","FORTUNA 215/50 R17 95W 4 Stagioni XL Auto"
"5420068678969","B0F67Q35YT","FORTUNA","225/50/17","Pneumatici FORTUNA ECOPLUS2 4S 225/50 R17 94W - 4 Stagioni 5420068678969"
"5420068678983","B0F7M53QHM","FORTUNA","215/50/18","FORTUNA 215/50 R18 92W 4 Stagioni Auto"
"5420068678990","B0D937HDZZ","FORTUNA","225/50/18","FORTUNA 225/50 R18 99W 4 Stagioni XL Auto"
"5420068679027","B0D5HVC26P","FORTUNA","235/50/19","FORTUNA 235/50 R19 103W 4 Stagioni XL Auto"
"5420068679034","B0D5HXRNVP","FORTUNA","195/45/16","FORTUNA 195/45 R16 84V 4 Stagioni XL Auto"
"5420068679041","B0D8XRMHQS","FORTUNA","205/45/16","FORTUNA 205/45 R16 87W 4 Stagioni XL Auto"
"5420068679089","B0D5473P3M","FORTUNA","235/45/17","FORTUNA 235/45 R17 97W 4 Stagioni XL Auto"
"5420068679096","B0D549S4P2","FORTUNA","245/45/17","FORTUNA 245/45 R17 99W 4 Stagioni XL Auto"
"5420068679119","B0FK4772KF","FORTUNA","235/45/18","FORTUNA 235/45 R18 98W 4 Stagioni XL Auto"
"5420068679140","B0F7M5KM33","FORTUNA","235/45/19","FORTUNA 235/45 R19 99W 4 Stagioni XL Auto"
"5420068679164","B0FCDTYLZG","FORTUNA","255/45/19","FORTUNA 255/45 R19 104Y 4 Stagioni XL Fuoristrada"
"5420068679171","B0D956VCJS","FORTUNA","255/45/20","FORTUNA 255/45 R20 105W 4 Stagioni XL Auto"
"5420068679188","B0F68TB6R7","FORTUNA","215/40/17","FORTUNA 215/40 R17 87W 4 Stagioni XL Auto"
"5420068679195","B0D5FBNCFS","FORTUNA","225/40/18","FORTUNA 225/40 R18 92W 4 Stagioni XL Auto"
"5420068679201","B0DCV8V6K1","FORTUNA","235/40/18","FORTUNA 235/40 R18 95W 4 Stagioni XL Auto"
"5420068679225","B0DCV8RL7R","FORTUNA","225/40/19","FORTUNA 225/40 R19 93W 4 Stagioni XL Auto"
"5420068679232","B0D8VBPTFS","FORTUNA","235/40/19","FORTUNA 235/40 R19 96W 4 Stagioni XL Auto"
"5420068679249","B0D57SKZBM","FORTUNA","245/40/19","FORTUNA - 245/40 R19 TL 98W ECOPLUS2 4S XL BSW M+S 3PMSF – Pneumatici per tutte le stagioni"
"5420068679263","B0FPXRGVXJ","FORTUNA","255/35/18","FORTUNA 255/35 R18 94W 4 Stagioni XL Auto"
"5420068679270","B0F68JW31R","FORTUNA","225/35/19","Pneumatici FORTUNA ECOPLUS 4S 225/35 R19 88W - 4 Stagioni 5420068679270"
"5420068679287","B0FPXSKB8N","FORTUNA","245/35/19","FORTUNA 245/35 R19 93W 4 Stagioni XL Auto"
"5420068679324","B0F68JVYBS","FORTUNA","185/75/16","Pneumatici FORTUNA ECOPLUS VAN 4S 185/75 R16 104/102R - 4 Stagioni 5420068679324"
"5420068679355","B0D5TZ7QVC","FORTUNA","215/75/16","FORTUNA 215/75 R16 113/111R 4 Stagioni LCamion"
"5420068679379","B0FHGDHPW2","FORTUNA","175/70/14","FORTUNA 175/70 R14 95/93T 4 Stagioni LCamion"
"5420068679386","B0FL1KBJ7M","FORTUNA","195/70/15","FORTUNA 195/70 R15 104/102R 4 Stagioni LCamion"
"5420068679409","B0D8X769FW","FORTUNA","215/70/15","FORTUNA 215/70 R15 109/107R 4 Stagioni LCamion"
"5420068679423","B0D5TR7KPB","FORTUNA","175/65/14","FORTUNA 175/65 R14 90/88T 4 Stagioni LCamion"
"5420068679430","B0D5QBY1D7","FORTUNA","195/65/16","FORTUNA 195/65 R16 104/102R 4 Stagioni LCamion"
"5420068679447","B0D545XY8C","FORTUNA","205/65/16","FORTUNA 205/65 R16 107/105T 4 Stagioni LCamion"
"5420068679454","B0D65ZDCG3","FORTUNA","215/65/16","FORTUNA 215/65 R16 109/107T 4 Stagioni LCamion"
"5420068679461","B0D7P64F8V","FORTUNA","225/65/16","FORTUNA 225/65 R16 112/110R 4 Stagioni LCamion"
"5420068679478","B0D57Y5MHM","FORTUNA","235/65/16","FORTUNA 235/65 R16 115/113R 4 Stagioni LCamion"
"5420068679492","B0D5NDPKT3","FORTUNA","195/60/16","FORTUNA 195/60 R16 99/97H 4 Stagioni LCamion"
"5420068679515","B0D65TNKBX","FORTUNA","215/60/17","FORTUNA 215/60 R17 109/107T 4 Stagioni LCamion"
"5420068679553","B0DCV8P8CK","FORTUNA","225/65/17","FORTUNA 225/65 R17 102V 4 Stagioni Fuoristrada"
"5420068679560","B0D956VWCS","FORTUNA","235/65/17","FORTUNA 235/65 R17 108V 4 Stagioni XL Fuoristrada"
"5420068679607","B0D939NFDL","FORTUNA","225/60/17","FORTUNA 225/60 R17 99V 4 Stagioni Auto"
"5420068679621","B0D8VD19FD","FORTUNA","235/60/18","FORTUNA 235/60 R18 107W 4 Stagioni XL Fuoristrada"
"5420068679669","B0DCVDR95T","FORTUNA","225/55/19","FORTUNA 225/55 R19 99W 4 Stagioni Auto"
"5420068679690","B0F67R49YP","ATLAS","165/70/13","Pneumatici ATLAS GREEN3 4S 165/70 R13 83T - 4 Stagioni 5420068679690"
"5420068679706","B0F68FPST5","ATLAS","175/70/13","Pneumatici ATLAS GREEN3 4S 175/70 R13 82T - 4 Stagioni 5420068679706"
"5420068679713","B0FP5JJ7M4","ATLAS","185/70/13","ATLAS 185/70 R13 86T 4 Stagioni Auto"
"5420068679720","B0FP5GNTZ6","ATLAS","185/70/14","ATLAS 185/70 R14 88T 4 Stagioni Auto"
"5420068679737","B0G2MX4NBT","ATLAS","205/70/14","ATLAS 205/70 R14 98T 4 Stagioni XL Auto"
"5420068679744","B0FP5P4RYF","ATLAS","155/65/14","ATLAS 155/65 R14 75T 4 Stagioni Auto"
"5420068679751","B0FP5LB861","ATLAS","165/65/14","ATLAS 165/65 R14 79T 4 Stagioni Auto"
"5420068679775","B0G3LPKM54","ATLAS","175/65/14","ATLAS 175/65 R14 86T 4 Stagioni XL Auto"
"5420068679799","B0G2MVJCRD","ATLAS","175/65/15","ATLAS 175/65 R15 84H 4 Stagioni Auto"
"5420068679805","B0F68KH3QX","ATLAS","185/65/15","ATLAS 185/65 R15 88H 4 Stagioni Auto"
"5420068679812","B0F67R1YX9","ATLAS","185/65/15","Pneumatici ATLAS GREEN3 4S 185/65 R15 92H - 4 Stagioni 5420068679812"
"5420068679829","B0FP5K9HJ3","ATLAS","195/65/15","ATLAS 195/65 R15 91H 4 Stagioni Auto"
"5420068679836","B0F68Q44KV","ATLAS","195/65/15","ATLAS 195/65 R15 95H 4 Stagioni XL Auto"
"5420068679843","B0FW5432SM","ATLAS","205/65/15","Pneumatico ATLAS GR3-4S 205/65 R15 94 V"
"5420068679850","B0FP5GV3TY","ATLAS","185/60/15","ATLAS 185/60 R15 84H 4 Stagioni Auto"
"5420068679867","B0F68Q424T","ATLAS","185/60/15","Pneumatici ATLAS GREEN3 4S 185/60 R15 88H - 4 Stagioni 5420068679867"
"5420068679881","B0FP5JT3LF","ATLAS","205/60/16","ATLAS 205/60 R16 92H 4 Stagioni Auto"
"5420068679898","B0FP5L92HG","ATLAS","205/60/16","ATLAS 205/60 R16 96V 4 Stagioni XL Auto"
"5420068679904","B0FP5P8CF9","ATLAS","185/55/15","ATLAS 185/55 R15 82H 4 Stagioni Auto"
"5420068679911","B0FP5KPP2D","ATLAS","185/55/15","ATLAS 185/55 R15 86V 4 Stagioni XL Auto"
"5420068679935","B0F67RL46R","ATLAS","195/55/15","Pneumatici ATLAS GREEN3 4S 195/55 R15 85V - 4 Stagioni 5420068679935"
"5420068679959","B0G2MRPBFB","ATLAS","215/55/16","ATLAS 215/55 R16 97W 4 Stagioni XL Auto"
"5420068679966","B0F67LJHZD","ATLAS","195/50/15","Pneumatici ATLAS GREEN3 4S 195/50 R15 82V - 4 Stagioni 5420068679966"
"5420068679973","B0G3LP7DNT","ATLAS","205/45/17","ATLAS 205/45 R17 88W 4 Stagioni XL Auto"
"5420068681228","B0132XA0QK","SUPERIA","145/80/13","Superia Ecoblue HP - 145/80R13 75T - Pneumatico Estivo"
"5420068681242","B0132XLNSY","SUPERIA","155/80/13","Superia Ecoblue HP - 155/80R13 79T - Pneumatico Estivo"
"5420068681266","B0132X6JM4","SUPERIA","145/70/13","Superia Ecoblue HP - 145/70R13 71T - Pneumatico Estivo"
"5420068681273","B0132W5QSI","SUPERIA","155/70/13","Superia Ecoblue HP - 155/70R13 75T - Pneumatico Estivo"
"5420068681631","B00Z5QGUFS","SUPERIA","225/50/16","Superia Ecoblue UHP - 225/50R16 92W - Pneumatico Estivo"
"5420068681716","B0132X0OE8","SUPERIA","225/45/18","Superia Ecoblue UHP XL - 225/45R18 95W - Pneumatico Estivo"
"5420068681730","B0132X16A4","SUPERIA","215/40/17","Superia Ecoblue UHP XL - 215/40R17 87W - Pneumatico Estivo"
"5420068681747","B0132XHG4O","SUPERIA","215/35/18","Superia Ecoblue UHP XL - 215/35R18 84W - Pneumatico Estivo"
"5420068681761","B0132Y74MW","SUPERIA","225/35/19","Superia Ecoblue UHP XL - 225/35R19 88W - Pneumatico Estivo"
"5420068681853","B017DDYCVE","SUPERIA","225/60/17","Superia Ecoblue SUV - 225/60R17 99H - Pneumatico Estivo"
"5420068681860","B017DDYELC","SUPERIA","235/60/17","Superia Ecoblue SUV XL - 235/60R17 102V - Pneumatico Estivo"
"5420068681884","B017DDYHD2","SUPERIA","225/55/18","Superia Ecoblue SUV XL - 225/55R18 102V - Pneumatico Estivo"
"5420068681891","B017DDYIJK","SUPERIA","235/55/18","Superia Ecoblue SUV XL - 235/55R18 104V - Pneumatico Estivo"
"5420068681921","B017DDYN22","SUPERIA","255/50/19","Superia Ecoblue SUV XL - 255/50R19 107W - Pneumatico Estivo"
"5420068681969","B017DDYRL4","SUPERIA","275/40/20","Superia Ecoblue SUV XL - 275/40R20 106W - Pneumatico Estivo"
"5420068681983","B017TH2M5C","SUPERIA","155/80/13","Superia Bluewin HP M+S - 155/80R13 79T - Pneumatico Invernale"
"5420068681990","B01BNMJ8DI","SUPERIA","155/70/13","Superia Bluewin HP M+S - 155/70R13 75T - Pneumatico Invernale"
"5420068682027","B01BNLXYUC","SUPERIA","165/70/14","Superia Bluewin HP M+S - 165/70R14 81T - Pneumatico Invernale"
"5420068682041","B01BNLQRLK","SUPERIA","155/65/14","Superia Bluewin HP M+S - 155/65R14 75T - Pneumatico Invernale"
"5420068682058","B01BNLUVD0","SUPERIA","165/65/14","Superia Bluewin HP M+S - 165/65R14 79T - Pneumatico Invernale"
"5420068682065","B01BNMJBYO","SUPERIA","175/65/14","Superia Bluewin HP M+S - 175/65R14 82T - Pneumatico Invernale"
"5420068682072","B017TH2N2E","SUPERIA","175/65/14","Superia Bluewin HP XL M+S - 175/65R14 86T - Pneumatico Invernale"
"5420068682096","B01BNMHFUG","SUPERIA","175/65/15","Superia Bluewin HP M+S - 175/65R15 84T - Pneumatico Invernale"
"5420068682102","B017TH2NTW","SUPERIA","185/65/15","Superia Bluewin HP M+S - 185/65R15 88T - Pneumatico Invernale"
"5420068682119","B017SH5P70","SUPERIA","195/65/15","Superia Bluewin HP M+S - 195/65R15 91T - Pneumatico Invernale"
"5420068682126","B01BNMJM7U","SUPERIA","195/65/15","Superia Bluewin HP XL M+S - 195/65R15 95T - Pneumatico Invernale"
"5420068682133","B017SH5Q6A","SUPERIA","205/65/15","Superia Bluewin HP M+S - 205/65R15 94H - Pneumatico Invernale"
"5420068682157","B01BNMJPTA","SUPERIA","185/60/14","Superia Bluewin HP M+S - 185/60R14 82T - Pneumatico Invernale"
"5420068682171","B01BNMH7T0","SUPERIA","185/60/15","Superia Bluewin HP XL M+S - 185/60R15 88T - Pneumatico Invernale"
"5420068682188","B017SH5SLS","SUPERIA","195/60/15","Superia Bluewin HP M+S - 195/60R15 88T - Pneumatico Invernale"
"5420068682195","B017SH5TQM","SUPERIA","205/60/16","Superia Bluewin HP M+S - 205/60R16 92H - Pneumatico Invernale"
"5420068682201","B017SH5UT8","SUPERIA","205/60/16","Superia Bluewin HP XL M+S - 205/60R16 96H - Pneumatico Invernale"
"5420068682225","B017TH2OI2","SUPERIA","185/55/15","Superia Bluewin UHP M+S - 185/55R15 82H - Pneumatico Invernale"
"5420068682232","B017TH2P7C","SUPERIA","195/55/15","Superia Bluewin UHP M+S - 195/55R15 85H - Pneumatico Invernale"
"5420068682249","B017TH2Q1C","SUPERIA","195/55/16","Superia Bluewin UHP M+S - 195/55R16 87H - Pneumatico Invernale"
"5420068682300","B017SH60T2","SUPERIA","195/50/15","Superia Bluewin UHP M+S - 195/50R15 82H - Pneumatico Invernale"
"5420068682331","B01M7R0JN5","SUPERIA","195/45/16","Superia Bluewin UHP XL M+S - 195/45R16 84H - Pneumatico Invernale"
"5420068683109","B0132WMOB0","SUPERIA","165/60/15","Superia Ecoblue HP XL - 165/60R15 81T - Pneumatico Estivo"
"5420068683116","B01M1A10V6","SUPERIA","285/35/22","Superia Ecoblue SUV - 285/35R22 106W - Pneumatico Estivo"
"5420068683130","B01MA565XU","SUPERIA","165/60/14","Superia Ecoblue HP - 165/60R14 75H - Pneumatico Estivo"
"5420068683406","B01N53T3BW","SUPERIA","185/65/15","Superia Bluewin HP XL M+S - 185/65R15 92T - Pneumatico Invernale"
"5420068683864","B075CXQV4Z","SUPERIA","215/45/16","SUPERIA ECOBLUE 4S XL 215/45R16 90V TL"
"5420068683987","B075CZ3G5Y","SUPERIA","235/75/15","Superia Bluewin SUV XL – 235/75R15 105T – Pneumatici invernali"
"5420068683994","B075CY4WND","SUPERIA","205/70/15","SUPERIA BLUEWIN SUV 205/70R15 96T TL"
"5420068684007","B075FLB3BZ","SUPERIA","215/70/16","SUPERIA BLUEWIN SUV 215/70R16 100T TL"
"5420068684014","B075CYBRC7","SUPERIA","225/70/16","SUPERIA BLUEWIN SUV 225/70R16 103T TL"
"5420068684021","B076YW7N7Q","SUPERIA","235/70/16","SUPERIA 235/70 16 106T Invernale XL Auto"
"5420068684038","B07B5JYD6H","SUPERIA","245/70/16","1 Superia Bluewin SUV 245/70R16 111T XL"
"5420068684052","B075CZ8V8Q","SUPERIA","225/65/17","SUPERIA BLUEWIN SUV 225/65R17 102H TL"
"5420068684069","B075CXRD1S","SUPERIA","235/65/17","GOMME PNEUMATICI BLUEWIN SUV 235/65 R17 104H SUPERIA"
"5420068684076","B075CZ39WR","SUPERIA","215/60/17","SUPERIA BLUEWIN SUV 215/60R17 96H TL"
"5420068684083","B075B3MS3Z","SUPERIA","225/60/17","SUPERIA BLUEWIN SUV 225/60R17 99H TL"
"5420068684090","B075FJQFNH","SUPERIA","235/60/18","SUPERIA BLUEWIN SUV XL 235/60R18 107H TL"
"5420068684113","B075FJKFBJ","SUPERIA","215/55/18","SUPERIA BLUEWIN SUV XL 215/55R18 99H TL"
"5420068684120","B077Z9P123","SUPERIA","235/55/18","SUPERIA BLUEWIN SUV XL 235/55R18 104H TL"
"5420068684151","B099S28Z63","SUPERIA","265/50/19","SUPERIA - 265/50 R19 TL 110H BLUEWIN SUV XL M+S 3PMSF – Pneumatici invernali"
"5420068684311","B097B5D5PX","SUPERIA","215/45/16","SUPERIA ECOBLUE UHP XL 215/45R16 90V TL"
"5420068684335","B09KH3CHCN","SUPERIA","245/40/17","GOMME PNEUMATICI ECOBLUE UHP XL 245/40 R17 95W SUPERIA"
"5420068684359","B09LCD1L82","SUPERIA","255/40/19","SUPERIA 255/40 R19 100W Estivo XL Auto"
"5420068684373","B097B54TCH","SUPERIA","265/35/18","SUPERIA ECOBLUE UHP XL 265/35R18 97W TL"
"5420068684397","B09KH2PHHB","SUPERIA","255/35/20","SUPERIA 255/35 20 97W Estivo XL Auto"
"5420068684403","B09KH4TM45","SUPERIA","275/30/19","SUPERIA 275/30 R19 96W Estivo XL Auto"
"5420068684489","B097B51Q3F","SUPERIA","165/60/15","SUPERIA ECOBLUE 4S XL 165/60R15 81T TL"
"5420068684496","B09KH4R2JS","SUPERIA","175/60/15","GOMME PNEUMATICI SUPERIA 175/60-15 81H ECOBLUE 4S"
"5420068684502","B089RMJR1Z","SUPERIA","195/60/16","SUPERIA 195/60 R16 89V 4 Stagioni Auto"
"5420068684519","B089RNDDNN","SUPERIA","205/50/16","SUPERIA ECOBLUE 4S XL 205/50R16 91W TL"
"5420068684557","B09KH4MN9P","SUPERIA","205/40/17","SUPERIA 205/40 R17 84W 4 Stagioni XL Auto"
"5420068686155","B089RMNM5N","SUPERIA","195/60/16","SUPERIA 195/60 R16 99T Invernale LCamion"
"5420068686322","B09KH556NL","SUPERIA","205/70/14","SUPERIA 205/70 R14 95T Estivo Auto"
"5420068686834","B089RMN1T8","SUPERIA","235/50/18","SUPERIA BLUEWIN UHP 2 XL 235/50R18 101V TL"
"5420068686889","B089RNC4BP","SUPERIA","255/45/18","SUPERIA BLUEWIN UHP 2 XL 255/45R18 103V TL"
"5420068686926","B089RMSKSG","SUPERIA","255/40/19","SUPERIA 255/40 R19 100V Invernale XL Auto"
"5420068686957","B089RLYK6S","SUPERIA","235/60/16","SUPERIA 235/60 R16 100H Invernale Fuoristrada"
"5420068686964","B089RN2LKK","SUPERIA","225/60/18","SUPERIA BLUEWIN SUV2 XL 225/60R18 104V TL"
"5420068687022","B097B3WMM2","SUPERIA","245/45/18","SUPERIA BLUEWIN UHP 2 XL 245/45R18 100V TL"
"5420068687039","B08LBF9Q22","SUPERIA","245/45/19","SUPERIA BLUEWIN UHP 2 XL 245/45R19 102V TL"
"5420068687060","B09KH3BKWJ","SUPERIA","175/65/14","SUPERIA 175/65 R14 82T Estivo Auto"
"5420068687077","B09KH3HRPL","SUPERIA","175/65/14","SUPERIA - 175/65 R14 TL 86T ECOBLUE HP XL - Pneumatici estivi"
"5420068687091","B09KH3CSWR","SUPERIA","185/65/15","SUPERIA 185/65 R15 88H Estivo Auto"
"5420068687169","B09KH32FSF","SUPERIA","175/65/14","SUPERIA 175/65 R14 82H Estivo Auto"
"5420068687329","B09KH31SMP","SUPERIA","185/65/15","SUPERIA 185/65 R15 88T Estivo Auto"
"5420068687350","B09QYGGCTP","SUPERIA","225/50/17","SUPERIA Pneumatici estivi 225/50 R17 TL 94W ECOBLUE UHP"
"5420068687572","B0C8142T8S","SUPERIA","175/70/14","SUPERIA 175/70 R14 84T Invernale Auto"
"5420068688005","B099S6JY5D","SUPERIA","165/70/13","SUPERIA 165/70 13 79T Estivo Auto"
"5420068688012","B099S2YY5Q","SUPERIA","165/70/13","SUPERIA - Pneumatici estivi 165/70 R13 TL 83T ECOBLUE HP XL BSW"
"5420068688029","B099S2R7CM","SUPERIA","185/70/13","SUPERIA 185/70 R13 86T Estivo Auto"
"5420068688036","B099S4SMZG","SUPERIA","175/70/14","SUPERIA 175/70 14 84T Estivo Auto"
"5420068688043","B099S525MY","SUPERIA","175/70/14","SUPERIA 175/70 14 88T Estivo XL Auto"
"5420068688050","B09KH4SVNP","SUPERIA","155/65/13","SUPERIA 155/65 13 73T Estivo Auto"
"5420068688067","B099S32HPJ","SUPERIA","185/65/14","SUPERIA - Pneumatici estivi 185/65 R14 TL 86T ECOBLUE HP BSW"
"5420068688098","B099S2GTJN","SUPERIA","175/65/15","SUPERIA 175/65 15 84H Estivo Auto"
"5420068688135","B099S2VFPY","SUPERIA","185/60/14","SUPERIA - Pneumatici estivi 185/60 R14 TL 82H ECOBLUE HP BSW"
"5420068688142","B099S15WGX","SUPERIA","185/60/15","SUPERIA 185/60 15 84H Estivo Auto"
"5420068688159","B099S4MVZQ","SUPERIA","185/60/15","SUPERIA 185/60 15 88H Estivo XL Auto"
"5420068688180","B099S2SVT1","SUPERIA","225/60/16","SUPERIA 225/60 16 102V Estivo XL Auto"
"5420068688227","B09KH6JBQR","SUPERIA","225/55/16","SUPERIA 225/55 16 99V Estivo XL Auto"
"5420068688234","B099S11QXM","SUPERIA","225/55/16","SUPERIA 225/55 16 99W Estivo XL Auto"
"5420068688258","B099S4X43Z","SUPERIA","215/55/17","SUPERIA 215/55 17 98W Estivo XL Auto"
"5420068688333","B099S4Y8RQ","SUPERIA","245/45/17","SUPERIA 245/45 17 99W Estivo XL Auto"
"5420068688340","B099S3DNH1","SUPERIA","215/45/18","SUPERIA 215/45 18 93W Estivo XL Auto"
"5420068688357","B09BKDFJPT","SUPERIA","245/45/18","SUPERIA 245/45 18 100W Estivo XL Auto"
"5420068688449","B099S4SN34","SUPERIA","215/40/18","SUPERIA 215/40 18 89W Estivo XL Auto"
"5420068688456","B099S4TLBT","SUPERIA","235/40/18","SUPERIA - 235/40 R18 TL 95W ECOBLUE UHP XL BSW – Pneumatici estivi"
"5420068688494","B098W72RKJ","SUPERIA","255/30/20","SUPERIA 255/30 20 92Y Estivo XL Auto"
"5420068688685","B09XCGRD4T","SUPERIA","185/70/14","SUPERIA 185/70 14 88T Estivo Auto"
"5420068688722","B09BNDHR9G","SUPERIA","185/55/14","SUPERIA 185/55 14 80H Estivo Auto"
"5420068688739","B09BNGVK2H","SUPERIA","185/55/15","SUPERIA 185/55 15 82H Estivo Auto"
"5420068688746","B09KH45YCW","SUPERIA","185/55/15","SUPERIA - Pneumatici estivi 185/55 R15 TL 82 V ECOBLUE HP BSW"
"5420068688883","B09RP7VS56","SUPERIA","185/55/15","SUPERIA 185/55 R15 86V Estivo XL Auto"
"5420068688913","B0C814FQHJ","SUPERIA","225/50/18","SUPERIA 225/50 R18 99V Invernale XL Auto"
"5420068688920","B09P4WDCK9","SUPERIA","215/50/19","SUPERIA 215/50 R19 93T Invernale Auto"
"5420068688937","B0DCT7MNJT","SUPERIA","215/45/17","SUPERIA Pneumatici invernali 215/45 R17 TL 91V BLUEWIN UHP3 XL BSW M+S 3PMSF"
"5420068688944","B0C812VBXR","SUPERIA","225/45/19","SUPERIA 225/45 R19 96V Invernale XL Auto"
"5420068688982","B0CTKQ7MNK","SUPERIA","225/40/19","SUPERIA 225/40 R19 93V Invernale XL Auto"
"5420068689354","B0C816QY11","SUPERIA","235/35/19","SUPERIA 235/35 R19 91W Estivo XL Auto"
"5420068689392","B0CZ5P2MKF","SUPERIA","145/60/13","SUPERIA 145/60 R13 66T 4 Stagioni XL Auto"
"5420068689712","B0F8Y1RXHZ","SUPERIA","225/65/17","SUPERIA 225/65 R17 102H Estivo Auto"
"5420068689965","B0D1FL99TH","SUPERIA","165/70/14","SUPERIA 165/70 R14 81T Estivo Auto"
"5420068689972","B0D1FQ72WZ","SUPERIA","165/70/14","SUPERIA 165/70 R14 85T Estivo XL Auto"
"5452000468291","B06XB5LJYY","DUNLOP","225/40/19","DUNLOP 225/40 R19 93Y Estivo XL Auto"
"5452000468499","B00SRGVH4M","GOODYEAR","285/40/21","Goodyear Eagle F1 Asymmetric 2 SUV XL FP - 285/40R21 109Y - Pneumatico Estivo"
"5452000471772","B07CJ9TKR5","GOODYEAR","235/50/18","GOODYEAR 235/50 R18 97V Estivo Fuoristrada"
"5452000488534","B014VV96JY","GOODYEAR","215/50/17","Goodyear Vector-4S G2 XL 215/50/R17 95 V - Anno-Round Pneumatici - B/C/68"
"5452000497147","B01GML9X9E","DUNLOP","245/45/19","Dunlop SP MAXX RT 2 XL 245/45/R 19 102 Y - Pneumatico Estivo - A/C/69"
"5452000538031","B016KB64K2","GOODYEAR","205/55/16","Goodyear Vector-4S G2 XL 205/55/R 16 94 H - Anno-Round Pneumatici - B/C/75"
"5452000598707","B07WWK45RB","GOODYEAR","225/75/16","GOODYEAR 225/75 R16 121R 4 Stagioni LCamion"
"5452000667595","B0746G59BP","GOODYEAR","265/40/20","Goodyear Ultra Grip Performance G1 XL FP M+S - 265/40R20 104V - Pneumatico Invernale"
"5452000675996","B077L5S2ZS","GOODYEAR","235/55/19","Goodyear Eagle F1 Asymmetric 3 SUV XL FP - 235/55R19 105W - Pneumatico Estivo"
"5452000676016","B077L2WLQP","GOODYEAR","235/60/18","Goodyear Eagle F1 Asymmetric 3 SUV XL - 235/60R18 107V - Pneumatico Estivo"
"5452000680259","B07TBVW62J","GOODYEAR","235/65/16","GOODYEAR 235/65 R16 115S Invernale LCamion"
"5452000680921","B08Z1QBDB6","GOODYEAR","185/65/15","185/65HR15 GOODYEAR TL EFFI.GRIP PERF. 2 (EU) 88H *E*"
"5452000681058","B07N8JB27X","GOODYEAR","215/65/16","GOODYEAR 215/65 R16 106/104T 4 Stagioni LCamion"
"5452000681218","B07N8J1KQ7","GOODYEAR","205/65/16","GOODYEAR 205/65 R16 107T 4 Stagioni LCamion"
"5452000681614","B083ZMJ4ZG","GOODYEAR","205/60/16","Goodyear 76390 Pneumatico 205/60 R16 92H Efficientgrip Performance 2"
"5452000681621","B083ZNJWWL","GOODYEAR","205/60/16","Goodyear 76391 Pneumatico 205/60 R16 92V Efficientgrip Performance 2"
"5452000681638","B083ZN2JYP","GOODYEAR","205/60/16","Goodyear 76394 Pneumatico 205/60 R16 96W Efficientgrip Performance 2"
"5452000681898","B08Z1VK1WL","GOODYEAR","195/55/16","195/55VR16 GOODYEAR TL EFFI.GRIP PERF. 2 (EU) 87V *E*"
"5452000682192","B083ZMQ725","GOODYEAR","205/50/17","Goodyear 73736 Pneumatico 205/50 R17 89V Efficientgrip Perf 2"
"5452000682222","B083ZN659V","GOODYEAR","205/50/17","Goodyear 73841 Pneumatico 205/50 R17 93W Efficientgrip Performance 2 Xl"
"5452000682246","B083ZN2LZF","GOODYEAR","205/55/16","Goodyear 73852 Pneumatico 205/55 R16 91H Efficientgrip Performance 2"
"5452000682253","B083ZLZVF6","GOODYEAR","195/65/15","Goodyear 73862 Pneumatico 195/65 R15 91H Efficientgrip Performance 2"
"5452000682260","B083ZM9X6M","GOODYEAR","195/65/15","Goodyear 73861 Pneumatico 195/65 R15 91V Efficientgrip Performance 2"
"5452000682307","B083ZM14G2","GOODYEAR","205/55/16","Goodyear 73840 Pneumatico 205/55 R16 91W Efficientgrip Performance 2 Xl"
"5452000682604","B083ZNGCLL","GOODYEAR","225/45/17","Goodyear 73999 Pneumatico 225/45 R17 91W Efficientgrip Performance 2 Xl"
"5452000682611","B083ZMRHYB","GOODYEAR","225/45/17","Goodyear 73863 Pneumatico 225/45 R17 94W Efficientgrip Performance 2 Xl"
"5452000682642","B083ZM2GP4","GOODYEAR","225/50/17","Goodyear 73864 Pneumatico 225/50 R17 94W Efficientgrip Performance 2 Xl"
"5452000682659","B083ZNN5MT","GOODYEAR","225/50/17","Goodyear 76427 Pneumatico 225/50 R17 98V Efficientgrip Performance 2"
"5452000682666","B083ZNVFK4","GOODYEAR","225/50/17","Goodyear 73842 Pneumatico 225/50 R17 98W Efficientgrip Performance 2 Xl"
"5452000682703","B083ZNCBW6","GOODYEAR","225/55/17","Goodyear 76429 Pneumatico 225/55 R17 101W Efficientgrip Performance 2"
"5452000709257","B07G8FLBZ5","GOODYEAR","235/50/19","GOODYEAR 235/50 R19 99V Invernale Fuoristrada"
"5452000709271","B07KB586SD","GOODYEAR","235/55/18","Goodyear Vector 4Seasons SUV G2 M+S - 235/55R18 100V - Pneumatico 4 stagioni"
"5452000716613","B06XVRDMP7","DUNLOP","275/45/18","Dunlop SP Sport Maxx GT XL MFS - 275/45R18 107Y - Pneumatico Estivo"
"5452000718105","B07WVFGVDV","GOODYEAR","245/35/20","GOODYEAR 245/35 R20 U/GR PERF G1(NA0(FP) 95V WINTER Cod:47118"
"5452000723154","B07Q5HYP3X","GOODYEAR","225/60/18","GOODYEAR 225/60 R18 100V EFFICIENTGRIP SUV"
"5452000723994","B07N686BS2","GOODYEAR","255/35/19","GOODYEAR 255/35 R19 96Y Estivo XL Runflat Auto"
"5452000724021","B07PN5TGK8","GOODYEAR","225/40/19","Goodyear Eagle F1 Asymmetric 3 XL FP - 225/40R19 93Y - Pneumatico Estivo"
"5452000724151","B07N6D353W","GOODYEAR","225/45/18","Goodyear Eagle F1 Asymmetric 3 XL FP - 225/45R18 95Y - Pneumatico Estivo"
"5452000726391","B0876HQ4X2","GOODYEAR","185/60/15","Goodyear 77997 Pneumatico 185/60 R15 88V Vector 4 Seasons G3 Xl"
"5452000726407","B0876K6HBK","GOODYEAR","205/55/16","Goodyear 78385 Pneumatico 205/55 R16 94V Vector 4Seasons G3 Xl"
"5452000726421","B087CBTQL2","GOODYEAR","225/45/17","Goodyear 78301 Pneumatico 225/45 R17 94W Vector 4Seasons G3 Xl"
"5452000726438","B08JQMT3C2","GOODYEAR","195/60/15","Goodyear 79165 Pneumatico 195/60 R15 92V Vector 4Seasons G3 Xl"
"5452000726483","B08C78JBB4","GOODYEAR","235/55/18","Goodyear 79332 Pneumatico 235/55 R18 104V Vector 4Seasons Gen-3 Suv Xl"
"5452000726506","B087CCPYS1","GOODYEAR","225/55/17","Goodyear 79302 Pneumatico 225/55 R17 101W Vector 4Seasons Gen-3 Xl"
"5452000726513","B08C71Q4RF","GOODYEAR","215/60/16","Goodyear 79269 Pneumatico 215/60 R16 99V Vector 4Seasons Gen-3 Xl"
"5452000726766","B0876JLNMT","GOODYEAR","185/65/15","Goodyear 78974 Pneumatico 185/65 R15 92T Vector 4Seasons G3 Xl"
"5452000726803","B08Z1ZFZDV","GOODYEAR","185/55/15","GOODYEAR 185/55 R15 86V 4 Stagioni XL Auto"
"5452000726827","B0876JBR99","GOODYEAR","205/60/16","GOODYEAR 205/60 R16 VECT G3(4STAG) XL 96V ALLSEASON CB70 Cod:68827"
"5452000726841","B087CCRPXT","GOODYEAR","215/60/17","Goodyear 25144 Pneumatico 215/60 R17 100V Vector 4Seasons G3 Suv Xl"
"5452000726858","B08C788DH7","GOODYEAR","195/55/16","GOODYEAR 195/55 R16 91V VECTOR 4SEASONS G3 XL"
"5452000726889","B0876J5GV7","GOODYEAR","185/65/15","GOODYEAR 185/65 R15 VECT G3(4STAG) XL 92V ALLSEASON CB70 Cod:68821"
"5452000726896","B0876HFRCD","GOODYEAR","195/60/16","GOODYEAR 195/60 R16 93V VECTOR 4SEASONS GEN-3 XL"
"5452000726902","B0876JHFDP","GOODYEAR","205/55/16","Goodyear 77977 Pneumatico 205/55 R16 91V Vector 4Seasons G3 Xl"
"5452000726926","B08C77S9MF","GOODYEAR","215/65/17","Goodyear 78386 Pneumatico 215/65 R17 99V Vector 4Seasons G3 Xl"
"5452000726933","B08C7FKZBY","GOODYEAR","235/65/17","Goodyear 78978 Pneumatico 235/65 R17 108W Vector 4Seasons G3 Xl Suv"
"5452000727053","B09138M4GL","GOODYEAR","205/50/17","GOODYEAR 205/50 R17 93W VECTOR 4SEASONS"
"5452000727121","B087CCGVRC","GOODYEAR","225/65/17","Goodyear 25142 Pneumatico 225/65 R17 106V Vector 4Seasons Suv G3 Xl"
"5452000727138","B08JQNLXCT","GOODYEAR","215/55/16","Goodyear 79259 Pneumatico 215/55 R16 97V Vector 4Seasons Gen-3 Xl"
"5452000727152","B08C77NCPT","GOODYEAR","225/60/17","Goodyear 79309 Pneumatico 225/60 R17 103V Vector 4Seasons Gen-3 Suv Xl"
"5452000727169","B087CC4SM1","GOODYEAR","225/55/16","GOODYEAR 225/55 R16 VECT G3(4STG) XL 99W ALLSEASON CB71 Cod:68919"
"5452000732156","B0876JGNBZ","GOODYEAR","205/45/17","Goodyear Vector 4Seasons Gen-3 | Pneumatici per tutte le stagioni 205/45R17 88W - FP/XL/M+S/3PMSF"
"5452000732170","B0876HQ93F","GOODYEAR","215/45/17","Goodyear 79252 Pneumatico 215/45 R17 91W Vector 4Seasons Gen-3 Xl"
"5452000732644","B075GKKZTS","GOODYEAR","235/65/17","Goodyear Eagle F1 Asymmetric SUV AT XL M+S - 235/65R17 108V - Pneumatico Estivo"
"5452000733870","B08C6ZYCPQ","GOODYEAR","235/55/19","Goodyear 78976 Pneumatico 235/55 R19 105W Vector 4Seasons G3 Xl Suv"
"5452000735546","B07J27BPPN","DUNLOP","215/55/18","DUNLOP 215/55 R18 99V Invernale XL Fuoristrada"
"5452000748171","B083QVDW9Z","GOODYEAR","205/40/18","GOODYEAR 205/40 R18 F1 ASYM3 XL(*) RFT TL 86W SUMMER BB70 Cod:55016"
"5452000748188","B07S1PB19X","GOODYEAR","205/45/17","GOODYEAR 205/45 R17 88W EAGLE F1 (ASYMMETRIC) 3 *(BMW)"
"5452000748195","B07WNX1HB2","GOODYEAR","225/45/19","Goodyear Eagle F1 Asymmetric 3 XL FP - 225/45R19 96W - Pneumatico Estivo"
"5452000801517","B08C7FNTDV","GOODYEAR","195/55/16","GOODYEAR 195/55 R16 87W Estivo Auto"
"5452000801524","B08C72G6V2","GOODYEAR","195/55/16","GOODYEAR 195/55 R16 91H EFFICIENTGRIP PERFORMANCE 2 XL"
"5452000801616","B083ZMXS6F","GOODYEAR","205/60/16","Goodyear 76393 Pneumatico 205/60 R16 96V Efficientgrip Performance 2"
"5452000801630","B083ZNP27R","GOODYEAR","215/60/17","Goodyear 76424 Pneumatico 215/60 R17 96H Efficientgrip Performance 2"
"5452000803566","B07PH1VSRF","GOODYEAR","235/60/18","GOODYEAR 235/60 R18 107V Estivo XL Fuoristrada"
"5452000804273","B07WVFGWPM","GOODYEAR","215/45/18","Goodyear 76439 Pneumatico 215/45 R18 89V Eagle F1, Asymmetric 3"
"5452000804556","B084CWXFJ5","GOODYEAR","225/45/17","Goodyear 79290 Pneumatico 225/45 R17 94V Vector 4Seasons Gen-2 Xl Ao, Audi"
"5452000804563","B07WPFVVMM","GOODYEAR","305/30/21","GOODYEAR 305/30 R21 104V Invernale XL Auto"
"5452000808844","B07VGYBMSM","GOODYEAR","225/40/18","Goodyear 76444 Pneumatico 225/40 R18 92Y Eagle F1, Asymmetric 3 *, Bmw"
"5452000809131","B07S3WV1YQ","GOODYEAR","225/45/17","Goodyear Eagle F1 Asymmetric 3 XL FP - 225/45R17 94Y - Pneumatico Estivo"
"5452000809186","B083ZP6GJM","GOODYEAR","215/65/17","Goodyear 76425 Pneumatico 215/65 R17 99V Efficientgrip Performance"
"5452000809209","B083ZN7FV7","GOODYEAR","215/55/17","Goodyear 79262 Pneumatico 215/55 R17 94V Efficientgrip Performance"
"5452000812728","B07WPFVC4X","GOODYEAR","275/35/19","GOODYEAR 275/35 R19 100Y EAGLE F1 (ASYMMETRIC) 3 XL RFT*(BMW)"
"5452000813831","B09V5XSC71","GOODYEAR","235/55/18","GOODYEAR 235/55 R18 104V VECTOR 4SEASONS GEN-3 SUV XL"
"5452000813992","B07NGL7T3L","GOODYEAR","225/50/18","Goodyear Eagle F1 Asymmetric 3 FP - 225/50R18 95W - Pneumatico Estivo"
"5452000817884","B083ZMSKYH","GOODYEAR","245/45/18","Goodyear 76468 Pneumatico 245/45 R18 100Y Eagle F1, Asymmetric 3 Mo, Mercedes"
"5452000817907","B07YYQFK2B","GOODYEAR","245/40/19","GOODYEAR 245/40 R19 98Y EAGLE F1 (ASYMMETRIC) 3 MO(MERCEDES)"
"5452000818034","B07YYQPWYG","GOODYEAR","245/40/19","GOODYEAR 245/40 R19 98Y EAGLE F1 (ASYMMETRIC) 3 *(BMW)"
"5452000819277","B086Q6R46Q","GOODYEAR","215/55/18","Goodyear Ultra Grip Performance G1 FP M+S – 215/55R18 95T – Pneumatici invernali"
"5452000826091","B07S4K5SNS","GOODYEAR","185/55/15","Goodyear EfficientGrip Performance - 185/55R15 82H - Pneumatico Estivo"
"5452000829245","B083ZMNDJQ","GOODYEAR","225/45/19","GOODYEAR 225/45 R19 VECT G2(4STAG) XL 96W ALLSEASON CB71 Cod:55260"
"5452000830012","B07WSFD44Q","GOODYEAR","245/50/18","Goodyear Ultra Grip Performance + XL FP M+S - 245/50R18 104V - Pneumatico Invernale"
"5452000831378","B086Q62P7Z","GOODYEAR","205/55/19","GOODYEAR ULTRAGRIP PERFORMANCE + 205/55 R19 97V XL"
"5452000832719","B089RMFKBR","DUNLOP","195/55/16","Dunlop Winter Sport 5-195/55R16 87H – Pneumatici invernali"
"5452000833150","B07WNWYSDY","DUNLOP","235/45/18","Dunlop Winter Sport 5 XL MFS M+S - 235/45R18 98V - Pneumatico Invernale"
"5452000835604","B07PNJMSCJ","GOODYEAR","255/70/18","GOODYEAR 255/70 R18 116H Estivo XL Fuoristrada Compatibilità con JEEP WRANGLER III JK, LAND ROVER Defender SUV L663"
"5452000835932","B07RXL5FY9","GOODYEAR","205/65/16","Goodyear EfficientGrip Cargo - 205/65R16 107T - Pneumatico Estivo"
"6927116109110","B0788NRZTL","WESTLAKE","195/60/14","1x Pneumatico WESTLAKE SW608 SNOWMASTER 195/60 R14 86H"
"6927116109240","B07FQ9NXH8","WESTLAKE","215/70/16","GOMME PNEUMATICI WESTLAKE 215/70-16 108T SC328 M+S"
"6927116109431","B01MCUZSKW","WESTLAKE","245/70/17","Pneumatico WESTLAKESU318 245/70 R17 110T - Estivi D/C/71db"
"6927116109455","B01M4KH4IU","WESTLAKE","225/70/15","Pneumatico WESTLAKESU318 225/70 R15 100T - Estivi D/C/71db"
"6927116109479","B01MAXZ1TQ","WESTLAKE","255/65/16","WESTLAKE 255/65 R16 109H Estivo Auto"
"6927116112042","B01M4KH014","WESTLAKE","265/70/15","WESTLAKE - 265/70 R15 TL 112T SU318 H/T M+S - Pneumatici estivi"
"6927116112509","B01M8JP4GG","WESTLAKE","245/45/17","WESTLAKE - 245/45 ZR17 TL 99W SA37 SPORT XL M+S – Pneumatici estivi"
"6927116125851","B01MA18W6D","GOODRIDE","205/40/17","GOODRIDE - 205/40 R17 TL 84V SW608 SNOWMASTER XL M+S 3PMSF – Pneumatici invernali"
"6927116125899","B01N0N14H0","GOODRIDE","185/75/16","Goodride SW612 (185/75 R16C 104/102Q 8PR)"
"6927116144548","B01067K7F4","GOODRIDE","205/70/15","Goodride sw612 (205/70 R15 C 106/104R 8PR), pneumatici"
"6927116148225","B0DD9L3FY6","WESTLAKE","215/65/16","WESTLAKE 215/65 R16 98T Invernale Auto"
"6927116148942","B01A7F4350","WESTLAKE","225/50/16","225/50 R 16 92W WEST LAKE SA37"
"6927116150730","B01A7F3THI","WESTLAKE","225/60/18","WESTLAKE 225/60 R18 100H Estivo Fuoristrada"
"6927116153717","B01M6Y6LCK","WESTLAKE","275/40/20","275/40 R 20 106V WEST LAKE SU318 XL"
"6927116159726","B00V8KM4WI","GOODRIDE","225/70/16","Goodride SU318 H/T (225/70 R16 103T)"
"6927116167721","B00QKRODKA","GOODRIDE","185/60/15","Goodride SW608 (185/60 R15 88H XL)"
"6927116170806","B01A7EZLQG","WESTLAKE","265/70/16","WESTLAKE 265/70 R16 112T Estivo Fuoristrada"
"6927116171971","B01M5CP7EM","WESTLAKE","265/60/17","Pneumatici WESTLAKE SU318 265/60 R17 108H - Estate 6927116171971"
"6927116174538","B00O4P9W4W","WESTLAKE","185/60/14","WESTLAKE SW608 185/60 R14 82H Pneumatico Invernale Auto"
"6927116182038","B01EYBHKN0","GOODRIDE","225/70/15","GOODRIDE 225/70 R15 100T Estivo Fuoristrada"
"6927116182694","B008RM36XQ","GOODRIDE","175/70/14","175/70TR14 GOODRIDE TL SW608 84T"
"6927116187712","B0788N5NTM","GOODRIDE","215/70/16","GOODRIDE 215/70 R16 108T Estivo LCamion"
"6927116196905","B0G2LXNK1S","GOODRIDE","195/55/15","GOODRIDE 195/55 R15 89H Invernale XL Auto"
"6927116198954","B01MEGC5OI","WESTLAKE","215/70/16","215/70 R 16 100T WEST LAKE SU318"
"6927116199203","B01067MLMQ","GOODRIDE","265/60/17","GOODRIDE 265/60 R17 108T Estivo Auto"
"6927116199586","B016W3C8DK","GOODRIDE","275/45/19","GOODRIDE 275/45 R19 108V Estivo XL Fuoristrada"
"6938112601034","B07F8GZBDH","GOODRIDE","235/50/17","Pneumatico estivo GOODRIDE 235/50 R17 96 V SA37"
"6938112605681","B07RMX9N2P","GOODRIDE","175/70/14","GOODRIDE 175/70R14 95/93S H188"
"6938112605711","B07FBFMZ7S","GOODRIDE","205/70/15","Pneumatici estivi GOODRIDE 205/70 R15 106R H188 8PR"
"6938112605728","B07FFK14P9","GOODRIDE","215/70/15","GOODRIDE 215/70 R15 109R Estivo LCamion"
"6938112605766","B07FBF3MDG","GOODRIDE","195/75/16","Pneumatico estivo GOODRIDE 195/75 R16 107R H188"
"6938112606145","B07R9NQJW4","WESTLAKE","235/55/20","WESTLAKE 235/55 R20 105W Estivo XL Fuoristrada"
"6938112606190","B07R9QB4LB","WESTLAKE","265/45/21","WESTLAKE 265/45 ZR21 104W Estivo Auto"
"6938112606411","B07MCKW7YY","GOODRIDE","245/45/20","GOODRIDE 245/45 ZR20 99W Estivo Auto"
"6938112606473","B07P67DM79","GOODRIDE","235/55/20","GOODRIDE 235/55 R20 105W Estivo XL Auto"
"6938112606480","B07PNB1G1X","GOODRIDE","255/55/20","GOODRIDE 255/55 R20 110W Estivo XL Fuoristrada"
"6938112607296","B07MCJ5ZLM","GOODRIDE","275/55/20","GOODRIDE 275/55 R20 117V Estivo XL Auto"
"6938112608002","B07NGRL194","WESTLAKE","205/45/17","WESTLAKE 205/45 R17 88H Invernale XL Auto"
"6938112608064","B07F9M3NCX","GOODRIDE","175/70/14","Pneumatico invernale GOODRIDE 175/70 R14 95 Q SW612 6PR M+S"
"6938112608408","B077MVXL9P","GOODRIDE","205/45/17","Pneumatici invernali GOODRIDE 205/45 R17 88 H SW608 XL M+S"
"6938112609108","B07FFN3NWR","GOODRIDE","225/55/18","Pneumatico estivo GOODRIDE 225/55 R18 98 V SU318"
"6938112613921","B089RMZDCH","GOODRIDE","215/55/16","GOODRIDE 215/55 R16 97H Invernale XL Auto"
"6938112614157","B08GYQ6G3M","WESTLAKE","215/55/16","WEST LAKE 215/55 R16 Z-507 XL 97H WINTER CC72 Cod:79685"
"6938112614164","B08KSNJJKB","WESTLAKE","225/55/16","WEST LAKE 225/55 R16 Z-507 XL 99V WINTER CC72 Cod:82350"
"6938112614171","B07ZBJ1XYZ","WESTLAKE","205/60/16","WESTLAKE - 205/60 R16 TL 92H Z-507 M+S 3PMSF - Pneumatici invernali"
"6938112614195","B08M14375C","WESTLAKE","225/60/16","WEST LAKE 225/60 R16 Z-507 98H WINTER CC72 Cod:83039"
"6938112614201","B08GWMTPSN","WESTLAKE","215/65/16","WEST LAKE 215/65 R16 Z-507 98H WINTER CC72 Cod:79669"
"6938112614232","B08GYCTRPB","WESTLAKE","235/45/17","WESTLAKE 235/45 R17 97V Invernale XL Auto"
"6938112614256","B07ZWBP3DL","WESTLAKE","225/50/17","PNEUMATICI Z-507 XL 225/50 R17 98V WESTLAKE"
"6938112614287","B081FDB2BT","WESTLAKE","225/45/18","WESTLAKE - 225/45 R18 TL 95V Z-507 XL M+S 3PMSF – Pneumatici invernali"
"6938112614317","B08GY19CCK","WESTLAKE","225/35/19","WEST LAKE 225/35 R19 Z-507 XL 88V WINTER CC72 Cod:79687"
"6938112614324","B07ZW9B768","WESTLAKE","235/45/19","GOMME PNEUMATICI Z-507 XL 235/45 R19 99V WESTLAKE"
"6938112614997","B07RMXJ56Y","GOODRIDE","185/75/16","GOODRIDE 185/75 R16 104/102R H-188 M+S"
"6938112615000","B086Q9SCG1","WESTLAKE","185/75/16","WEST LAKE 185/75 R16C H188 (M+S) 8PR 104R SUMMER CC72 Cod:68709"
"6938112615048","B07RCZ4PXZ","WESTLAKE","215/60/16","GOMME PNEUMATICI WESTLAKE 215/60-16 108T H188 M+S"
"6938112620028","B07ZKBVM97","WESTLAKE","165/60/14","Pneumatici estivi WESTLAKE 165/60 R14 75H Z-107"
"6938112620080","B081XHD6R9","WESTLAKE","175/70/14","WESTLAKE 175/70 R14 84T Estivo Auto"
"6938112620097","B082D2HDMR","WESTLAKE","185/70/14","WESTLAKE 185/70 R14 88T Estivo Auto"
"6938112620134","B07X6CV76V","WESTLAKE","185/55/15","Pneumatici estivi WESTLAKE 185/55 R15 82 V Z-107"
"6938112620141","B07X7DVT2P","WESTLAKE","195/55/15","Pneumatici estivi WESTLAKE 195/55 R15 85V Z-107"
"6938112620165","B07VQP3K65","WESTLAKE","195/60/15","WESTLAKE 195/60 R15 88V Estivo Auto"
"6938112620189","B07Z818D83","WESTLAKE","185/65/15","Pneumatici Z 107 - WESTLAKE - 185/65/15 estive gomme nuove"
"6938112620196","B07ZKFKSF6","WESTLAKE","195/65/15","WESTLAKE 195/65 R15 91V Estivo Auto"
"6938112620226","B084ZJL5G9","WESTLAKE","205/50/16","Pneumatici estivi WESTLAKE 205/50 R16 87V Z-107"
"6938112620240","B0814PRQZK","WESTLAKE","205/55/16","Pneumatici estivi WESTLAKE 205/55 R16 91V Z-107"
"6938112620264","B084ZJJCK6","WESTLAKE","215/55/16","WESTLAKE 215/55 R16 93V Estivo Auto"
"6938112620295","B07ZKCQK5R","WESTLAKE","205/60/16","Pneumatici estivi WESTLAKE 205/60 R16 92V Z-107"
"6938112620301","B084DMYXTF","WESTLAKE","215/65/16","WESTLAKE 215/65 R16 98V Estivo Auto"
"6938112620318","B084Q8SV6Q","WESTLAKE","205/40/17","Pneumatici estivi WESTLAKE 205/40 R17 84W Z-107 XL"
"6938112620394","B0832VS9BS","WESTLAKE","225/50/17","WESTLAKE 225/50R17 98W Z-107 XL 72CB"
"6938112620486","B07XJSMVPT","WESTLAKE","235/45/18","WESTLAKE 235/45 ZR18 98W Estivo XL Auto"
"6938112620523","B089RNDTWB","GOODRIDE","185/70/13","GOMME PNEUMATICI Z-107 185/70 R13 86T GOODRIDE"
"6938112620530","B089RMXFLM","GOODRIDE","185/55/14","GOMME PNEUMATICI Z-107 185/55 R14 80V GOODRIDE"
"6938112620547","B083RNXWKN","GOODRIDE","165/60/14","165/60HR14 GOODRIDE TL Z107 75H"
"6938112620554","B084WNVM3V","GOODRIDE","175/60/14","Pneumatici Auto Goodride Z-107 ZUPERECO 175/60HR14"
"6938112620578","B089RNLM7J","GOODRIDE","175/65/14","Goodride Z-107 175/65 R14 82H Pneumatici estivi GTAM T272804 senza cerchione"
"6938112620585","B089RLMGJX","GOODRIDE","185/65/14","185/65HR14 GOODRIDE TL Z107 86H"
"6938112620615","B0G2JYBXCX","GOODRIDE","185/70/14","GOODRIDE 185/70 R14 88T Estivo Auto"
"6938112620660","B089RNYKGX","GOODRIDE","195/55/15","GOODRIDE 195/55 R15 85V Estivo Auto"
"6938112620677","B089RN8QV7","GOODRIDE","185/60/15","GOMME PNEUMATICI Z-107 185/60 R15 84H GOODRIDE"
"6938112620684","B089RN8PJX","GOODRIDE","195/60/15","GOODRIDE 195/60 R15 88V Estivo Auto"
"6938112620707","B083RNYDS7","GOODRIDE","185/65/15","GOODRIDE 185/65 R15 88H Estivo Auto"
"6938112620714","B084WW9W8V","GOODRIDE","195/65/15","GOODRIDE 195/65 R15 91V Estivo Auto"
"6938112620721","B084X5NKVD","GOODRIDE","205/65/15","205/65VR15 GOODRIDE TL Z107 94V"
"6938112620752","B084WVLT51","GOODRIDE","195/55/16","GOMME PNEUMATICI Z-107 195/55 R16 87V GOODRIDE"
"6938112620769","B083RNSHJB","GOODRIDE","205/55/16","Goodride ZuperEco Z-107 205/55 R16 91V - Pneumatico Estivo"
"6938112620776","B084X4YQDZ","GOODRIDE","205/55/16","GOODRIDE 205/55 R16 94W Estivo XL Auto"
"6938112620783","B086RG9RCS","GOODRIDE","215/55/16","GOMME PNEUMATICI Z-107 215/55 R16 93V GOODRIDE"
"6938112620806","B084X63QC1","GOODRIDE","195/60/16","GOODRIDE 195/60 R16 89V Estivo Auto"
"6938112620875","B089RN3QGG","GOODRIDE","225/45/17","GOMME PNEUMATICI Z-107 XL 225/45 R17 94W GOODRIDE"
"6938112620899","B084X8ZNL8","GOODRIDE","205/50/17","GOMME PNEUMATICI Z-107 XL 205/50 R17 93W GOODRIDE"
"6938112620929","B084XBBQRY","GOODRIDE","205/55/17","GOODRIDE 205/55R17 95W Z107 XL 72EB"
"6938112621933","B08FF1Z7QS","GOODRIDE","155/70/13","GOODRIDE 155/70 R13 75T 4 Stagioni Auto"
"6938112621971","B0G2JY9NG6","GOODRIDE","155/65/14","GOODRIDE 155/65 R14 75T 4 Stagioni Auto"
"6938112621995","B089RNH7JY","GOODRIDE","175/65/14","Goodride Z-401 175/65 R14 82T Pneumatici per tutte le stagioni GTAM T274424 senza cerchione"
"6938112622008","B08FF2WY4L","GOODRIDE","185/65/14","185/65HR14 GOODRIDE TL Z401 86H"
"6938112622039","B089RMQ53S","GOODRIDE","195/50/15","GOODRIDE 195/50 R15 82V 4 Stagioni Auto"
"6938112622046","B08FF3DM12","GOODRIDE","185/55/15","GOODRIDE 185/55 R15 82H 4 Stagioni Auto"
"6938112622053","B089RN4CCL","GOODRIDE","195/55/15","195/55VR15 GOODRIDE TL Z401 XL 89V"
"6938112622077","B089RMZLN8","GOODRIDE","185/60/15","GOODRIDE 185/60 R15 88H 4 Stagioni XL Auto"
"6938112622084","B08FF175KC","GOODRIDE","195/60/15","GOODRIDE 195/60 R15 88V 4 Stagioni Auto"
"6938112622138","B089RMX214","GOODRIDE","195/65/15","GOODRIDE 195/65 R15 95H 4 Stagioni XL Auto"
"6938112622145","B089RMXZJ1","GOODRIDE","195/45/16","GOODRIDE 195/45 R16 84V 4 Stagioni XL Auto"
"6938112622152","B089RN4CFK","GOODRIDE","195/55/16","GOODRIDE 195/55 R16 91V 4 Stagioni XL Auto"
"6938112622190","B0G2K75231","GOODRIDE","215/60/16","GOODRIDE 215/60 R16 99V 4 Stagioni XL Auto"
"6938112622206","B09NZV8DBD","GOODRIDE","215/65/16","GOODRIDE - 215/65 R16 TL 98 V All Season Elite Z-401 M+S 3PMSF – Pneumatici per tutte le stagioni"
"6938112622244","B09KXQ4TNZ","GOODRIDE","205/50/17","GOMME PNEUMATICI Z-401 ALL SEASONS XL 205/50 R17 93V GOODRIDE"
"6938112622275","B09KX3YV1J","GOODRIDE","205/55/17","GOODRIDE 205/55 R17 95V 4 Stagioni XL Auto"
"6938112622282","B089RN5YZF","GOODRIDE","215/55/17","GOODRIDE 215/55 R17 98V 4 Stagioni XL Auto"
"6938112622299","B08FDNDZMT","GOODRIDE","215/60/17","GOMME PNEUMATICI Z-401 ALL SEASONS 215/60 R17 96H GOODRIDE"
"6938112622336","B08LVN8DG3","GOODRIDE","225/55/18","GOODRIDE 225/55 R18 98V 4 Stagioni Auto"
"6938112622350","B09KH2TSX2","WESTLAKE","155/70/13","GOMME PNEUMATICI WESTLAKE 155/70-13 75T Z-401 ALL SEASONS M+S"
"6938112622367","B089QYXPGC","WESTLAKE","155/80/13","WESTLAKE 155/80 R13 79T 4 Stagioni Auto"
"6938112622381","B086HXNJQF","WESTLAKE","185/60/14","WESTLAKE 185/60 R14 82H 4 Stagioni Auto"
"6938112622398","B089QYLDW6","WESTLAKE","155/65/14","WESTLAKE 155/65 R14 75T 4 Stagioni Auto"
"6938112622404","B08F9KQ9DV","WESTLAKE","165/65/14","WESTLAKE 165/65 R14 79T 4 Stagioni Auto"
"6938112622411","B08VRVBGX5","WESTLAKE","175/65/14","WESTLAKE 175/65 R14 82T 4 Stagioni Auto"
"6938112622428","B086HXWMC9","WESTLAKE","185/65/14","WEST LAKE 185/65 R14 ALL SEASON Z-401 M+S 86H ALLSEASON CC73 Cod:68645"
"6938112622435","B08VRM12X1","WESTLAKE","165/70/14","WEST LAKE 165/70 R14 ALL SEASON Z-401 M+S 81T ALLSEASON EC73 Cod:93432"
"6938112622459","B089RTJF3F","WESTLAKE","195/50/15","WESTLAKE 195/50 R15 82V 4 Stagioni Auto"
"6938112622473","B0916RTBVZ","WESTLAKE","195/55/15","WEST LAKE 195/55 R15 ALL SEASON Z-401 M+S 89V ALLSEASON EC73 Cod:95594"
"6938112622534","B0916RG37K","WESTLAKE","185/65/15","Westlake 185/65R15 92H XL Z-401 4S"
"6938112622541","B08VRQ4PQX","WESTLAKE","195/65/15","WEST LAKE 195/65 R15 ALL SEASON Z-401 M+S 91V ALLSEASON CC73 Cod:93438"
"6938112622558","B0916NSWNL","WESTLAKE","195/65/15","WESTLAKE 195/65 R15 95H 4 Stagioni XL Auto"
"6938112622565","B089RS3MJX","WESTLAKE","195/45/16","WEST LAKE 195/45 R16 ALL SEASON Z-401 M+S 84V ALLSEASON CC73 Cod:72304"
"6938112622589","B08VRMTBVX","WESTLAKE","205/55/16","Pneumatico WESTLAKEZ-401 4S 205/55 R16 91V - All Season C/C/72db"
"6938112622602","B08VRMQ48Z","WESTLAKE","205/60/16","WESTLAKE 205/60 R16 96V 4 Stagioni XL Auto"
"6938112622619","B089QX25C7","WESTLAKE","215/60/16","WEST LAKE 215/60 R16 ALL SEASON Z-401 M+S 99V ALLSEASON CC73 Cod:72286"
"6938112622664","B08VRRZR82","WESTLAKE","205/50/17","PNEUMATICI PNEUMATICI WESTLAKE 205/50 R17 93V Z-401 TUTTE LE STAGIONI M+S XL"
"6938112622671","B089QY293W","WESTLAKE","215/50/17","WEST LAKE 215/50 R17 ALL SEASON Z-401 M+S 95V ALLSEASON CC73 Cod:72284"
"6938112622701","B09KH49HKD","WESTLAKE","215/55/17","GOMME PNEUMATICI WESTLAKE 215/55-17 98V Z-401 ALL SEASONS M+S XL"
"6938112622718","B089R16MD7","WESTLAKE","215/60/17","WEST LAKE 215/60 R17 ALL SEASON Z-401 M+S 96H ALLSEASON CC73 Cod:72287"
"6938112624224","B08VS2M75Y","WESTLAKE","165/70/13","WEST LAKE 165/70 R13 Z-107 79T SUMMER EB70 Cod:93435"
"6938112624231","B08VRPBFSR","WESTLAKE","165/70/14","WEST LAKE 165/70 R14 Z-107 81T SUMMER EB70 Cod:93434"
"6938112624248","B094GL7W3L","WESTLAKE","155/65/14","WESTLAKE 155/65 R14 75T Estivo Auto"
"6938112624262","B09MF2426K","WESTLAKE","175/65/15","WESTLAKE 175/65 R15 84H Estivo Auto"
"6938112624279","B0916Q21MB","WESTLAKE","215/60/16","WEST LAKE 215/60 R16 Z-107 XL 99V SUMMER CB71 Cod:95600"
"6938112624293","B09KH4Y6T7","WESTLAKE","205/45/16","GOMME PNEUMATICI WESTLAKE 205/45-16 87W Z-107 XL"
"6938112625221","B09Z1XWS1G","GOODRIDE","165/70/13","165/70TR13 GOODRIDE TL Z107 79T"
"6938112625238","B0G2MH1RKL","GOODRIDE","165/70/14","GOODRIDE 165/70 R14 81T Estivo Auto"
"6938112625252","B099DX3PN1","GOODRIDE","165/65/14","GOODRIDE 165/65 R14 79T Estivo Auto"
"6938112625689","B09KH4MCJS","GOODRIDE","175/65/14","GOMME PNEUMATICI Z-107 175/65 R14 82T GOODRIDE"
"6938112625696","B09KH53KCL","GOODRIDE","185/55/15","GOMME PNEUMATICI Z-107 185/55 R15 82H GOODRIDE"
"6938112625719","B0C24YM8NZ","GOODRIDE","195/55/15","Pneumatici 195/55 r15 85H Goodride Z107 ZUPER Eco Gomme estive Nuove"
"6938112625726","B09VD4F1Z2","GOODRIDE","195/55/16","GOODRIDE 195/55 R16 87H Estivo Auto"
"6938112625733","B09KWNWC9D","GOODRIDE","195/60/15","GOODRIDE 195/60 R15 88H Estivo Auto"
"6938112625740","B099DXGWGV","GOODRIDE","195/65/15","GOODRIDE 195/65 R15 91H Estivo Auto"
"6938112625757","B09PJ8KYGZ","GOODRIDE","205/55/16","GOODRIDE 205/55 R16 91H Estivo Auto"
"6938112625771","B09KH4QK1Y","WESTLAKE","175/65/14","WESTLAKE 175/65 R14 82T Estivo Auto"
"6938112625788","B09MVJPQDX","WESTLAKE","185/55/15","WESTLAKE 185/55 R15 82H Estivo Auto"
"6938112625795","B09KH568FW","WESTLAKE","185/65/15","GOMME PNEUMATICI Z-107 185/65 R15 88T WESTLAKE"
"6938112625818","B09KH3CBX1","WESTLAKE","195/55/16","WESTLAKE 195/55 R16 87H Estivo Auto"
"6938112625825","B09MSZTD3P","WESTLAKE","195/60/15","WESTLAKE 195/60 R15 88H Estivo Auto"
"6938112625832","B09KH4VSV3","WESTLAKE","195/65/15","WESTLAKE 195/65 R15 91H Estivo Auto"
"6938112625849","B09RTX15MJ","WESTLAKE","205/55/16","WESTLAKE 205/55 R16 91H Estivo Auto"
"6938112625856","B09MF2YCHD","WESTLAKE","205/60/16","GOMME PNEUMATICI Z-107 205/60 R16 92H WESTLAKE"
"6938112625887","B08VRCJVP8","WESTLAKE","215/65/15","WESTLAKE 215/65 R15 104T Estivo LCamion"
"6938112626587","B094GK1GQM","WESTLAKE","215/40/18","WEST LAKE 215/40 R18 Z-107 XL 89W SUMMER EB72 Cod:116762"
"6938112626594","B094PPVPVC","WESTLAKE","215/45/18","WEST LAKE 215/45 R18 Z-107 XL 93W SUMMER EB72 Cod:116773"
"6938112626624","B09KH3R123","WESTLAKE","225/55/18","WESTLAKE 225/55 R18 98V Estivo Auto"
"6938112626631","B09KH6NRSR","WESTLAKE","225/60/18","GOMME PNEUMATICI Z-107 225/60 R18 100H WESTLAKE"
"6938112626648","B09NLK8DGJ","WESTLAKE","235/35/19","GOMME PNEUMATICI WESTLAKE 235/35 R19 91W Z-107 XL"
"6938112626716","B09RHVC6BC","WESTLAKE","245/35/19","GOMME PNEUMATICI WESTLAKE 245/35 R19 93W Z-107 XL"
"6938112626723","B09NLN69HL","WESTLAKE","245/40/19","WESTLAKE 245/40 R19 98W Estivo XL Auto"
"6938112626761","B09PZSVJSR","GOODRIDE","215/40/18","GOODRIDE 215/40 R18 89W Estivo XL Auto"
"6938112626792","B09NN2XCKH","GOODRIDE","225/45/19","GOODRIDE 225/45 R19 96W Estivo XL Auto"
"6938112626808","B09KH4B2Y6","GOODRIDE","225/55/18","GOODRIDE 225/55 R18 98V Estivo Auto"
"6938112626815","B09SKPQXDC","GOODRIDE","225/60/18","GOMME PNEUMATICI Z-107 225/60 R18 100H GOODRIDE"
"6938112626860","B09KH339ZD","GOODRIDE","235/55/19","GOMME PNEUMATICI Z-107 XL 235/55 R19 105V GOODRIDE"
"6938112626891","B09RPKMBFK","GOODRIDE","245/35/19","GOMME PNEUMATICI Z-107 XL 245/35 R19 93W GOODRIDE"
"6938112626952","B09MMWPX76","GOODRIDE","185/55/16","GOODRIDE 185/55 R16 87H 4 Stagioni XL Auto"
"6938112626969","B09M7XTQ7T","GOODRIDE","205/45/16","GOODRIDE 205/45 R16 87W 4 Stagioni XL Auto"
"6938112626976","B09KH2YNRZ","GOODRIDE","215/40/17","GOODRIDE 215/40 R17 87W 4 Stagioni XL Auto"
"6938112627003","B0G4W738YH","GOODRIDE","215/55/16","GOODRIDE Pneumatici per tutte le stagioni 215/55 R 16 XL TL 97V All Season Elite Z-401 MFS BSW M+S 3PMSF per tutte le stagioni"
"6938112627034","B09KH4N6JL","GOODRIDE","225/40/18","GOODRIDE 225/40 R18 92W 4 Stagioni XL Auto"
"6938112627041","B09KH4KNL3","GOODRIDE","225/55/16","GOMME PNEUMATICI Z-401 ALL SEASONS XL 225/55 R16 99V GOODRIDE"
"6938112627058","B09NSBC8CZ","GOODRIDE","225/55/17","GOODRIDE 225/55 R17 101W 4 Stagioni XL Auto"
"6938112627065","B09T2VVQYT","GOODRIDE","225/60/17","GOMME PNEUMATICI Z-401 ALL SEASONS 225/60 R17 99V GOODRIDE"
"6938112627072","B09NPLJQBT","GOODRIDE","235/45/17","GOODRIDE 235/45 R17 97W 4 Stagioni XL Auto"
"6938112627089","B09QC715KN","GOODRIDE","235/45/18","GOODRIDE 235/45 R18 98W 4 Stagioni XL Auto"
"6938112627096","B09KH4DCNS","GOODRIDE","235/50/18","GOODRIDE 235/50 R18 101W 4 Stagioni XL Auto"
"6938112627119","B09NPLMS4K","GOODRIDE","235/55/18","GOODRIDE 235/55 R18 100V 4 Stagioni Auto"
"6938112627126","B09KH4FTJX","GOODRIDE","235/55/19","GOODRIDE 235/55 R19 105W 4 Stagioni XL Auto"
"6938112627157","B09KH4RGN5","GOODRIDE","225/50/18","GOODRIDE 225/50 R18 95W 4 Stagioni Auto"
"6938112627188","B09H3FWYLN","GOODRIDE","225/45/17","Gomme Pneumatici GOODRIDE Z401 225/45 R17 94 W XL 72dB All Season 4 Stagioni"
"6938112627195","B09NSCDZ46","GOODRIDE","225/45/18","GOMME PNEUMATICI Z-401 ALL SEASONS XL 225/45 R18 95W GOODRIDE"
"6938112627218","B09KH5F7WZ","GOODRIDE","245/45/19","GOODRIDE 245/45 R19 102W 4 Stagioni XL Auto"
"6938112627232","B09GXF1MZQ","WESTLAKE","185/55/16","Westlake 185/55R16 87H XL Z-401 4S"
"6938112627256","B0916QPT6W","WESTLAKE","215/40/17","WESTLAKE 215/40 R17 87W 4 Stagioni XL Auto"
"6938112627294","B09KH2XFBB","WESTLAKE","215/65/15","GOMME PNEUMATICI WESTLAKE 215/65-15 96H Z-401 ALL SEASONS M+S"
"6938112627317","B091NHFZWK","WESTLAKE","225/40/18","WESTLAKE 225/40 R18 92W ALL SEASON ELITE Z-401"
"6938112627324","B091MRFLRP","WESTLAKE","225/55/16","WEST LAKE 225/55 R16 ALL SEASON Z-401 M+S 99V ALLSEASON CC72 Cod:116310"
"6938112627331","B0916SS8CD","WESTLAKE","225/55/17","WESTLAKE 225/55 R17 101W 4 Stagioni XL Auto"
"6938112627348","B09WD62QJF","WESTLAKE","225/60/17","GOMME PNEUMATICI WESTLAKE 225/60-17 99V Z-401 ALL SEASONS M+S"
"6938112627379","B0916PM2RP","WESTLAKE","235/50/18","WESTLAKE 235/50 R18 101W 4 Stagioni XL Auto"
"6938112627386","B09NLMWZ37","WESTLAKE","235/55/17","GOMME PNEUMATICI Z-401 ALL SEASONS M+S XL 235/55 R17 103W WESTLAKE"
"6938112627393","B094GJCRH8","WESTLAKE","235/55/18","WEST LAKE 235/55 R18 ALL SEASON Z-401 M+S 100V ALLSEASON CC72 Cod:116761"
"6938112627409","B094GHP6YR","WESTLAKE","235/55/19","WEST LAKE 235/55 R19 ALL SEASON Z-401 M+S 105W ALLSEASON CC72 Cod:116763"
"6938112627430","B09KH467NR","WESTLAKE","225/50/18","GOMME PNEUMATICI WESTLAKE 225/50-18 95W Z-401 ALL SEASONS M+S"
"6938112627454","B09DB83DCL","WESTLAKE","225/45/17","WESTLAKE 225/45 R17 94W 4 Stagioni XL Auto"
"6938112627461","B09MVK9D9R","WESTLAKE","225/45/18","WESTLAKE 225/45 R18 95W 4 Stagioni XL Auto"
"6938112627485","B09KH2VSJR","WESTLAKE","245/45/19","WESTLAKE 245/45 R19 102W 4 Stagioni XL Auto"
"6938112627492","B09KH3JWSB","WESTLAKE","225/75/16","WESTLAKE 225/75 R16 118/116R Estivo LCamion"
"6938112630416","B09QFTCZ99","WESTLAKE","215/65/16","WESTLAKE 215/65 R16 98H Estivo Auto"
"6938112630515","B09KH4BMDY","GOODRIDE","245/40/18","GOODRIDE 245/40 R18 97W 4 Stagioni XL Auto"
"6938112630546","B09NN2FF6H","WESTLAKE","245/40/18","WESTLAKE - 245/40 R18 TL 97W ALL SEASON ELITE Z-401 XL BSW M+S 3PMSF – Pneumatici per tutte le stagioni"
"6938112630744","B0C25HJTVB","GOODRIDE","185/55/16","Pneumatici 185/55 r16 83V Goodride Z107 ZUPER ECO Gomme estive nuove"
"6938112630775","B09NXNFB71","WESTLAKE","155/65/13","GOMME PNEUMATICI Z-107 155/65 R13 73T WESTLAKE"
"6938112630805","B09VSGS38B","WESTLAKE","185/55/16","GOMME PNEUMATICI Z-107 185/55 R16 83V WESTLAKE"
"6938112631000","B0C814B8BY","WESTLAKE","215/45/16","GOMME PNEUMATICI WESTLAKE 215/45 R16 90V Z-507 XL"
"6938112631017","B09KH2YYN9","WESTLAKE","215/50/17","GOMME PNEUMATICI WESTLAKE 215/50-17 95V Z-507 XL"
"6938112631024","B09KH4PJ1F","WESTLAKE","215/55/17","GOMME PNEUMATICI WESTLAKE 215/55-17 98V Z-507 XL"
"6938112631031","B09MT2PTHY","WESTLAKE","215/55/18","WESTLAKE 215/55 R18 99V Invernale XL Auto"
"6938112631048","B0C8148H92","WESTLAKE","215/60/17","GOMME PNEUMATICI WESTLAKE 215/60 R17 100V Z-507 XL"
"6938112631055","B09KH64M4V","WESTLAKE","225/40/19","WESTLAKE 225/40 R19 93V Invernale XL Auto"
"6938112631062","B09KH3DB33","WESTLAKE","225/50/18","WESTLAKE 225/50 R18 99V Invernale XL Auto"
"6938112631079","B09KH2PYFM","WESTLAKE","225/55/18","GOMME PNEUMATICI WESTLAKE 225/55-18 102V Z-507 XL"
"6938112631086","B09KH5CHV6","WESTLAKE","225/60/17","GOMME PNEUMATICI WESTLAKE 225/60-17 103V Z-507 XL"
"6938112631093","B09KH3Z5LG","WESTLAKE","225/60/18","GOMME PNEUMATICI WESTLAKE 225/60-18 104V Z-507 XL"
"6938112631109","B09KH4NLZY","WESTLAKE","235/40/18","WESTLAKE 235/40 R18 95V Invernale XL Auto"
"6938112631116","B09KH5YPD5","WESTLAKE","235/40/19","GOMME PNEUMATICI WESTLAKE 235/40-19 96V Z-507 XL"
"6938112631123","B09KH4RCVZ","WESTLAKE","235/50/18","GOMME PNEUMATICI WESTLAKE 235/50-18 101V Z-507 XL"
"6938112631130","B09KH58ZXN","WESTLAKE","235/50/19","GOMME PNEUMATICI WESTLAKE 235/50 R19 103V Z-507 XL"
"6938112631161","B09KH55XFP","WESTLAKE","245/40/18","GOMME PNEUMATICI WESTLAKE 245/40-18 97V Z-507 XL"
"6938112631178","B09KH392FN","WESTLAKE","245/40/19","GOMME PNEUMATICI WESTLAKE 245/40-19 98V Z-507 XL"
"6938112631192","B09KH5HC5T","WESTLAKE","245/50/18","GOMME PNEUMATICI WESTLAKE 245/50-18 104V Z-507 XL"
"6938112631208","B09KH5NTFY","WESTLAKE","255/35/19","GOMME PNEUMATICI WESTLAKE 255/35 R19 96V Z-507 XL"
"6938112631215","B09KH5Y687","WESTLAKE","255/40/18","GOMME PNEUMATICI WESTLAKE 255/40-18 99V Z-507 XL"
"6938112631222","B09KH52LKG","WESTLAKE","255/40/19","GOMME PNEUMATICI WESTLAKE 255/40-19 100V Z-507 XL"
"6938112631239","B0C816PXY2","WESTLAKE","255/45/18","Pneumatico WESTLAKEZ-507 255/45 R18 103V - Invernali C/C/73db"
"6938112631246","B09KH3LYK3","WESTLAKE","275/40/19","WESTLAKE 275/40 R19 105V Invernale XL Auto"
"6938112631260","B0C814B83K","GOODRIDE","215/50/17","GOMME PNEUMATICI GOODRIDE 215/50 R17 95V Z-507 XL"
"6938112631352","B0C8141FCH","GOODRIDE","235/40/18","GOODRIDE - 235/40 R18 TL 95V ZUPERSNOW Z-507 XL BSW M+S 3PMSF – Pneumatici invernali"
"6938112631475","B0BRPMJ4QM","GOODRIDE","255/40/19","GOODRIDE 255/40 R19 100V Invernale XL Auto"
"6938112631482","B0C81786DC","GOODRIDE","255/45/18","GOMME PNEUMATICI GOODRIDE 255/45 R18 103V Z-507 XL"
"6938112632946","B0C28BX6M7","GOODRIDE","225/60/16","Pneumatici 225/60 r16 98H Goodride Z107 ZUPER ECO Gomme estive nuove"
"6938112632953","B0C28W566L","GOODRIDE","235/60/16","GOODRIDE 235/60 R16 100H Estivo Auto"
"6938112636388","B0CY1Z13KJ","WESTLAKE","275/40/19","Pneumatico WESTLAKEZ-107 275/40 R19 105W - Estivi C/B/72db"
"6938112636425","B0C89R2WW6","WESTLAKE","225/35/19","GOMME PNEUMATICI WESTLAKE 225/35 R19 88W Z-107 XL"
"6938112636487","B0C811BXN3","WESTLAKE","175/60/15","WESTLAKE Z-107 175/60 R15 81H Pneumatico Estivo Auto"
"6938112637248","B0F67RMNXG","WESTLAKE","215/50/18","WESTLAKE Z-507 ZUPERSNOW WESTLAKE Z-507 215/50 R18 92 V"
"6938112637255","B0DGX1MVT6","WESTLAKE","215/70/16","Pneumatico WESTLAKEZ-507 215/70 R16 100H - Invernali C/C/72db"
"6938112637262","B0CRTQDVJC","WESTLAKE","225/45/19","GOMME PNEUMATICI WESTLAKE 225/45 R19 96V Z-507 XL"
"6938112637279","B0D2DHJWK2","WESTLAKE","225/55/19","GOMME PNEUMATICI WESTLAKE 225/55 R19 99V Z-507"
"6938112637354","B0GXC67Q7P","WESTLAKE","245/65/17","Pneumatico WESTLAKE Z507 245/65 R17 107H"
"6938112637378","B0CTKRF28X","WESTLAKE","255/45/20","GOMME PNEUMATICI WESTLAKE 255/45 R20 105V Z-507 XL"
"6938112637422","B0CTKSCBSS","WESTLAKE","275/40/20","GOMME PNEUMATICI WESTLAKE 275/40 R20 106V Z-507 XL"
"6938112637583","B0C34XQPC6","GOODRIDE","235/45/19","GOODRIDE - 235/45 R19 TL 99W ZUPERECO Z-107 XL BSW M+S – Pneumatici estivi"
"6938112637620","B0C2JCSY1P","GOODRIDE","205/55/19","GOODRIDE 205/55 R19 97V Estivo XL Auto"
"6938112638788","B0C81726SN","GOODRIDE","155/65/13","Pneumatico Goodride Z401 155/65 R13 73 T"
"6938112638825","B0C28T952N","GOODRIDE","225/35/19","GOODRIDE 225/35 R19 88W 4 Stagioni XL Auto"
"6938112638924","B0G2MFCVZ4","GOODRIDE","225/65/17","GOODRIDE 225/65 R17 102H Invernale Auto"
"6938112639068","B0CTKPRXNN","GOODRIDE","275/40/20","Pneumatico GOODRIDEZ-507 275/40 R20 106V - Invernali B/C/73db"
"6938112650490","B0FS7JP7BD","GOODRIDE","185/55/15","Pneumatico GOODRIDEZ-107 185/55 R15 86V - Estivi D/B/70db"
"6970364577972","B0DLGH6JFY","DURATURN","215/55/16","Pneumatici DURATURN MOZZO WINTER 215/55 R16 97H - Inverno 6970364577972"
"6971901472637","B07RS44VPP","FIREMAX","195/50/16","GOMME PNEUMATICI FIREMAX 195/50 R16 84V FM601 XL"
"6971901472651","B099KQFG4W","FIREMAX","205/50/16","FIREMAX 205/50 R16 87W FM601"
"6971901472682","B0BQG2N6TZ","FIREMAX","205/45/16","FIREMAX 205/45 R16 87W Estivo XL Auto"
"6971901473108","B07PM8DNJX","FIREMAX","205/55/16","FIREMAX 205/55 R16 91V FM601"
"6971901473191","B08QDM4RC8","FIREMAX","215/40/17","FIREMAX 215/40 ZR17 87W FM601 XL"
"6971901473382","B0C6B7PYN5","FIREMAX","215/45/17","FIREMAX 215/45 R17 91W FM601 XL"
"6971901473573","B0C6B2DQCZ","FIREMAX","215/55/17","FIREMAX 215/55 ZR17 98W FM601 XL"
"6971901474037","B0C6BB9JXH","FIREMAX","225/50/17","FIREMAX 225/50 ZR17 98W FM601"
"6971901474242","B07V1GYZ3G","FIREMAX","225/45/18","GOMME PNEUMATICI FIREMAX 225/45 R18 95W FM601 XL"
"6971901474648","B08ML9PBFZ","FIREMAX","235/40/18","FIREMAX 235/40 ZR18 95W FM601 XL"
"6971901474877","B07QVHXD6R","FIREMAX","215/70/16","Pneumatici estivi FIREMAX 215/70 R16 100H FM518"
"6971901474884","B09231RX7B","FIREMAX","245/45/18","FIREMAX 245/45 R18 100W FM601 XL"
"6971901475027","B089RN789Z","FIREMAX","255/55/18","FIREMAX 255/55 ZR18 109W FM601 XL"
"6971901475041","B0836FXCFK","FIREMAX","235/35/19","FIREMAX 235/35 R19 91W FM601 XL"
"6971901475102","B0C6B7611D","FIREMAX","255/30/20","FIREMAX 255/30 ZR20 92W FM601 XL"
"6971901475126","B07SCKCBS4","FIREMAX","175/60/15","Pneumatici estivi FIREMAX 175/60 R15 81H FM601"
"6971901475133","B0C6B4JB7F","FIREMAX","275/35/20","FIREMAX 275/35 ZR20 102W FM601 XL"
"6971901475225","B08NXKTCDB","FIREMAX","265/65/17","FIREMAX 265/65 R17 112H Estivo Fuoristrada"
"6971901475256","B07S168WXB","FIREMAX","155/65/14","Pneumatici estivi FIREMAX 155/65 R14 75 T FM601"
"6971901475447","B089RMYKJQ","FIREMAX","215/55/18","Pneumatico FIREMAX FM518 215/55 R18 95 V"
"6971901475829","B083Q9PMFQ","FIREMAX","215/65/16","Pneumatici estivi FIREMAX 215/65 R16 98H FM601"
"6971901475966","B0C59G4YDQ","FIREMAX","155/70/14","FIREMAX 155/70 R14 77T FM601"
"6971901476048","B07QYKLH8X","FIREMAX","185/65/15","Pneumatici estivi FIREMAX 185/65 R15 88 H FM601"
"6971901476086","B00ZUBX6TG","FIREMAX","195/65/15","Firemax FM601 195/65 R15 91 V"
"6971901476130","B07Z1PQVGY","FIREMAX","165/70/14","FIREMAX 165/70 R14 81T FM601"
"6971901476468","B07Z1QC3Z2","FIREMAX","175/70/14","Pneumatici estivi FIREMAX 175/70 R14 84 H FM601"
"6971901476536","B0C6B4M5M6","FIREMAX","165/70/13","FIREMAX 165/70 R13 79T FM601"
"6971901476581","B097Z651B6","FIREMAX","185/55/15","FIREMAX 185/55 R15 82V FM601"
"6971901476772","B0C28D4KTD","FIREMAX","265/70/16","FIREMAX 265/70 R16 112H FM518"
"6971901476796","B08MLNY3GR","FIREMAX","185/55/14","FIREMAX 185/55 R14 80H FM601"
"6971901476871","B0C6B42Y66","FIREMAX","165/60/14","FIREMAX 165/60 R14 75H FM601"
"6971901476888","B07RRZYKXG","FIREMAX","245/70/16","Pneumatici estivi FIREMAX 245/70 R16 111H FM518 XL"
"6971901477304","B08LVMRX49","FIREMAX","225/60/15","FIREMAX 225/60 R15 96V FM601"
"6971901478776","B07RWT43QZ","FIREMAX","235/65/16","Pneumatici estivi FIREMAX 235/65 R16 115R FM916"
"6971901478844","B083BHTJ8R","FIREMAX","215/65/15","Pneumatici estivi FIREMAX 215/65 R15 104T FM916"
"6971901478868","B08MLJ7TK9","FIREMAX","225/70/15","Pneumatici FIREMAX FM916 225/70 R15 112/110R - Estate 6971901478868"
"6971901478899","B083BHZXR6","FIREMAX","195/65/16","Pneumatici estivi FIREMAX 195/65 R16 104R FM916"
"6971901479360","B0C6B72TR5","FIREMAX","155/80/13","FIREMAX 155/80 R13 79T FM601"
"6971901479377","B0C6B5YCHQ","FIREMAX","165/60/15","FIREMAX 165/60 R15 81H FM601 XL"
"6971901479483","B0C6B4QTT8","FIREMAX","185/55/16","FIREMAX 185/55 R16 87V FM601 XL"
"6971901479537","B0C6B6LNHJ","FIREMAX","195/45/17","FIREMAX 195/45 R17 85W FM601 XL"
"6971901479551","B0C6B6688Q","FIREMAX","195/60/16","FIREMAX 195/60 R16 89H FM601"
"6974610323993","B0FXBP396Z","GOODTRIP","225/45/17","Pneumatici GOODTRIP GR-66 225/45 R17 94W - Estate 6974610323993"
"8019227163889","B002C837TO","PIRELLI","245/35/20","Pirelli P Zero XL FSL - 245/35R20 95Y - Pneumatico Estivo"
"8019227163902","B002C87HIG","PIRELLI","255/35/20","Pirelli P Zero XL FSL - 255/35R20 97Y - Pneumatico Estivo"
"8019227173772","B0043QQYZW","PIRELLI","235/35/19","Pirelli P Zero FSL - 235/35R19 87Y - Pneumatico Estivo"
"8019227176735","B002C7Z39C","PIRELLI","235/45/20","Pirelli P Zero XL FSL - 235/45R20 100W - Pneumatico Estivo"
"8019227186437","B0060SHS92","PIRELLI","295/30/20","Pirelli W 240 Sottozero II FSL M+S - 295/30R20 97V - Pneumatico Invernale"
"8019227191660","B00ARV37YS","PIRELLI","235/60/18","Pirelli Scorpion Verde All Season FSL M+S - 235/60R18 103H - Pneumatico 4 stagioni"
"8019227193862","B0043QQZ5Q","PIRELLI","235/35/20","Pirelli W 270 Sottozero II XL FSL M+S - 235/35R20 92W - Pneumatico Invernale"
"8019227195392","B008JQ26B8","PIRELLI","255/50/19","Pirelli Scorpion Verde All Season XL M+S - 255/50R19 107H - Pneumatico Estivo"
"8019227195408","B004E0HCKS","PIRELLI","255/50/19","Pirelli Scorpion Verde FSL - 255/50R19 103W - Pneumatico Estivo"
"8019227195989","B0055BPJQE","PIRELLI","235/55/19","Pirelli Scorpion Verde All Season XL FSL M+S - 235/55R19 105V - Pneumatico Estivo"
"8019227199574","B0043QQLPK","PIRELLI","255/30/19","Pirelli P Zero XL - 255/30R19 91Y - Pneumatico Estivo"
"8019227199642","B004DDHBHA","PIRELLI","255/40/19","Pirelli P Zero XL FSL - 255/40R19 100Y - Pneumatico Estivo"
"8019227199703","B00542MASO","PIRELLI","245/45/18","Pirelli P Zero XL FSL - 245/45R18 100Y - Pneumatico Estivo"
"8019227199710","B004GUE29U","PIRELLI","255/35/20","Pirelli P Zero XL FSL - 255/35R20 97Y - Pneumatico Estivo"
"8019227203479","B0077I0CYC","PIRELLI","265/35/20","Pirelli P Zero XL FSL - 265/35R20 99Y - Pneumatico Estivo"
"8019227204032","B004TEJS2Y","PIRELLI","225/45/17","Pirelli Cinturato P7 FSL - 225/45R17 91Y - Pneumatico Estivo"
"8019227204896","B00NN2XOCI","PIRELLI","225/45/18","Pirelli Cinturato P7 All Season M+S - 225/45R18 91V - Pneumatico 4 stagioni"
"8019227204940","B004DDG4T6","PIRELLI","295/35/21","Pirelli P Zero XL FSL - 295/35R21 107Y - Pneumatico Estivo"
"8019227205039","B004DDJOJ8","PIRELLI","225/60/17","Pirelli Cinturato P7 - 225/60R17 99V - Pneumatico Estivo"
"8019227209471","B00CTFWQHO","PIRELLI","255/35/20","Pirelli P Zero XL FSL - 255/35R20 97Y - Pneumatico Estivo"
"8019227215427","B008JQ27DK","PIRELLI","275/50/20","Pirelli Scorpion Verde All Season FSL M+S - 275/50R20 109H - Pneumatico Estivo"
"8019227216684","B00BW7BUHM","PIRELLI","275/45/21","Pirelli Scorpion Verde All Season XL FSL M+S - 275/45R21 110Y - Pneumatico Estivo"
"8019227218008","B008JPY1FS","PIRELLI","275/40/20","Pirelli Scorpion Winter XL FSL M+S - 275/40R20 106V - Pneumatico Invernale"
"8019227222036","B00ARSNJZS","PIRELLI","275/45/21","Pirelli Scorpion Verde All-Season - 275/45/R21 110W - C/B/72 - Pneumatici tutte stagioni(4x4)"
"8019227224566","B00ARUD71W","PIRELLI","225/50/18","Pirelli Cinturato P7 - 225/50R18 95W - Pneumatico Estivo"
"8019227226577","B00ARV362Q","PIRELLI","275/30/20","Pirelli W 240 Sottozero II XL FSL M+S - 275/30R20 97V - Pneumatico Invernale"
"8019227227345","B00J3IPLJK","PIRELLI","235/55/19","Pirelli Scorpion Winter - 235/55/R19 101V - C/C/72 - Pneumatico invernales (4x4)"
"8019227228182","B008JQ2T88","PIRELLI","205/55/17","Pirelli W 210 Sottozero II M+S - 205/55R17 91H - Pneumatico Invernale"
"8019227228526","B00ARUEF8Q","PIRELLI","215/45/18","Pirelli W 240 Sottozero II XL FSL M+S - 215/45R18 93V - Pneumatico Invernale"
"8019227228748","B00B1121NQ","PIRELLI","265/50/19","Pirelli Scorpion Winter XL FSL M+S - 265/50R19 110V - Pneumatico Invernale"
"8019227229813","B00J3IOOYS","PIRELLI","255/50/19","Pirelli Scorpion Verde XL FSL - 255/50R19 107W - Pneumatico Estivo"
"8019227229820","B00INZJ3Y8","PIRELLI","255/55/18","Pirelli Scorpion Verde XL FSL - 255/55R18 109V - Pneumatico Estivo"
"8019227230628","B008JQ20B4","PIRELLI","285/35/21","Pirelli P Zero XL FSL - 285/35R21 105Y - Pneumatico Estivo"
"8019227230970","B010FYMJEK","PIRELLI","245/40/18","Pirelli Winter Sottozero 3 XL FSL M+S - 245/40R18 97V - Pneumatico Invernale"
"8019227233209","B01ABRN0LM","PIRELLI","245/50/18","Pirelli Cinturato P7 - 245/50R18 100Y - Pneumatico Estivo"
"8019227235425","B01BHS7TB6","PIRELLI","265/50/20","Pirelli Scorpion Verde All Season FSL M+S - 265/50R20 107V - Pneumatico Estivo"
"8019227235456","B00ARV37CU","PIRELLI","285/50/20","Pirelli Scorpion Verde All-Season - 285/50/R20 116V - C/C/72 - Pneumatici tutte stagioni(4x4)"
"8019227237580","B08V8SDY8X","PIRELLI","225/50/17","PIRELLI 225/50 R17 94Y CINTURATO P7 (P7C2) (MO)"
"8019227237702","B00LNG0UQY","PIRELLI","255/40/19","Pirelli Winter Sottozero 3 XL FSL M+S - 255/40R19 100V - Pneumatico Invernale"
"8019227239010","B00BW7BTRS","PIRELLI","255/35/19","Pirelli P Zero XL FSL - 255/35R19 96Y - Pneumatico Estivo"
"8019227239102","B00D03YGY0","PIRELLI","255/45/19","Pirelli Winter 240 SottoZero Serie II - 255/45/R19 100V - E/C/72 - Pneumatico invernales"
"8019227239126","B00LNG0P50","PIRELLI","255/40/20","Pirelli W 240 Sottozero II XL FSL M+S - 255/40R20 101V - Pneumatico Invernale"
"8019227240443","B00LNG0CU8","PIRELLI","265/35/20","Pirelli P Zero XL FSL - 265/35R20 99Y - Pneumatico Estivo"
"8019227241389","B00EH7PPJS","PIRELLI","255/40/19","Pirelli Scorpion Winter XL M+S - 255/40R19 100H - Pneumatico Invernale"
"8019227241730","B00GOVY758","PIRELLI","285/30/21","Pirelli P Zero XL FSL - 285/30R21 100Y - Pneumatico Estivo"
"8019227241792","B01LCKYEU8","PIRELLI","225/50/17","Pirelli Cinturato P7 XL - 225/50R17 98Y - Pneumatico Estivo"
"8019227242263","B014VPNSEE","PIRELLI","285/40/20","Pirelli P Zero FSL - 285/40R20 104Y - Pneumatico Estivo"
"8019227242737","B00JEUNXZG","PIRELLI","205/45/17","Pirelli P Zero XL FSL - 205/45R17 88Y - Pneumatico Estivo"
"8019227244038","B00VZO3TBM","PIRELLI","275/50/20","Pirelli Scorpion Verde - 275/50/R20 109W - C/B/71 - Pneumatico Estivos (4x4)"
"8019227244441","B0152BBPQE","PIRELLI","295/45/20","Pirelli Scorpion Winter XL FSL M+S - 295/45R20 114V - Pneumatico Invernale"
"8019227244595","B00UALHUG6","PIRELLI","245/40/18","Pirelli Cinturato P7 - 245/40/R18 97Y - C/A/72 - Pneumatico Estivos"
"8019227246100","B06X1B4XX2","PIRELLI","225/50/18","Pirelli P Zero™ All Season 225/50R18 95V RFT"
"8019227246148","B015IHT0GE","PIRELLI","205/60/17","Pirelli Winter Sottozero 3 FSL M+S - 205/60R17 93H - Pneumatico Invernale"
"8019227246711","B00SRH3K96","PIRELLI","225/50/18","Pirelli Cinturato P7 K1 FSL - 225/50R18 95W - Pneumatico Estivo"
"8019227247992","B01ABRI26U","PIRELLI","225/55/17","Pirelli Winter Sottozero 3 FSL M+S - 225/55R17 97H - Pneumatico Invernale"
"8019227249040","B00NWIQGHS","PIRELLI","245/35/20","Pirelli P Zero XL FSL - 245/35R20 95Y - Pneumatico Estivo"
"8019227250169","B01ABRRHGQ","PIRELLI","265/35/20","Pirelli P-Zero FSL - 265/35R20 95Y - Pneumatico Estivo"
"8019227251586","B01LYONQH7","PIRELLI","255/35/20","Pirelli Winter Sottozero 3 XL FSL M+S - 255/35R20 97W - Pneumatico Invernale"
"8019227251630","B01IH91S9W","PIRELLI","265/35/20","Pirelli P-Zero XL - 265/35R20 99Y - Pneumatico Estivo"
"8019227251715","B00OCC9FXA","PIRELLI","205/40/18","Pirelli Winter Sottozero 3 XL FSL M+S - 205/40R18 86V - Pneumatico Invernale"
"8019227251982","B01BDBUY0A","PIRELLI","235/50/19","Pirelli Scorpion Verde - 235/50R19 99V - Pneumatico Estivo"
"8019227252071","B01067WHXO","PIRELLI","205/55/17","Pirelli Cinturato P7 All Season XL FSL M+S - 205/55R17 95V - Pneumatico 4 stagioni"
"8019227252392","B07PH6NSPP","PIRELLI","265/35/21","PIRELLI 265/35 R21 101Y Estivo XL Auto"
"8019227253931","B08DHLFS9X","PIRELLI","235/55/20","PIRELLI 235/55 R20 102V SCORPION VERDE"
"8019227254310","B01FFH5H1Y","PIRELLI","305/30/20","PIRELLI P-ZERO 305/30 R20 103(Y) XL - E, A, 2, 72dB"
"8019227254426","B089VW9L3Z","PIRELLI","275/40/19","PIRELLI 101Y P-Zero (PZ4) R-F (*) Luxury 275/40 R19 101Y Pneumatico Estivo Auto"
"8019227254471","B01B7IWTMK","PIRELLI","265/40/22","Pirelli P Zero XL - 265/40R22 106Y - Pneumatico Estivo"
"8019227255959","B00XU6EOAS","PIRELLI","275/40/22","Pirelli P Zero XL FSL - 275/40R22 108Y - Pneumatico Estivo"
"8019227256062","B0H9LJJK2C","PIRELLI","255/55/19","PIRELLI 255/55 R19 TL 111V SCORPION VERDE XL AO"
"8019227259230","B01BG3X2PY","PIRELLI","255/45/20","Pirelli Scorpion Verde - 255/45/R20 101W - B/B/71 - Pneumatico Estivos"
"8019227260366","B07CJ3DYXM","PIRELLI","285/40/21","PIRELLI 285/40 R21 109V Estivo XL Fuoristrada"
"8019227260373","B07HPB3FF3","PIRELLI","315/35/21","PIRELLI 315/35 R21 111V Estivo XL Fuoristrada"
"8019227260397","B079KVBPBJ","PIRELLI","255/55/19","PIRELLI 255/55 R19 111V Estivo XL Fuoristrada"
"8019227261165","B01M2YKIVL","PIRELLI","295/40/20","Pirelli P Zero XL FSL - 295/40R20 110Y - Pneumatico Estivo"
"8019227261806","B01N6SMAC6","PIRELLI","275/40/20","Pirelli P-Zero XL FSL - 275/40R20 106W - Pneumatico Estivo"
"8019227262261","B01CBDKOFO","PIRELLI","245/45/20","Pirelli Scorpion Verde - 245/45/R20 103W - C/B/69 - Pneumatico Estivos"
"8019227263695","B07NDJG6GP","PIRELLI","255/45/19","Pirelli Cinturato P7 XL - 255/45R19 - Pneumatici estivi"
"8019227263763","B01MU6WAMO","PIRELLI","255/40/21","Pirelli P-Zero XL FSL - 255/40R21 102Y - Pneumatico Estivo"
"8019227263787","B075F1HC9N","PIRELLI","255/45/20","Pirelli Scorpion Verde All Season FSL M+S - 255/45R20 101H - Pneumatico Estivo"
"8019227263909","B077L1J6TW","PIRELLI","285/40/20","Pirelli P-Zero - 285/40R20 104Y - Pneumatico Estivo"
"8019227263916","B0757HYHXW","PIRELLI","255/45/20","Pirelli P-Zero - 255/45R20 101Y - Pneumatico Estivo"
"8019227263985","B07YYQL236","PIRELLI","225/45/18","PIRELLI 225/45 R18 91V Estivo Runflat Auto"
"8019227264524","B01MS97TTW","PIRELLI","315/35/20","Pirelli P Zero - 315/35/R20 110W - C/B/75 - Pneumatico Estivos"
"8019227264944","B077L285RC","PIRELLI","305/30/20","PIRELLI 305/30 ZR20 103Y Estivo XL Auto Compatibilità con PORSCHE 911 991, JAGUAR F-Type Coupe X152, MERCEDES-BENZ AMG GT C190"
"8019227267129","B07B8RZHS3","PIRELLI","285/35/22","PIRELLI 285/35 R22 106Y Estivo XL Fuoristrada"
"8019227267167","B07BTHFQ73","PIRELLI","245/50/19","PIRELLI 245/50 R19 105W Estivo XL Runflat Auto"
"8019227268348","B01GWXZISC","PIRELLI","235/35/19","Pirelli P-Zero XL FSL - 235/35R19 91Y - Pneumatico Estivo"
"8019227268560","B01M6Y6LIL","PIRELLI","255/60/19","Pirelli Scorpion Verde All Season XL M+S - 255/60R19 113V - Pneumatico 4 stagioni"
"8019227268966","B08G4R7JTS","PIRELLI","265/45/21","Pneumatico PIRELLI P-ZERO 265/45 R21 104W"
"8019227269185","B06XPGQ32P","PIRELLI","265/35/20","Pirelli P-Zero XL FSL - 265/35R20 99Y - Pneumatico Estivo"
"8019227269246","B0842DH6MX","PIRELLI","225/55/17","PIRELLI 225/55 R17 97W CINTURATO P7 (P7C2) (MO1)"
"8019227269376","B01BTM6QC8","PIRELLI","185/65/15","Pirelli Cinturato Winter M+S - 185/65R15 88T - Pneumatico Invernale"
"8019227270006","B0GNK4M4FM","PIRELLI","225/45/19","PIRELLI 225/45 R19 96Y Estivo XL Auto"
"8019227270716","B01N12PO19","PIRELLI","245/35/19","Pirelli P-Zero XL - 245/35R19 93Y - Pneumatico Estivo"
"8019227270723","B079JY937N","PIRELLI","275/40/20","Pirelli P-Zero XL - 275/40R20 106W - Pneumatico Estivo"
"8019227270983","B07NDHS3WH","PIRELLI","315/40/21","PIRELLI 315/40 R21 111Y Estivo Fuoristrada"
"8019227271003","B07NDJ21YY","PIRELLI","275/45/21","PIRELLI 275/45 R21 107Y Estivo Auto"
"8019227271096","B07PMT56MJ","PIRELLI","265/55/19","PIRELLI 265/55 R19 109H Invernale Fuoristrada"
"8019227271331","B01CJNEKXS","PIRELLI","255/40/19","Pirelli P Zero XL FSL - 255/40R19 100Y - Pneumatico Estivo"
"8019227272772","B07HKHYM28","PIRELLI","275/35/20","Pirelli P-Zero XL FSL - 275/35R20 102Y - Pneumatico Estivo"
"8019227272826","B077L3KX7X","PIRELLI","285/40/21","PIRELLI 285/40 R21 109Y Estivo XL Fuoristrada"
"8019227272840","B01NAUTT8F","PIRELLI","285/45/20","Pirelli P-Zero - 285/45R20 108W - Pneumatico Estivo"
"8019227272857","B07BH3QPFZ","PIRELLI","255/55/19","PIRELLI 255/55 R19 107W Estivo Fuoristrada"
"8019227273342","B079Q3YGWK","PIRELLI","265/45/20","Pirelli Scorpion Verde - 265/45R20 104Y - Pneumatico Estivo"
"8019227273427","B07N1T493M","PIRELLI","275/30/20","Pirelli P-Zero XL FSL - 275/30R20 97Y - Pneumatico Estivo"
"8019227273816","B0857JY392","PIRELLI","215/65/17","PIRELLI 215/65 R17 99V SCORPION VERDE (MO)"
"8019227273939","B01H4ZYSDI","PIRELLI","315/35/20","Pirelli Scorpion Winter - 35/315/R 20 110 V - C/C/73 dB - Pneumatico Invernale"
"8019227274028","B01NBVE2AA","PIRELLI","255/35/20","Pirelli P-Zero XL FSL - 255/35R20 97Y - Pneumatico Estivo"
"8019227274134","B07WVFG87D","PIRELLI","235/40/19","Pirelli P-ZERO(PZ4) NA0-235/40R19 92Y - Pneumatico estivo"
"8019227274332","B01GWXXYPG","PIRELLI","255/40/18","Pirelli P-Zero XL FSL - 255/40R18 99Y - Pneumatico Estivo"
"8019227274509","B07WNWZC37","PIRELLI","285/45/21","PIRELLI 285/45 R21 113Y Estivo XL Runflat Auto"
"8019227274516","B07PPVHGXM","PIRELLI","275/50/20","PIRELLI 275/50 R20 113W Estivo XL Runflat Auto"
"8019227274530","B07YYQMQK5","PIRELLI","225/45/19","PIRELLI 225/45 R19 CINT.P7 ALLSEA(*) XL 96H ALLSEASON CC69 Cod:51945"
"8019227274578","B07M7Z4PV1","PIRELLI","225/50/17","Pirelli Cinturato P7 XL FSL - 225/50R17 98Y - Pneumatico Estivo"
"8019227274660","B07N1TK526","PIRELLI","295/40/19","PIRELLI 295/40 ZR19 108Y Estivo XL Auto"
"8019227274929","B07G2M67RM","PIRELLI","285/40/22","PIRELLI 285/40 R22 110W Invernale XL Fuoristrada"
"8019227275056","B07FB26TZR","PIRELLI","225/40/20","PIRELLI 225/40 R20 94Y Estivo XL Runflat Auto"
"8019227275087","B07VM7MNWT","PIRELLI","255/35/19","Pirelli P-Zero XL FSL - 255/35R19 96Y - Pneumatico Estivo"
"8019227275094","B07VM7ZFBX","PIRELLI","225/40/19","Pirelli P-Zero XL FSL - 225/40R19 93Y - Pneumatico Estivo"
"8019227275131","B07LFKHD5M","PIRELLI","315/35/21","PIRELLI 315/35 R21 111Y Estivo XL Runflat Fuoristrada"
"8019227275148","B07NDJZH48","PIRELLI","275/40/21","PIRELLI 275/40 R21 107Y Estivo XL Runflat Fuoristrada"
"8019227275155","B07MJHDPYC","PIRELLI","305/40/20","Pirelli Pzero XL Runflat 305/40R20 112Y Pneumatico Estivos"
"8019227275162","B07NDJWDR3","PIRELLI","275/45/20","Pirelli P-Zero XL FSL - 275/45R20 110Y - Pneumatico Estivo"
"8019227275209","B07MMDTS18","PIRELLI","225/50/17","Pirelli Winter Sottozero 3 XL FSL M+S - 225/50R17 98H - Pneumatico Invernale"
"8019227275292","B06ZZQM6LZ","PIRELLI","245/45/20","Pirelli Scorpion Zero All Season XL FSL M+S - 245/45R20 103W - Pneumatico Estivo"
"8019227275353","B08G4LX361","PIRELLI","235/55/19","PIRELLI 235/55 R19 105V Estivo XL Fuoristrada"
"8019227275995","B072K5C952","PIRELLI","235/55/19","Pirelli Scorpion Zero All Season XL FSL M+S - 235/55R19 105W - Pneumatico Estivo"
"8019227276022","B07FNC9JFY","PIRELLI","325/35/22","PIRELLI 325/35 R22 114Y Estivo XL Auto"
"8019227276138","B01N5R32CP","PIRELLI","215/45/17","Pirelli Cinturato P7 XL FSL - 215/45R17 91W - Pneumatico Estivo"
"8019227276374","B07F6VNRQS","PIRELLI","245/45/19","Pirelli Winter Sottozero 3 XL FSL M+S - 245/45R19 102V - Pneumatico Invernale"
"8019227276381","B07F87W5FB","PIRELLI","225/55/18","PIRELLI 225/55 R18 102V Invernale XL Auto"
"8019227276473","B07YYQX3DS","PIRELLI","225/55/18","PIRELLI 225/55 R18 102Y P7 CINTURATO (AO)"
"8019227277487","B07Q5G5ZQR","PIRELLI","235/55/19","PIRELLI 235/55 R19 101Y Estivo Fuoristrada"
"8019227277500","B01LX2EVSY","PIRELLI","275/35/20","Pirelli Winter Sottozero 3 XL FSL M+S - 275/35R20 102V - Pneumatico Invernale"
"8019227278101","B0746G5Z5Q","PIRELLI","275/35/19","275/35ZR19 PIRELLI TL P-ZERO(PZ4) MO XL 100Y *E*"
"8019227278477","B01LY38YR3","PIRELLI","265/45/20","Pirelli 10888 Pneumatico 265/45 R20 104V Scorpion Inverno Inverno"
"8019227278798","B073RCSWTW","PIRELLI","255/35/20","Pirelli P-Zero XL FSL - 255/35R20 97Y - Pneumatico Estivo"
"8019227278934","B01N4R9BP5","PIRELLI","255/45/20","Pirelli Scorpion Verde FSL - 255/45R20 101W - Pneumatico Estivo"
"8019227280012","B0746FPM1K","PIRELLI","275/35/22","Pirelli Scorpion Verde XL FSL - 275/35R22 104W - Pneumatico Estivo"
"8019227280029","B01N5R3K7E","PIRELLI","245/30/20","Pirelli P-Zero XL - 245/30R20 90Y - Pneumatico Estivo"
"8019227280463","B07WPFWMB1","PIRELLI","255/45/20","PIRELLI 255/45 R20 105Y Estivo XL Auto"
"8019227281170","B07WWK3WYR","PIRELLI","275/45/20","PIRELLI 275/45 R20 110H SCORPION ZERO ALL SEASON XL RFT*(BMW)"
"8019227281187","B07WWJH54B","PIRELLI","265/50/19","PIRELLI 265/50 R19 110H SCORPION ZERO ALL SEASON XL RFT*(BMW)"
"8019227281194","B07P19VPJ5","PIRELLI","265/50/19","PIRELLI 265/50 R19 110W Estivo XL Runflat Auto"
"8019227281392","B07WWXXRCF","PIRELLI","255/40/18","Pirelli Winter Sottozero 3 XL FSL M+S - 255/40R18 99V - Pneumatico Invernale"
"8019227281439","B07N1VCQ55","PIRELLI","285/45/21","PIRELLI 285/45 R21 113W Estivo XL Fuoristrada"
"8019227281446","B07HN54MXW","PIRELLI","275/50/20","Pirelli Scorpion Zero Asimm. XL FSL M+S - 275/50R20 113W - Pneumatico Estivo"
"8019227281699","B07BGBML3F","PIRELLI","245/45/20","Pneumatici Estivi Pirelli Pzero J Lr 245/45 R20 103Y"
"8019227281712","B0842DBHTD","PIRELLI","255/45/19","PIRELLI 255/45ZR19 P-ZERO PZ4(MO1) XL 104Y SUMMER CB69 Cod:55502"
"8019227282146","B07PFX8FX3","PIRELLI","265/45/21","Pirelli Pzero XL 265/45R21 108Y Pneumatico Estivos"
"8019227282177","B07NDKVGBL","PIRELLI","265/40/22","PIRELLI 265/40 R22 106Y Estivo XL Fuoristrada"
"8019227282191","B07HPHLKBZ","PIRELLI","265/45/21","Pirelli Scorpion Zero All Season XL FSL M+S - 265/45R21 108Y - Pneumatico Estivo"
"8019227282207","B07HPD5662","PIRELLI","295/40/21","Pirelli Scorpion Zero All Season XL FSL M+S - 295/40R21 111Y - Pneumatico Estivo"
"8019227282214","B07B53D87Y","PIRELLI","265/40/22","Pirelli Scorpion Zero All Season XL FSL M+S - 265/40R22 106Y - Pneumatico Estivo"
"8019227282238","B07F9ZT779","PIRELLI","265/45/21","PIRELLI 265/45 R21 108W Invernale XL Fuoristrada"
"8019227282313","B08BTFK3TN","PIRELLI","225/50/17","PIRELLI 225/50 R17 CINT.P7 BLUE(AO) TL 94H SUMMER Cod:73453"
"8019227282641","B07HN5R193","PIRELLI","245/45/20","PIRELLI 245/45 R20 103Y Estivo XL Fuoristrada"
"8019227282658","B07HPG2JK3","PIRELLI","275/40/20","PIRELLI 275/40 R20 106Y Estivo XL Fuoristrada"
"8019227285277","B07H3ZF868","PIRELLI","265/40/22","Pirelli Scorpion Winter XL FSL M+S - 265/40R22 106W - Pneumatico Invernale"
"8019227285413","B07YYQG1VQ","PIRELLI","225/45/17","PIRELLI 225/45 R17 WINTER SZ3(*) KS) RFT 91H WINTER CB69 Cod:51992"
"8019227285642","B07B8TMNZL","PIRELLI","215/45/18","PIRELLI 215/45 R18 89V Estivo Auto"
"8019227285710","B07WPFW71S","PIRELLI","275/35/21","Pirelli P-ZERO(PZ4) AO PNCS XL – 275/35R21 103Y – Pneumatici estivi"
"8019227285727","B07WWK33JQ","PIRELLI","285/30/22","PIRELLI 285/30 R22 P-ZERO(AO)(P)(NCS) TL 101Y SUMMER EB70 Cod:46773"
"8019227285741","B07FB1ZD8Q","PIRELLI","315/40/21","Pirelli Scorpion Zero All Season XL FSL - 315/40R21 - Pneumatici estivi"
"8019227285819","B07HPKDF2D","PIRELLI","275/55/19","PIRELLI 275/55 R19 111V Estivo Fuoristrada"
"8019227285857","B07YYQPH5J","PIRELLI","245/45/20","PIRELLI 245/45 R20 103Y CINTURATO P7 BLUE XL (NF0) ELT"
"8019227285864","B07YYPW46D","PIRELLI","285/40/20","PIRELLI 285/40 R20 108Y CINTURATO P7 BLUE XL (NF0) ELT"
"8019227286236","B07YYQDLNP","PIRELLI","205/60/16","PIRELLI Winter SOTTOZERO 3 XL * – 205/60R16 96H – C/B/68dB – Pneumatici invernali"
"8019227286274","B07YYQFBHC","PIRELLI","265/35/21","PIRELLI 265/35ZR21 P-ZERO(NF0) XL TL 101Y SUMMER CA70 Cod:51955"
"8019227286281","B07YYPQC3Y","PIRELLI","305/30/21","PIRELLI 305/30ZR21 104Y XL P-ZERO(NF0) elt"
"8019227286298","B07YYPQMMC","PIRELLI","255/40/20","255/40ZR20 PIRELLI TL P-ZERO NF0 ELECT XL 101Y E"
"8019227286342","B07PM8D9TS","PIRELLI","235/50/20","PIRELLI 235/50 R20 104Y Estivo XL Auto"
"8019227288391","B08DHMYR7J","PIRELLI","235/40/19","Pirelli WINTER PZERO NA0-235/40R19 92V - Pneumatico invernale"
"8019227289633","B07F88LY9K","PIRELLI","275/35/19","PIRELLI 275/35 R19 100V Invernale XL Runflat Auto"
"8019227290646","B079RKWSBW","PIRELLI","245/35/20","PIRELLI 245/35 R20 95Y Estivo XL Auto"
"8019227290820","B07CRS3YKJ","PIRELLI","225/40/19","PIRELLI 225/40 R19 93Y P-ZERO XL RFT (MOE) PZ4 L.S MERCEDES L.S."
"8019227291377","B07CS1KS4X","PIRELLI","235/50/20","PIRELLI 235/50 R20 100W Estivo Fuoristrada"
"8019227291407","B071HQ6F1J","PIRELLI","235/35/19","Pirelli P-Zero XL FSL - 235/35R19 91Y - Pneumatico Estivo"
"8019227291872","B0842D63X7","PIRELLI","245/45/20","Pirelli 78315 Pneumatico 245/45 R20 103W P-Zero Pz4 Xl, Bmw"
"8019227291889","B0842DD89H","PIRELLI","275/40/20","PIRELLI 275/40R20 106W XL P-ZERO(*)"
"8019227292053","B01N4PTI41","PIRELLI","275/35/21","Pirelli P-Zero XL FSL - 275/35R21 103Y - Pneumatico Estivo"
"8019227292350","B07PNJ3GBL","PIRELLI","275/35/21","PIRELLI 275/35 R21 103V Estivo XL Auto"
"8019227292473","B07DNNPV6B","PIRELLI","265/45/21","Pirelli P-Zero FSL - 265/45R21 104W - Pneumatico Estivo"
"8019227300178","B0842DCK1L","PIRELLI","245/45/18","Pirelli CINTURATO P7C2 J XL – 245/45R18 100W – Pneumatici estivi"
"8019227303377","B07V9Y4G6Z","PIRELLI","255/45/19","Pirelli P Zero Winter XL FSL M+S - 255/45R19 104V - Pneumatico Invernale"
"8019227308006","B07RYMVJKS","PIRELLI","275/55/19","Pirelli Scorpion Winter FSL M+S - 275/55R19 111H - Pneumatico Invernale"
"8019227308013","B07HZS99WL","PIRELLI","285/35/20","Pirelli P-Zero XL FSL - 285/35R20 104Y - Pneumatico Estivo"
"8019227310610","B07YYQ8417","PIRELLI","295/30/21","PIRELLI 295/30 R21 102W Estivo XL Auto"
"8019227310627","B07WVFFGKG","PIRELLI","235/35/19","Pirelli P-Zero(PZ4) MO1 XL – 235/35R19 91Y – Pneumatici estivi"
"8019227310849","B077L2VV2Y","PIRELLI","235/60/18","PIRELLI 235/60 R18 103V Invernale Fuoristrada"
"8019227311075","B07FQNY8S7","PIRELLI","175/65/15","Pirelli W 210 Snowcontrol 3 XL M+S - 175/65R15 88H - Pneumatico Invernale"
"8019227311112","B0842DGM8B","PIRELLI","245/50/19","PIRELLI 245/50 R19 CIN.P7(P7C2)*) XLRFT 105W SUMMER BB70 Cod:55505"
"8019227311419","B07YYQFZ4M","PIRELLI","235/50/19","PIRELLI 235/50ZR19 99Y P-ZERO(MO1)"
"8019227312065","B07N1V44KQ","PIRELLI","245/45/18","Pirelli Cinturato P7 XL FSL - 245/45R18 100Y - Pneumatico Estivo"
"8019227312423","B07WWW86G7","PIRELLI","285/40/23","PIRELLI 285/40 R23 107Y Estivo Fuoristrada"
"8019227313598","B01LKX4R9K","PIRELLI","275/40/19","Pirelli 275/40R19 105Y Pneumatico Estivos"
"8019227313697","B07N1TJ94L","PIRELLI","295/40/22","PIRELLI 295/40 R22 112W Estivo XL Fuoristrada"
"8019227313802","B0GZDF8LQ8","PIRELLI","235/35/19","PIRELLI 235/35 R19 91Y Estivo XL Auto"
"8019227314106","B0842D6996","PIRELLI","225/50/18","PIRELLI 225/50 R18 99W CINTURATO P7 (P7C2) XL *(BMW)"
"8019227314243","B0842DKRLV","PIRELLI","225/45/18","PIRELLI 225/45 R18 CINT.P7 (P7C2)*) XL 95Y SUMMER AB70 Cod:55507"
"8019227314571","B07YYPYYHH","PIRELLI","235/35/19","PIRELLI 235/35R19 91Y XL P-ZERO(*)"
"8019227314588","B0842DLVYJ","PIRELLI","205/45/17","PIRELLI 205/45 R17 88W CINTURATO P7 (P7C2) XL *(BMW)"
"8019227314595","B0842D7M2V","PIRELLI","205/45/17","PIRELLI 205/45 R17 88W CINTURATO P7 (P7C2) XL RFT*(BMW)"
"8019227314601","B07YYPYN2K","PIRELLI","205/40/18","PIRELLI 205/40R18 86W XL r-f P-ZERO(*)"
"8019227314618","B0842DHQ2F","PIRELLI","255/40/18","PIRELLI 255/40 R18 99Y P7 CINTURATO (P7C2) XL *(BMW)"
"8019227314809","B07FBNSXNF","PIRELLI","295/35/21","PIRELLI 295/35 R21 107V Invernale XL Fuoristrada"
"8019227314953","B07Q3H367Q","PIRELLI","255/40/20","Pirelli P-Zero XL FSL – 255/40R20 – Pneumatici estivi"
"8019227314960","B07N1TBBRR","PIRELLI","275/50/20","Pirelli Scorpion Zero All Season XL M+S - 275/50R20 113V - Pneumatico 4 stagioni"
"8019227318340","B07N1T8YMV","PIRELLI","285/40/20","Pirelli P-Zero XL FSL - 285/40R20 108Y - Pneumatico Estivo"
"8019227319514","B07NDH1MV4","PIRELLI","265/40/21","PIRELLI 265/40 R21 105W Estivo XL Fuoristrada"
"8019227322057","B0842F5N37","PIRELLI","225/40/18","PIRELLI 225/40 R18 92Y CINTURATO P7 (P7C2) XL (AO)"
"8019227322071","B0842F9J27","PIRELLI","225/45/17","PIRELLI 225/45 R17 CINT.P7 (P7C2)(AO) 91Y SUMMER BA68 Cod:55513"
"8019227322125","B08C7CYY5M","PIRELLI","225/45/18","PIRELLI 225/45 R18 91Y P7 CINTURATO (P7C2)"
"8019227325355","B0842DDGPV","PIRELLI","315/35/21","PIRELLI 315/35ZR21 P-ZERO PZ4(*) XL 111Y SUMMER CA72 Cod:55558"
"8019227325379","B08DHFCFFL","PIRELLI","315/30/22","315/30ZR22 PIRELLI TL P-ZERO(PZ4) * XL (EU) 107Y *E*"
"8019227325515","B07NDJG1JK","PIRELLI","225/40/19","Pirelli P-Zero XL FSL - 225/40R19 93Y - Pneumatico Estivo"
"8019227325669","B07NQG2KZK","PIRELLI","235/55/19","Pirelli Scorpion Verde FSL - 235/55R19 101V - Pneumatico Estivo"
"8019227325737","B07Z334SN3","PIRELLI","245/45/20","PIRELLI 245/45 R20 103W P-ZERO XL RFT*(BMW)"
"8019227325751","B08V8WGP3R","PIRELLI","275/35/19","275/35Zr19 Pirelli Tl P-Zero(Pz4) Xl (Eu)100Y E"
"8019227325775","B07B5BLJSF","PIRELLI","275/45/21","PIRELLI 275/45 R21 110W Estivo XL Fuoristrada"
"8019227325874","B08V8MZRT2","PIRELLI","285/30/20","PIRELLI 285/30ZR20 P-ZERO PZ4 XLFR(*) FR 99Y SUMMER EB73"
"8019227325904","B07BJ9DLMY","PIRELLI","235/50/19","Pirelli P-Zero FSL - 235/50R19 99V - Pneumatico Estivo"
"8019227326703","B07Z31GB34","PIRELLI","285/45/20","285/45Yr20 Pirelli Tl P-Zero(Pz4) Ao1 Xl (Eu)112Y E"
"8019227326710","B07Z31WZ6R","PIRELLI","285/40/21","PIRELLI 285/40 R21 P-ZERO(AO1) XL TL 109Y SUMMER BA71 Cod:52080"
"8019227326727","B08DHDVMN2","PIRELLI","285/40/22","PIRELLI 285/40 R22 110V Invernale XL Fuoristrada"
"8019227326758","B07B5KJMHW","PIRELLI","255/40/22","PIRELLI 255/40 R22 103V Estivo XL Auto"
"8019227327557","B0842DJD5K","PIRELLI","235/45/18","PIRELLI 235/45 R18 94W CINTURATO P7 (P7C2) SEAL"
"8019227327571","B09BZYBGWQ","PIRELLI","255/45/19","PIRELLI 255/45 R19 100V Estivo Fuoristrada"
"8019227327892","B0842DQXFY","PIRELLI","245/45/18","PIRELLI 245/45 R18 96W Estivo Auto"
"8019227328585","B079YNYP7J","PIRELLI","315/30/22","PIRELLI 315/30 R22 107Y Estivo XL Auto"
"8019227338195","B0842F7YRC","PIRELLI","245/50/19","245/50WR19 PIRELLI TL CINTURATO P7C2* XL 105W *E*"
"8019227343212","B07NDK376F","PIRELLI","285/40/22","Pirelli Scorpion Zero All Season XL FSL M+S - 285/40R22 110S - Pneumatico Estivo"
"8019227343243","B07NSNGPQN","PIRELLI","275/45/21","PIRELLI 275/45 R21 110W Estivo XL Fuoristrada"
"8019227343250","B07N1VHB9W","PIRELLI","275/45/21","Pirelli Scorpion Zero All Season XL FSL M+S - 275/45R21 110Y - Pneumatico 4 stagioni"
"8019227343298","B07PP8CWYR","PIRELLI","255/55/19","Pirelli Scorpion Zero All Season XL FSL M+S - 255/55R19 111W - Pneumatico Estivo"
"8019227349573","B0842DNMPX","PIRELLI","225/60/18","PIRELLI 225/60 R 18 104W XL NEW P7 CINT.(*)"
"8019227353532","B07PFXS5N8","PIRELLI","245/45/21","PIRELLI 245/45 R21 104W SCORPION ZERO ALL SEASONS XL (J)(LR) NCS"
"8019227355918","B07WPFXBRP","PIRELLI","235/40/19","Pirelli Winter Sottozero 3 XL FSL M+S - 235/40R19 96V - Pneumatico Invernale"
"8019227355949","B07N1TJ7RD","PIRELLI","265/40/22","Pirelli P Zero XL – 265/40R22 – Pneumatici estivi"
"8019227355970","B08V8NGTSB","PIRELLI","245/40/18","PIRELLI 245/40 R18 97Y P7 CINTURATO (P7C2) XL (MO)"
"8019227355987","B08V8JBDMX","PIRELLI","225/45/18","PIRELLI 225/45 R18 95Y P7 CINTURATO (P7C2) XL (MO)"
"8019227355994","B08V8B6DXY","PIRELLI","245/40/18","PIRELLI 245/40 R18 C.P7(P7C2) XLFRRFTMOE FR97Y SUMMER BB69"
"8019227356007","B08V8BCFDW","PIRELLI","225/45/18","225/45YR18 PIRELLI TL CINTURATO P7C2 MOE RFT XL 95Y *E*"
"8019227356281","B07Z323SNP","PIRELLI","235/50/19","235/50Wr19 Pirelli Tl P-Zero (Pz4) MB (Eu) 99W E"
"8019227356342","B0916RJJ6W","PIRELLI","275/35/21","Pirelli 275/35Zr21 Tl P-Zero(Pz4) Nd0 Xl (Eu)103Y E"
"8019227356366","B0916QZGVS","PIRELLI","325/30/21","PIRELLI 325/30ZR21 P-ZEROPZ4 XL(N0) FR 108Y SUMMER CA72"
"8019227356373","B0916R65DT","PIRELLI","315/30/21","PIRELLI 315/30ZR21 P-ZEROPZ4 XL(N0) FR 105Y SUMMER CA71"
"8019227356410","B096T7LGR2","PIRELLI","235/55/19","235/55TR19 PIRELLI TL SCORPION AO + ELECT (EU)101T E"
"8019227356434","B0992Z9M87","PIRELLI","235/50/20","235/50TR20 PIRELLI TL SCORPION S-I AO + ELECT (EU)100T E"
"8019227356441","B093K5DN78","PIRELLI","235/45/21","235/45TR21 PIRELLI TL SCORPIO S-I AO + ELECT XL (EU)101T E"
"8019227356731","B08DHFD438","PIRELLI","245/35/19","245/35VR19 PIRELLI TL WINTER PZERO MO1 XL 93V E"
"8019227357325","B07Z32H69F","PIRELLI","235/55/18","235/55WR18 PIRELLI TL SCORPION VERDE RFT MOE (EU)100W *E*"
"8019227357349","B08C78MX83","PIRELLI","245/45/18","PIRELLI 245/45 R18 100Y P7 CINTURATO (P7C2) XL (MO)"
"8019227357356","B08C72BJQG","PIRELLI","275/40/18","PIRELLI 275/40 R18 103Y P7 CINTURATO (P7C2) XL (MO)"
"8019227357394","B08C6XVPDX","PIRELLI","245/40/19","245/40Yr19 Pirelli Tl P-Zero(Pz4) MB Xl (Eu) 98Y E"
"8019227358377","B0916RRD6B","PIRELLI","285/45/22","PIRELLI 285/45 R22 P-ZEROPZ4 XLNCS(LR) FR114Y SUMMER AB71"
"8019227358391","B0916QQ95C","PIRELLI","285/40/23","285/40YR23 PIRELLI TL SCORPION ZERO AS LR NCS XL 111Y *E*"
"8019227361551","B07Z3117CK","PIRELLI","275/35/22","Pirelli 73898 Pneumatico 275/35 R22 104W Pzero Tutte Le Stagioni Xl B, Bentley Ncs, Antiruido"
"8019227361568","B07Z32KNBT","PIRELLI","315/30/22","PIRELLI 315/30R22 107W XL PZRAS(B) ncs"
"8019227361865","B07PMT4PLY","PIRELLI","235/55/19","Pirelli Scorpion Verde All Season XL FSL M+S - 235/55R19 105V - Pneumatico 4 stagioni"
"8019227361940","B07WXK3P8R","PIRELLI","315/40/21","PIRELLI 315/40 R21 SC.WINTER(MO-S(NCS) 111V WINTER CB73 Cod:46870"
"8019227361988","B07Z32FKRW","PIRELLI","275/35/19","PIRELLI 275/35 R19 P-ZERO(*) XL RFT 100Y SUMMER BB70 Cod:52105"
"8019227361995","B07Z2ZV6XN","PIRELLI","245/40/19","PIRELLI 245/40 R19 98 Y PZERO RUNFLAT"
"8019227362008","B07Z31XQPN","PIRELLI","245/40/19","Pirelli P-Zero – 245/40 R19 98Y – Pneumatici estivi"
"8019227362022","B08V8R9SDQ","PIRELLI","245/45/18","PIRELLI 245/45 R18 P-ZEROPZ4 XLFRRFT(*) F100Y SUMMER BB70"
"8019227362039","B0842D7YNX","PIRELLI","245/45/18","Pirelli P-ZERO(PZ4)* XL – 245/45R18 100Y – Pneumatici estivi"
"8019227362763","B08V896XMN","PIRELLI","245/40/19","245/40WR19 PIRELLI TL P-ZERO (PZ4) 94W *E*"
"8019227362817","B0842DKR2P","PIRELLI","225/55/17","225/55Yr17 Pirelli Tl Cinturato P7C2 MB (Neu) 97Y E"
"8019227362824","B08C6Z3K9Q","PIRELLI","255/40/21","PIRELLI 255/40R21 102V XL P-ZERO(VOL) KSncs"
"8019227362831","B08C76SPGD","PIRELLI","265/35/22","PIRELLI 265/35R22 102V XL P-ZERO(VOL) ncs"
"8019227362848","B0842DVKW5","PIRELLI","245/45/20","PIRELLI 245/45R20 103W XL P-ZERO(VOL)"
"8019227362855","B08V8YWJ21","PIRELLI","245/40/20","245/40Wr20 Pirelli Tl P-Zero(Pz4) Pncs Vol Xl (Eu) 99W E"
"8019227364224","B07P5NWW1Q","PIRELLI","235/50/20","PIRELLI 235/50 R20 104W Estivo XL Fuoristrada"
"8019227364309","B08C7DP43K","PIRELLI","245/45/18","245/45YR18 PIRELLI TL P-ZERO(PZ4) VOL KS XL 100Y *E*"
"8019227364323","B07WWJPW3Z","PIRELLI","235/60/18","PIRELLI 235/60 R18 103V SCORPION VERDE (MO)"
"8019227364392","B07Z2XP8G4","PIRELLI","235/55/18","PIRELLI 235/55 R18 100W SCORPION VERDE"
"8019227364446","B091JK75SF","PIRELLI","225/50/17","225/50HR17 PIRELLI TL WSZer3 MO XL (EU) 98H *E*"
"8019227364453","B07N1TC46F","PIRELLI","265/40/22","PIRELLI 265/40 R22 106Y Estivo XL Fuoristrada"
"8019227365429","B091JKKN5W","PIRELLI","225/45/18","225/45HR18 PIRELLI TL WSZer3 MOE RFT XL (EU) 95H *E*"
"8019227365559","B08V8WSPDS","PIRELLI","235/45/20","235/45TR20 PIRELLI TL P-ZERO(PZ4) MO ELECT XL (EU)100T *E*"
"8019227365580","B0916CD8XY","PIRELLI","235/55/18","235/55Tr18 Pirelli Tl Cinturato P7 MB Elect Xl 104Y E"
"8019227374346","B0BVRH6WRY","PIRELLI","265/35/21","265/35Wr21 Pirelli Tl Winter Pzero Mo1A Xl 101W"
"8019227374636","B07WWK4Y6T","PIRELLI","255/65/19","PIRELLI 255/65 R19 114V SCORPION ZERO ALL SEASON XL (LR)"
"8019227375091","B0BVFKQHH6","PIRELLI","275/45/21","PIRELLI 275/45 R21 110H Estivo XL Runflat Auto"
"8019227376944","B09QRKF666","PIRELLI","255/45/20","255/45TR20 PIRELLI TL SCORPION S-I AO + ELECT (EU)101T E"
"8019227376951","B093KJ1HXP","PIRELLI","255/40/21","255/40TR21 PIRELLI TL SCORPION S-I AO + ELECT (EU)102T E"
"8019227378047","B0916PFRD3","PIRELLI","215/40/18","215/40YR18 PIRELLI TL P-ZERO PZ4 HN XL 89Y *E*"
"8019227378108","B08V87XR3G","PIRELLI","255/40/20","255/40YR20 PIRELLI TL P-ZE(PZ4) MOE-S NCS RFT XL(EU101Y *E*"
"8019227378320","B09QHKSCWL","PIRELLI","255/45/18","255/45Yr18 Pirelli Tl P-Zero(Pz4) I Xl 103Y E"
"8019227378658","B09KH1TYF8","PIRELLI","255/40/19","255/40Yr19 Pirelli Tl P-Zero(Pz4) Rft Xl (Eu)100Y E"
"8019227378771","B08V8C8X13","PIRELLI","255/40/21","PIRELLI 255/40 R21 P-ZERO PZ4 XLFR(AR) F102Y SUMMER CA73"
"8019227378863","B08V8B5QM5","PIRELLI","255/40/20","PIRELLI 255/40 R20 P-ZEROPZ4 XL FR(VOL) F101V SUMMER AB72"
"8019227378887","B08V8W3GJK","PIRELLI","255/45/19","255/45Vr19 Pirelli Tl P-Zero(Pz4) Vol Elect Xl 104V E"
"8019227378894","B08V8JL91C","PIRELLI","235/50/19","235/50VR19 PIRELLI TL P-ZERO (PZ4) VOL ELECT XL (EU)103V *E*"
"8019227379105","B0BRP1JV91","PIRELLI","265/40/21","265/40HR21 PIRELLI TL P-ZERO(PZ4) MO-S NCS E XL (EU) 105H"
"8019227379341","B0916Q3X5R","PIRELLI","255/45/20","255/45YR20 PIRELLI TL SCORPION ZERO AS AR XL 105Y *E*"
"8019227379358","B0916NQX76","PIRELLI","285/40/20","285/40YR20 PIRELLI TL P-ZERO(PZ4) AR XL 108Y *E*"
"8019227379419","B09QWCTWRM","PIRELLI","245/40/19","245/40YR19 PIRELLI TL P-ZERO(PZ4) I XL 98Y E"
"8019227379426","B09RSL8F97","PIRELLI","245/40/19","GOMME PNEUMATICI P-ZERO PZ4 (*)(KS) XL 245/40 R19 98Y PIRELLI"
"8019227379440","B0BVFPN2GP","PIRELLI","245/45/18","245/45Yr18Pirelli Tl P-Zero(Pz4) I Rft Xl100Y E"
"8019227379457","B09KMR4KWX","PIRELLI","245/45/18","GOMME PNEUMATICI P-ZERO PZ4 (*) XL 245/45 R18 100Y PIRELLI"
"8019227380316","B09PJ6LKB8","PIRELLI","245/40/19","GOMME PNEUMATICI P-ZERO PZ4 (*)(KS) XL RUN FLAT 245/40 R19 98Y PIRELLI"
"8019227380569","B0D6QD71NP","PIRELLI","255/50/20","PIRELLI 255/50 R20 109W Estivo XL Fuoristrada"
"8019227380583","B0DF4HGJVY","PIRELLI","255/45/21","PIRELLI 255/45 R21 106W Estivo XL Fuoristrada"
"8019227380804","B09QRD1MYR","PIRELLI","255/35/19","255/35Yr19 Pirelli Tl P Zero (Pz4) Xl (Eu) 96Y E"
"8019227380828","B09R6QVC86","PIRELLI","225/40/19","Pirelli 225/40YR19 TL P ZERO XL (EU) 93Y E"
"8019227382044","B08V8KG8HL","PIRELLI","235/55/19","PIRELLI 235/55 R19 105 H CINT P7 C2"
"8019227382808","B08V8QWYKZ","PIRELLI","235/35/20","PIRELLI 235/35 R20 P-ZERO PZ4 XLFR(T0) FR92Y SUMMER CA70"
"8019227382846","B0D8VD4CTZ","PIRELLI","275/30/20","PIRELLI 275/30 R20 97Y Estivo XL Auto"
"8019227382990","B0BYC61H76","PIRELLI","265/40/21","PIRELLI 265/40 R21 101V SCORPION VERDE A/S NE0 (PORSCHE)"
"8019227383003","B0BZ5ZP48W","PIRELLI","295/35/21","PIRELLI 295/35 R21 103V Estivo Auto"
"8019227383102","B0842DMLFL","PIRELLI","225/40/19","GOMMA PNEUMATICI PIRELLI 225/40-19 93W P-ZERO PZ4 S.C. (MO) XL"
"8019227383201","B07WWZSJGK","PIRELLI","305/30/21","PIRELLI 305/30 R21 100Y Estivo Auto"
"8019227383218","B07WVFG9XF","PIRELLI","245/35/20","Pirelli P-Zero FSL - 245/35R20 91Y - Pneumatico Estivo"
"8019227383744","B08DHJLR4R","PIRELLI","235/35/19","235/35VR19 PIRELLI TL WSZer3* XL (EU) 91V * E*"
"8019227383966","B08C77R58X","PIRELLI","255/40/21","PIRELLI 255/40 R21 102W P-ZERO PZ4 XL (AR)"
"8019227384031","B0842DCSJ9","PIRELLI","235/55/18","PIRELLI 235/55 R18 100W SCORPION VERDE (MO) (KS)"
"8019227385809","B07Z32HC2J","PIRELLI","235/50/19","235/50VR19 PIRELLI TL P-ZERO(PZ4) VOL KS 103V *E*"
"8019227386776","B0842D6XF6","PIRELLI","235/50/19","PIRELLI 235/50R19 99W P-ZERO(MO)(KS)"
"8019227387346","B08DHM9S17","PIRELLI","325/30/23","PIRELLI 325/30 R23 P-ZERO PZ4 XL(P) FP 109Y SUMMER CB73 Cod:76010"
"8019227387353","B08DHDGGLK","PIRELLI","285/35/23","PIRELLI 285/35 R23 P-ZERO PZ4 XL(P) NCS 107Y SUMMER EB73 Cod:76011"
"8019227387940","B08V8ZFFFC","PIRELLI","245/40/20","245/40Zr20 Pirelli Tl P-Zero(Pz4) Mgt Xl (Eu) 99Y E"
"8019227387957","B08V8XNBYG","PIRELLI","285/35/20","285/35Zr20 Pirelli Tl P-Zero(Pz4) Mgt Xl (Eu)104Y E"
"8019227388169","B096N6QDWF","PIRELLI","205/50/17","PIRELLI 205/50 R17 93Y Estivo XL Auto"
"8019227388220","B0916QT7VN","PIRELLI","235/45/18","PIRELLI 235/45 R18 98Y POWERGY XL"
"8019227388305","B091JHDRC1","PIRELLI","235/40/19","PIRELLI 235/40 R19 96Y POWERGY XL"
"8019227388312","B0916Q11T6","PIRELLI","225/40/19","PIRELLI 225/40 R19 93Y POWERGY XL"
"8019227388404","B0916P9G1Z","PIRELLI","195/55/20","PIRELLI 195/55 R20 95H POWERGY"
"8019227388503","B09NPLZ3SL","PIRELLI","225/45/18","225/45Yr18 Pirelli Tl Cinturato P7C2 Xl 95Y E"
"8019227388879","B07YYPLML6","PIRELLI","225/40/18","225/40Zr18 Pirelli Tl P-Zero(Pz4) Ks Xl 92Y E"
"8019227389722","B0D7P3NJSZ","PIRELLI","255/55/18","PIRELLI 255/55 R18 105T Estivo Runflat Fuoristrada"
"8019227389739","B0D2RPVQS8","PIRELLI","235/60/18","PIRELLI 235/60 R18 103T Estivo Runflat Fuoristrada"
"8019227389746","B0F6KPQPBD","PIRELLI","255/50/19","255/50TR19 PIRELLI TL SCORPION S-I (+) ELECT XL 107T"
"8019227389753","B0F6KLM2YJ","PIRELLI","235/55/19","235/55TR19 PIRELLI TL SCORPION S-I (+) ELECT XL 105T"
"8019227389838","B0CSM5BFMP","PIRELLI","255/40/20","PIRELLI 255/40 R20 101T Estivo XL Auto"
"8019227389869","B0CT9LXN6N","PIRELLI","235/50/19","PIRELLI 235/50 R19 99T Estivo Runflat Auto"
"8019227390490","B09V5RFX7V","PIRELLI","245/35/19","245/35Zr19 Pirelli Tl P-Zero(Pz4) Ao Xl 93Y E"
"8019227390506","B09TVMPDDT","PIRELLI","265/30/19","265/30ZR19 PIRELLI TL P-ZERO(PZ4) AO XL 93Y E"
"8019227392210","B08C7C9WVP","PIRELLI","245/45/19","PIRELLI 245/45ZR19 (102Y) XL P ZERO(J)(KS)"
"8019227392777","B096N951DX","PIRELLI","285/30/21","285/30ZR21 PIRELLI TL P-ZERO(PZ4) ALP XL 100Y E"
"8019227392838","B096N76RXJ","PIRELLI","245/40/19","245/40VR19 PIRELLI TL WINTER PZERO RFT * XL (EU) 98V * E *"
"8019227393194","B0B77NGRWH","PIRELLI","205/50/17","205/50VR17 PIRELLI TL CINTURATO WINTER 2 XL (EU) 93 V"
"8019227393293","B096N7F1H1","PIRELLI","225/50/17","PIRELLI 225/50 R17 98V CINTURATO WINTER 2 XL"
"8019227393309","B096N7R4KX","PIRELLI","225/55/17","225/55VR17 PIRELLI TL CINTURATO WINTER 2 XL 101V *E*"
"8019227393385","B096N7LBDH","PIRELLI","225/55/18","225/55HR18 PIRELLI TL CINTURATO WINTER 2 XL (NUOVO)102V E"
"8019227393804","B0BPM38M2B","PIRELLI","275/35/20","PIRELLI 275/35 R20 102Y Estivo XL Auto"
"8019227393811","B0D4MMMHJP","PIRELLI","245/40/20","PIRELLI 245/40 R20 99Y Estivo XL Auto"
"8019227393859","B0916RNL5J","PIRELLI","255/30/20","255/30Zr20 Pirelli Tl P Zero(Pz4) Alp Xl (Eu) 92Y E"
"8019227393866","B08V8NVHFR","PIRELLI","265/30/20","265/30YR20 PIRELLI TL P-ZERO(PZ4) ALP XL 94Y *E*"
"8019227393897","B0F3WBX3XV","PIRELLI","255/45/20","PIRELLI 255/45 R20 105Y Estivo XL Fuoristrada"
"8019227393903","B09T5R8SW1","PIRELLI","285/40/20","285/40ZR20 PIRELLI TL P-ZERO(PZ4) XL 108Y E"
"8019227393989","B0C1GWMBMY","PIRELLI","275/35/20","PIRELLI 275/35 R20 102Y P-ZERO PZ4 *(BMW) MO(MERCEDES)"
"8019227394016","B0BZ58PPHC","PIRELLI","255/45/20","PIRELLI 255/45 R20 105Y P-ZERO PZ4 NCS I*(HOMOLOGACION ESPECIAL BMW)"
"8019227394061","B0C7LNM5RJ","PIRELLI","245/35/21","245/35YR21 PIRELLI TL P-Zero(Pz4) Mo-S Ncs Xl 96Y"
"8019227394641","B08V8PGY6L","PIRELLI","285/30/21","PIRELLI 285/30 R21 P-ZERO PZ4 XLFR(MO) F100Y SUMMER BA70"
"8019227395358","B0D6QNJ3RV","PIRELLI","285/45/21","PIRELLI 285/45 R21 113V Estivo XL Auto"
"8019227395372","B0CJLKJV6C","PIRELLI","285/45/21","PIRELLI 285/45 R21 113Y Estivo XL Fuoristrada"
"8019227395389","B0CTKQZR9Q","PIRELLI","315/40/21","PIRELLI 315/40 ZR21 115Y Estivo XL Fuoristrada"
"8019227395440","B0CRGSDHQY","PIRELLI","255/35/21","PIRELLI 255/35 R21 101Y Estivo XL Auto"
"8019227395457","B0CRH5QCMB","PIRELLI","285/30/21","PIRELLI 285/30 R21 103Y Estivo XL Auto"
"8019227395631","B091JMGCDS","PIRELLI","255/40/20","255/40Wr20 Pirelli Tl Wszer3 T0 Ncs Elect Xl (Eu)101W"
"8019227395815","B0916RDTRH","PIRELLI","235/55/19","235/55YR19 PIRELLI TL SCORPION VERDE AR KS XL 105Y E"
"8019227396010","B08V8DTJ2N","PIRELLI","255/35/19","PIRELLI 255/35 R19 96Y P-ZERO PZ4 (AR) RFT"
"8019227396522","B0CRTLZJZK","PIRELLI","285/40/22","PIRELLI 285/40 R22 110V Estivo XL Fuoristrada"
"8019227396591","B0BVFQNT5P","PIRELLI","235/40/20","235/40VR20 PIRELLI TL P-ZERO(PZ4) AR XL (EU) 96 V"
"8019227396614","B0C6Y37PXG","PIRELLI","205/65/17","PIRELLI 205/65 R17 100H Invernale XL Auto"
"8019227397338","B0C7LMPMXW","PIRELLI","265/40/21","265/40HR21 PIRELLI TL P-ZERO(PZ4) MO-S KS NCSELCTXL(NEU) 105H"
"8019227397352","B0CWQPLPP5","PIRELLI","255/40/19","PIRELLI 255/40 R19 96Y Estivo Auto"
"8019227397413","B08C794BS3","PIRELLI","245/45/19","PIRELLI 245/45R19 102Y P-Zero FP XL AO 69BA"
"8019227397734","B09RF54PWF","PIRELLI","235/35/19","235/35YR19 PIRELLI TL P ZERO FP XL 91Y E"
"8019227398021","B08V8XNFCP","PIRELLI","265/35/21","265/35Yr21 Pirelli Tl P-Zero(Pz4) Mo-S Pncs Xl (Eu)101Y E"
"8019227398038","B09QHJBLKB","PIRELLI","285/40/19","285/40YR19 PIRELLI TL P-ZERO(PZ4) T0 NCS ELECT XL 107Y E"
"8019227398045","B09R6NWK2X","PIRELLI","255/45/19","GOMME PNEUMATICI P-ZERO PZ4 ELT NCS (T0) XL 255/45 R19 104Y PIRELLI"
"8019227398205","B09PJYKX3H","PIRELLI","225/50/18","225/50ZR18 PIRELLI TL P-ZERO(PZ4) XL 99W E"
"8019227398625","B0916RGXHW","PIRELLI","235/40/19","235/40ZR19 PIRELLI TL P-ZERO(PZ4) HN KS XL (EU) 96Y *E*"
"8019227399035","B096N98J16","PIRELLI","255/40/21","255/40WR21 PIRELLI TL P-ZERO(PZ4) MGT XL (EU)102W E"
"8019227399233","B0CGJFWN91","PIRELLI","245/45/19","PIRELLI 245/45 R19 102V Invernale XL Auto"
"8019227399684","B0BVFPP1HH","PIRELLI","295/35/21","PIRELLI 295/35 R21 107W P-ZERO PZ4 MGT (MASERATI)"
"8019227400076","B09V5TY1Q6","PIRELLI","265/60/18","PIRELLI 265/60 R18 114V 4 Stagioni XL Auto"
"8019227400175","B09V5QZ4TY","PIRELLI","255/55/20","255/55YR20 PIRELLI TL SCORPION AS SF 2 XL 110Y E"
"8019227400182","B09V5T4V9Y","PIRELLI","265/45/20","PIRELLI SCORPION ALL SEASON SF2 XL – 265/45R20 108Y – Pneumatici per tutte le stagioni – B/A/70dB"
"8019227400199","B09V5SG4T7","PIRELLI","275/45/20","275/45YR20 PIRELLI TL SCORPION AS SF 2 XL 110Y E"
"8019227400250","B09V5R1L4N","PIRELLI","315/35/20","315/35WR20 PIRELLI TL SCORPION AS SF 2 RFT XL 110W E"
"8019227405910","B09RN71PXS","PIRELLI","295/35/21","GOMME PNEUMATICI P-ZERO PZ4 (MGT1) XL 295/35 R21 107Y PIRELLI"
"8019227405996","B09T5QLN6J","PIRELLI","255/35/21","GOMME PNEUMATICI P-ZERO PZ4 ELT NCS (T1)(K1) XL 255/35 R21 98W PIRELLI"
"8019227406009","B09TYKQ1GM","PIRELLI","275/35/21","275/35WR21 PIRELLI TL P-ZERO(PZ4) T1 K1 NCS ELECT XL103W E"
"8019227406467","B0CKTTRWCM","PIRELLI","315/35/22","PIRELLI - 315/35VR22 TL SCORPION WINTER XL, EU111V"
"8019227406603","B09V28M4KQ","PIRELLI","315/40/21","315/40Zr21Pirelli Tl Scorpion Zero As A8A Xl115Y E"
"8019227407297","B09PJZ2FHB","PIRELLI","285/45/21","285/45WR21 PIRELLI TL SCORPION VERDE AS B1 XL (NEU) 113W"
"8019227408096","B0DFHHDG4Y","PIRELLI","275/35/21","PIRELLI 275/35 R21 103Y Estivo XL Auto"
"8019227409222","B09V5SXQGZ","PIRELLI","255/60/18","255/60VR18 PIRELLI TL SCORPION XL 112V E"
"8019227409239","B09TGLRX93","PIRELLI","235/45/19","235/45YR19 PIRELLI TL SCORPION XL 99Y E"
"8019227409338","B09RF7ZNKK","PIRELLI","285/35/23","285/35ZR23 PIRELLI TL P-ZERO(PZ4) A8A NCS XL (EU)107Y E"
"8019227409345","B09RMS1XS4","PIRELLI","325/30/23","325/30ZR23 PIRELLI TL P-ZERO(PZ4) A8A XL (EU109Y E"
"8019227409710","B0FPYVTD7M","PIRELLI","235/45/18","PIRELLI 235/45 R18 98H Invernale XL Auto"
"8019227409840","B0FTSTZ9KW","PIRELLI","255/45/20","PIRELLI 255/45 R20 105W Estivo XL Fuoristrada"
"8019227409949","B0CGJ6PLP3","PIRELLI","275/35/19","PIRELLI 275/35 R19 100V Invernale XL Auto"
"8019227410235","B09V6CXLRH","PIRELLI","255/40/20","255/40YR20 PIRELLI TL P-ZERO(PZ4) MO-P NCS ELEC XL 101Y E"
"8019227410280","B09RQGBGDX","PIRELLI","315/35/21","315/35YR21 PIRELLI TL P-ZERO(PZ4) KS NCS XL 111Y E"
"8019227410389","B0D7RB3GBX","PIRELLI","255/45/19","PIRELLI 255/45 R19 104V Estivo XL Auto"
"8019227410624","B0CW8X2P11","PIRELLI","235/55/19","PIRELLI 235/55 R19 105Y Estivo XL Auto"
"8019227410754","B0BVRJQSFP","PIRELLI","285/45/22","285/45Vr22 Pirelli Tl Scor Winter Mo-S Pncs Xl114V"
"8019227411164","B0FPYQ321Y","PIRELLI","235/40/19","PIRELLI 235/40 R19 96V Invernale XL Auto"
"8019227411188","B0F6KYGVZS","PIRELLI","245/35/20","PIRELLI 245/35 ZR20 95Y Estivo XL Auto"
"8019227411294","B0DCVDD24C","PIRELLI","235/40/19","PIRELLI 235/40 R19 96W Estivo XL Runflat Auto"
"8019227411300","B0G4BB6QXM","PIRELLI","215/55/17","PIRELLI 215/55 R17 94H CINTURATO WINTER 2 SEAL"
"8019227411317","B0FS7PBFZ1","PIRELLI","235/45/18","PIRELLI 235/45 R18 94V Invernale Auto"
"8019227411454","B0DCVG4P76","PIRELLI","255/50/20","PIRELLI 255/50 R20 109H Estivo XL Fuoristrada"
"8019227411461","B0F6KZ8VH4","PIRELLI","285/45/20","285/45HR20 PIRELLI TL SCORPION VOL ELECT XL 112H"
"8019227411522","B0D2TVZNYP","PIRELLI","295/40/21","PIRELLI - 295/40HR21 TL SCORPION AS SF 2 VOL ELECT XL 111H"
"8019227411720","B09SDTR5B8","PIRELLI","245/40/18","245/40YR18 PIRELLI TL P-ZERO(PZ4) MO-S NCS XL 97Y E"
"8019227411737","B09QHJSPPF","PIRELLI","225/45/18","GOMME PNEUMATICI P-ZERO PZ4 S.C. NCS (MO-S) XL 225/45 R18 95Y PIRELLI"
"8019227412185","B0C812QZMR","PIRELLI","255/40/21","255/40Vr21 Pirelli Tl P-Zero(Pz4) I S-I Elect Xl 102V"
"8019227413205","B0BPM58N6H","PIRELLI","265/35/21","PIRELLI 265/35 ZR21 101Y P-ZERO PZ4 XL (A7A) NCS"
"8019227413212","B0BPM3PQ1L","PIRELLI","305/30/21","PIRELLI 305/30 ZR21 104Y P-ZERO PZ4 NCS (A8A) ASTON MARTIN"
"8019227413595","B09V5TLB4Y","PIRELLI","215/40/17","PIRELLI 215/40 R17 87Y Estivo XL Auto"
"8019227413632","B0BVFRQZRZ","PIRELLI","235/55/18","PIRELLI 235/55 R18 104H Invernale XL Auto"
"8019227413649","B0BVFP74N4","PIRELLI","235/55/18","PIRELLI 235/55 R18 104H Invernale XL Auto"
"8019227413779","B0BVRJNWW5","PIRELLI","235/55/20","235/55Hr20 Pirelli Tl Scorpion Winter 2 Xl (nuovo)105H"
"8019227413885","B0BVRJY93W","PIRELLI","235/45/21","235/45Vr21 Pirelli Tl Sc. Winter 2 Elec S-I Xl (Eu)101V"
"8019227413960","B0BVRDB9CR","PIRELLI","295/35/21","295/35Vr21 Pirelli Tl Scorpion Winter 2 Xl 107V"
"8019227414004","B0BVFNSJS4","PIRELLI","275/40/22","275/40Vr22 Pirelli Tl Scorpion Winter 2 Rft Xl (Eu)108V"
"8019227414394","B0DWT3TTYH","PIRELLI","235/35/19","PIRELLI 235/35 R19 91Y Estivo XL Auto"
"8019227415025","B0CJLHLFDB","PIRELLI","275/35/21","PIRELLI 275/35 R21 103Y Estivo XL Auto"
"8019227415377","B0D6XM5R8D","PIRELLI","245/45/20","PIRELLI 245/45 R20 103Y Estivo XL Auto"
"8019227415889","B0D4HPCB82","PIRELLI","215/40/18","PIRELLI 215/40 R18 89Y Estivo XL Auto"
"8019227415896","B0DWT4KQ58","PIRELLI","225/60/18","PIRELLI 225/60 R18 104Y Estivo XL Auto"
"8019227415940","B0CJM44B33","PIRELLI","265/35/21","PIRELLI 265/35 ZR21 101Y Estivo XL Auto"
"8019227417050","B0BVFQFNMS","PIRELLI","275/40/22","275/40Yr22Pirelli Tl P-Zero(Pz4) Ks Rft Xl 107Y E"
"8019227418125","B0CRTPRG5X","PIRELLI","275/35/21","PIRELLI 275/35 ZR21 103Y Estivo XL Auto"
"8019227418835","B0D6XM9XHC","PIRELLI","315/30/22","PIRELLI 315/30 R22 107W Estivo XL Auto"
"8019227419986","B0CWXW25SB","PIRELLI","235/50/19","PIRELLI 235/50 R19 99T 4 Stagioni XL Runflat Auto"
"8019227420166","B0CRTMHXKV","PIRELLI","295/45/20","PIRELLI 295/45 R20 114V Invernale XL Fuoristrada"
"8019227420180","B0CGJ5KN72","PIRELLI","265/35/21","PIRELLI 265/35 R21 101W Invernale XL Auto"
"8019227420296","B0CT7BG82H","PIRELLI","235/40/20","PIRELLI 235/40 R20 96V Estivo XL Fuoristrada"
"8019227420302","B0C9F5NC58","PIRELLI","325/35/22","PIRELLI 325/35 ZR22 114Y Estivo XL Fuoristrada"
"8019227420401","B0C28BP2PQ","PIRELLI","245/40/20","PIRELLI 245/40 R20 99Y P-ZERO PZ4 *(BMW) MO(MERCEDES)"
"8019227420562","B0CF8FK5Y3","PIRELLI","255/45/19","PIRELLI 255/45 R19 104Y Estivo XL Fuoristrada"
"8019227420579","B0BW1BCVR4","PIRELLI","255/45/20","255/45YR20 PIRELLI TL P-Zero(Pz4) Ks Ncs Xl (EU)105Y"
"8019227421026","B0D6VCCH5T","PIRELLI","245/45/18","PIRELLI 245/45 R18 100V Invernale XL Auto"
"8019227421033","B0CTKT171N","PIRELLI","245/45/20","PIRELLI 245/45 R20 103Y Estivo XL Fuoristrada"
"8019227421491","B09V64BV9G","PIRELLI","215/60/17","215/60VR17 PIRELLI TL CINTURATO AS PLUS XL 100V E"
"8019227421804","B0C89RLDW9","PIRELLI","265/30/20","PIRELLI 265/30 R20 94V Invernale XL Auto"
"8019227422719","B0F6KX1V45","PIRELLI","245/40/18","PIRELLI 245/40 R18 97Y Estivo XL Auto"
"8019227422818","B0CGJ6PLNK","PIRELLI","225/40/19","PIRELLI 225/40 R19 93Y Estivo XL Auto"
"8019227423075","B0C8PS1QFR","PIRELLI","325/30/23","325/30ZR23 PIRELLI TL Scorpion Zero As A8A Xl 109Y"
"8019227423129","B0D37YX7GM","PIRELLI","265/35/21","PIRELLI 265/35 ZR21 101Y Estivo XL Auto"
"8019227423570","B0C62L1B6T","PIRELLI","265/40/22","PIRELLI 265/40 R22 106Y Estivo XL Auto"
"8019227423594","B0DG93KJJV","PIRELLI","255/40/20","PIRELLI 255/40 R20 101V Estivo XL Fuoristrada"
"8019227423983","B0CJLKK415","PIRELLI","235/50/19","PIRELLI 235/50 R19 103H 4 Stagioni XL Fuoristrada"
"8019227423990","B0CCPSYJTK","PIRELLI","255/45/19","255/45HR19 PIRELLI TL Scorpion Sf 2 As Vol Ks Elect Xl 104H"
"8019227424003","B0C8PR8MST","PIRELLI","235/45/20","235/45HR20 PIRELLI TL Scorpion Sf2 As Ks Elect Xl (EU) 100H"
"8019227424010","B0C8PQP5VG","PIRELLI","255/40/20","255/40HR20 PIRELLI TL Scor Sf 2 As Vol Ks Elect Xl (EU)101H"
"8019227424362","B0D6QKMQLG","PIRELLI","235/55/19","PIRELLI 235/55 R19 101T Estivo Runflat Fuoristrada"
"8019227424379","B0D7P4S66C","PIRELLI","255/50/19","PIRELLI 255/50 R19 103T Estivo Runflat Fuoristrada"
"8019227424423","B0DWT36S1W","PIRELLI","225/40/18","PIRELLI 225/40 ZR18 92Y Estivo XL Auto"
"8019227424805","B0CJJKXF3H","PIRELLI","325/35/22","PIRELLI 325/35 R22 114Y Estivo XL Auto"
"8019227424812","B0CSMDF3PH","PIRELLI","235/50/18","PIRELLI 235/50 R18 101V Estivo XL Fuoristrada"
"8019227424874","B0CGJHH33Q","PIRELLI","275/35/21","275/35WR21 PIRELLI TL WSZer3 T0 NCS ELECT XL (EU) 103 W"
"8019227425000","B0F6KTVCGL","PIRELLI","225/45/18","225/45YR18 PIRELLI TL CINTURATO P7C2 I* XL 95Y"
"8019227425017","B0F6KW598K","PIRELLI","255/40/18","PIRELLI 255/40 R18 99Y Estivo XL Auto"
"8019227425055","B0C6KXDN9M","PIRELLI","315/35/22","PIRELLI 315/35 R22 111Y Estivo XL Fuoristrada"
"8019227425079","B0F6KTW99M","PIRELLI","285/35/23","285/35ZR23 PIRELLI TL PZERO R A8A XL 107Y"
"8019227425260","B0F6KLMFMC","PIRELLI","285/35/23","PIRELLI 285/35 R23 110Y Estivo XL Fuoristrada"
"8019227425383","B0CSJMC8CK","PIRELLI","205/55/16","PIRELLI 205/55 R16 94V 4 Stagioni XL Auto"
"8019227425819","B0C6BPX1Z6","PIRELLI","265/35/22","PIRELLI 265/35 R22 102V Estivo XL Fuoristrada"
"8019227425833","B0CJLP149C","PIRELLI","265/35/22","265/35VR22 PIRELLI TL P-Zero(Pz4) Vol Pncs Xl 102V"
"8019227425840","B0C2ZKBYHW","PIRELLI","255/40/21","PIRELLI 255/40 R21 102V Estivo XL Fuoristrada"
"8019227425932","B0CY84FY87","PIRELLI","245/40/20","PIRELLI 245/40 R20 99W Estivo XL Auto"
"8019227425949","B0D7YN48G9","PIRELLI","275/45/20","PIRELLI 275/45 R20 110V Estivo XL Fuoristrada"
"8019227425970","B0G5D2X3CZ","PIRELLI","275/35/22","PIRELLI 275/35 WR22 TL 104W PI P-ZERO (VOL) NCS PZ4"
"8019227426083","B0D1TC3HG9","PIRELLI","245/40/21","PIRELLI 245/40 R21 100V Estivo XL Fuoristrada"
"8019227426151","B0D17BHPX3","PIRELLI","275/50/20","PIRELLI 275/50 R20 113V 4 Stagioni XL Fuoristrada"
"8019227426168","B0F6KYPFJ8","PIRELLI","285/40/23","PIRELLI 285/40 R23 107Y Estivo Fuoristrada"
"8019227426182","B0DWT56JTL","PIRELLI","275/45/21","PIRELLI 275/45 R21 107Y Estivo Fuoristrada"
"8019227426199","B0DWT6FB5B","PIRELLI","315/40/21","PIRELLI 315/40 R21 111Y Estivo Fuoristrada"
"8019227426236","B0DWT6H9LX","PIRELLI","315/40/21","PIRELLI 315/40 R21 111Y Estivo Fuoristrada"
"8019227426328","B0F6KTXD61","PIRELLI","235/55/19","235/55HR19 PIRELLI TL SCORPION MO ELECT XL 105H"
"8019227426335","B0F6KXCY5B","PIRELLI","255/50/19","PIRELLI 255/50 HR19 TL 107H PI SCORPN MO ELT XL"
"8019227426670","B0F6KXH6P6","PIRELLI","285/40/20","HL285/40ZR20 PIRELLI TL P-ZERO(PZ5)* XL 111Y"
"8019227426687","B0F6KYTRKV","PIRELLI","295/35/21","HL295/35ZR21 PIRELLI TL P-ZERO(PZ5)* XL 110Y"
"8019227426731","B0CTKRCNYP","PIRELLI","325/30/23","PIRELLI 325/30 R23 109W Invernale XL Fuoristrada"
"8019227428841","B0BVFMSX1H","PIRELLI","205/60/16","PIRELLI 205/60 R16 96H Invernale XL Auto"
"8019227429466","B0F695712J","PIRELLI","315/40/21","Pneumatici Estivi 315/40/21 115 Y PIRELLI PZERO PZ-5 (SC) L1"
"8019227429480","B0DWT7D94V","PIRELLI","325/35/22","PIRELLI 325/35 ZR22 114Y Estivo XL Fuoristrada"
"8019227429497","B0DWT562TP","PIRELLI","285/35/23","Pneumatici Estivi 285/35/23 107 Y PIRELLI PZERO PZ-5 L1"
"8019227429503","B0F6KTRJQV","PIRELLI","325/30/23","PIRELLI 325/30 ZR23 109Y Estivo XL Fuoristrada"
"8019227430127","B0F6GLZ6R1","PIRELLI","275/35/22","275/35YR22 PIRELLI TL PZERO E* ELECT XL 104Y"
"8019227430134","B0DWT4L6H7","PIRELLI","255/50/21","Pneumatici Estivi 255/50/21 109 Y PIRELLI PZERO-E +"
"8019227431063","B0D2DHT4TQ","PIRELLI","195/55/16","PIRELLI 195/55 R16 91V 4 Stagioni XL Auto"
"8019227431070","B0CYL9K7X2","PIRELLI","205/60/16","PIRELLI 205/60 R16 96V 4 Stagioni XL Auto"
"8019227431087","B0CS2CNB3X","PIRELLI","215/65/16","PIRELLI 215/65 R16 102V 4 Stagioni XL Fuoristrada"
"8019227431094","B0DWPH2YYF","PIRELLI","215/60/16","PIRELLI 215/60 R16 99V 4 Stagioni XL Auto"
"8019227431100","B0D2DG6WYN","PIRELLI","225/45/17","PIRELLI 225/45 R17 94W 4 Stagioni XL Auto"
"8019227431124","B0D2DM2K3B","PIRELLI","215/55/17","PIRELLI 215/55 R17 98W 4 Stagioni XL Runflat Auto"
"8019227431131","B0CY5LJ6BC","PIRELLI","205/50/17","PIRELLI 205/50 R17 93W 4 Stagioni XL Auto"
"8019227431148","B0CSRX9LN2","PIRELLI","215/60/17","PIRELLI 215/60 R17 100V 4 Stagioni XL Fuoristrada"
"8019227431162","B0D2DL5JJ4","PIRELLI","225/55/17","PIRELLI 225/55 R17 101Y 4 Stagioni XL Auto"
"8019227431179","B0CZZX5BJP","PIRELLI","215/50/17","PIRELLI 215/50 R17 95W 4 Stagioni XL Auto"
"8019227431186","B0D1122NT8","PIRELLI","235/55/17","PIRELLI 235/55 R17 103V 4 Stagioni XL Fuoristrada"
"8019227431193","B0D113HY5D","PIRELLI","215/65/17","PIRELLI 215/65 R17 103V 4 Stagioni XL Fuoristrada"
"8019227431216","B0D1KWV8PJ","PIRELLI","225/55/18","PIRELLI - 225/55VR18 TL CINTURATO AS SF 3 XL, EU102V"
"8019227431223","B0D1KXFXVD","PIRELLI","215/55/18","PIRELLI 215/55 R18 99V 4 Stagioni XL Auto"
"8019227431230","B0CY5JPHR3","PIRELLI","235/55/18","PIRELLI 235/55 R18 104V 4 Stagioni XL Runflat Fuoristrada"
"8019227431247","B0D2DCP5P2","PIRELLI","225/45/18","PIRELLI 225/45 R18 95Y 4 Stagioni XL Auto"
"8019227431254","B0D1138X9H","PIRELLI","245/45/18","PIRELLI 245/45 R18 100Y 4 Stagioni XL Auto"
"8019227431261","B0CSS1TY6N","PIRELLI","235/45/18","PIRELLI 235/45 R18 98Y 4 Stagioni XL Runflat Auto"
"8019227431278","B0D4MK8Q2Y","PIRELLI","245/40/18","PIRELLI 245/40 R18 97Y 4 Stagioni XL Auto"
"8019227431292","B0D1149XXC","PIRELLI","225/50/18","PIRELLI 225/50 R18 99W 4 Stagioni XL Auto"
"8019227431308","B0D2DH4YBD","PIRELLI","215/50/18","PIRELLI 215/50 R18 92W 4 Stagioni Fuoristrada"
"8019227431315","B0CSS3LTVZ","PIRELLI","225/55/19","PIRELLI 225/55 R19 103V 4 Stagioni XL Fuoristrada"
"8019227431322","B0CSS6XKY2","PIRELLI","205/55/19","PIRELLI 205/55 R19 97V 4 Stagioni XL Auto"
"8019227431339","B0D1KXRDSM","PIRELLI","235/50/19","PIRELLI 235/50 R19 103W 4 Stagioni XL Auto"
"8019227431346","B0CSXW3JM8","PIRELLI","245/40/19","PIRELLI 245/40 R19 98Y 4 Stagioni XL Auto"
"8019227431353","B0CSXW7HHB","PIRELLI","235/40/19","PIRELLI 235/40 R19 96Y 4 Stagioni XL Auto"
"8019227431377","B0CZZX1RS6","PIRELLI","225/45/19","PIRELLI 225/45 R19 96W 4 Stagioni XL Auto"
"8019227431384","B0D4MJ78ZZ","PIRELLI","195/55/20","PIRELLI 195/55 R20 95H 4 Stagioni XL Auto"
"8019227431391","B0F6KTYYTM","PIRELLI","255/50/20","255/50YR20 PIRELLI TL PZERO E POL ELECT XL 109W"
"8019227431414","B0DCVG4P8W","PIRELLI","305/30/21","PIRELLI 305/30 ZR21 104Y Estivo XL Auto"
"8019227431551","B0F3W9KMBX","PIRELLI","225/45/18","PIRELLI 225/45 R18 95Y Estivo XL Auto"
"8019227431568","B0FV8N83J9","PIRELLI","235/40/18","PIRELLI 235/40 ZR18 95Y Estivo XL Auto"
"8019227431605","B0DWT3VH3G","PIRELLI","245/35/19","PIRELLI 245/35 R19 93Y Estivo XL Auto"
"8019227431612","B0DWTB1D8F","PIRELLI","245/40/19","PIRELLI 245/40 R19 98Y Estivo XL Auto"
"8019227431629","B0F3WB1X8F","PIRELLI","245/45/18","PIRELLI 245/45 R18 100Y Estivo XL Auto"
"8019227431643","B0F3W9D31V","PIRELLI","255/35/19","PIRELLI 255/35 R19 96Y Estivo XL Auto"
"8019227432435","B0F68TFRSY","PIRELLI","195/55/16","Pneumatici PIRELLI Cinturato P1 195/55 R16 87H - Estate 8019227432435"
"8019227432695","B0C815TXS2","PIRELLI","215/65/16","GOMME PNEUMATICI PIRELLI 215/65 R16 98V SCORPION VERDE ALL SEASON"
"8019227433067","B0D2DJ85CX","PIRELLI","275/35/22","PIRELLI 275/35 R22 104Y Estivo XL Fuoristrada"
"8019227433388","B0FTSVPGNF","PIRELLI","235/35/20","PIRELLI 235/35 R20 92Y Estivo XL Auto"
"8019227433555","B0D37Y2MG1","PIRELLI","245/45/19","PIRELLI 245/45 R19 102Y Estivo XL Runflat Auto"
"8019227433562","B0CY96B7WD","PIRELLI","275/40/19","PIRELLI 275/40 R19 105Y Estivo XL Runflat Auto"
"8019227433654","B0F6KLM3WK","PIRELLI","325/35/22","PIRELLI 325/35 R22 110Y Estivo Fuoristrada"
"8019227433845","B0D1KYRK6N","PIRELLI","185/65/15","PIRELLI - 185/65VR15 TL CINTURATO AS SF 3 XL, EU 92 V"
"8019227433920","B0D1MM9Z6V","PIRELLI","215/55/16","PIRELLI 215/55 R16 97V 4 Stagioni XL Auto"
"8019227433944","B0D2DM5CQ1","PIRELLI","205/45/17","PIRELLI 205/45 R17 88W 4 Stagioni XL Auto"
"8019227433968","B0D2DJBDL8","PIRELLI","225/60/17","PIRELLI 225/60 R17 103V 4 Stagioni XL Auto"
"8019227433975","B0D1154ZMG","PIRELLI","205/40/17","PIRELLI 205/40 R17 84W 4 Stagioni XL Auto"
"8019227433982","B0D2DH55S7","PIRELLI","235/45/17","PIRELLI 235/45 R17 97Y 4 Stagioni XL Auto"
"8019227433999","B0CSS8HNSW","PIRELLI","225/65/17","PIRELLI 225/65 R17 106V 4 Stagioni XL Fuoristrada"
"8019227434002","B0CT7864RF","PIRELLI","235/50/18","PIRELLI 235/50 R18 101V 4 Stagioni XL Auto"
"8019227434064","B0DD34V1T6","PIRELLI","225/40/19","PIRELLI 225/40 R19 93Y 4 Stagioni XL Auto"
"8019227434071","B0CSS2PCVJ","PIRELLI","245/35/19","PIRELLI 245/35 R19 93Y 4 Stagioni XL Auto"
"8019227434088","B0DWPJQBXH","PIRELLI","235/35/19","PIRELLI 235/35 R19 91Y 4 Stagioni XL Auto"
"8019227434095","B0CSS34D8Q","PIRELLI","235/45/19","PIRELLI 235/45 R19 99Y 4 Stagioni XL Auto"
"8019227434118","B0D2DFDSFW","PIRELLI","215/45/20","PIRELLI 215/45 R20 95T 4 Stagioni XL Runflat Auto"
"8019227434668","B0DD53H99R","PIRELLI","295/40/21","PIRELLI 295/40 R21 111V Invernale XL Fuoristrada"
"8019227439243","B0G3WVZVGH","PIRELLI","235/35/19","PIRELLI 235/35 VR19 TL 91V PI PZERO WINTER 2 XL"
"8019227439601","B0CNQB9HJC","PIRELLI","235/45/19","PIRELLI - 235/45VR19 TL SCORPION WINTER 2 XL, EU 99 V"
"8019227439632","B0D1WYK7R2","PIRELLI","265/50/20","PIRELLI 265/50 R20 111Y 4 Stagioni XL Fuoristrada"
"8019227439700","B0CG251FP1","PIRELLI","235/50/21","PIRELLI 235/50 R21 104V Invernale XL Fuoristrada"
"8019227439939","B0DD322WYC","PIRELLI","225/55/19","PIRELLI 225/55 R19 99V Estivo Fuoristrada"
"8019227440430","B0D3ZCMBYT","PIRELLI","245/35/18","PIRELLI 245/35 R18 92Y Estivo XL Auto"
"8019227441086","B0F6KWTXQP","PIRELLI","285/40/22","PIRELLI 285/40 R22 106Y Estivo Fuoristrada"
"8019227441093","B0F6KX6C27","PIRELLI","325/35/22","PIRELLI 325/35 R22 110Y Estivo Fuoristrada"
"8019227441208","B0F6KPR4VY","PIRELLI","285/30/21","PIRELLI 285/30 R21 103Y Estivo Auto"
"8019227441833","B0D6R3Y5J7","PIRELLI","245/35/20","PIRELLI 245/35 R20 95Y Estivo XL Runflat Auto"
"8019227441840","B0D6TWHKD9","PIRELLI","255/40/18","PIRELLI 255/40 R18 95Y Estivo Runflat Auto"
"8019227441857","B0CRV7KPJQ","PIRELLI","235/35/19","PIRELLI 235/35 R19 91Y Estivo XL Auto"
"8019227443035","B0G4B8J841","PIRELLI","235/40/19","PIRELLI 235/40 VR19 TL 96V PI PZERO WNT NCS ELT (T0)"
"8019227443349","B0CY5K2NTF","PIRELLI","275/35/19","PIRELLI - 275/35ZR19 TL P ZERO J 96Y"
"8019227443592","B0F6KTXM11","PIRELLI","315/30/21","PIRELLI 315/30 ZR21 105Y Estivo XL Auto"
"8019227444230","B0FQ54F9M8","PIRELLI","225/45/17","Pneumatici Invernali 225/45 VR17 TL 94V PI CINT WINTER 3 XL PIRELLI"
"8019227444292","B0CY5HFGSY","PIRELLI","195/60/18","PIRELLI 195/60 R18 96H Pneumatico 4 Stagioni XL"
"8019227444315","B0F6KXFZDX","PIRELLI","255/35/19","PIRELLI 255/35 R19 96V Invernale XL Auto"
"8019227444339","B0F6KTV514","PIRELLI","275/35/20","PIRELLI 275/35 R20 102W Invernale XL Auto"
"8019227444377","B0FS7NVCL6","PIRELLI","235/40/18","PIRELLI 235/40 R18 95V Invernale XL Auto"
"8019227444384","B0F6GLXT5X","PIRELLI","265/35/21","PIRELLI 265/35 R21 101W Invernale XL Auto"
"8019227444445","B0F6H1C29R","PIRELLI","295/30/20","PIRELLI 295/30 R20 101W Invernale XL Auto"
"8019227444452","B0FTFW7TLQ","PIRELLI","255/35/21","PIRELLI 255/35 R21 98W Invernale XL Auto"
"8019227444469","B0F6KXDJ22","PIRELLI","235/40/19","PIRELLI 235/40 R19 96W Invernale XL Auto"
"8019227444551","B0FS7NR2C4","PIRELLI","235/45/18","PIRELLI 235/45 R18 98V Invernale XL Auto"
"8019227445824","B0F3W9WJCC","PIRELLI","245/40/19","PIRELLI 245/40 R19 98Y Estivo XL Auto"
"8019227445848","B0D2RMM1K2","PIRELLI","275/35/21","PIRELLI 275/35 R21 103V Invernale XL Auto"
"8019227446739","B0F6KPRG9T","PIRELLI","325/30/21","325/30ZR21 PIRELLI TL PZERO R ND0 XL 108Y"
"8019227447255","B0GS641KXY","PIRELLI","245/45/19","PIRELLI 245/45 R19 102Y Estivo XL Auto"
"8019227447781","B0D72JMDVF","PIRELLI","215/55/17","PIRELLI 215/55 R17 98V Invernale XL Auto"
"8019227447828","B0F6KPRF7J","PIRELLI","225/50/17","PIRELLI 225/50 R17 98V Invernale XL Auto"
"8019227447835","B0D7YNBNCJ","PIRELLI","225/55/17","PIRELLI 225/55 R17 101V Invernale XL Auto"
"8019227447842","B0DWN86YMS","PIRELLI","215/50/18","PIRELLI 215/50 R18 92V Invernale Auto"
"8019227447873","B0G7P7Q1YZ","PIRELLI","225/45/18","PIRELLI 225/45 VR18 TL 95V PI POWERGY WINTER XL"
"8019227447880","B0D7YWT46K","PIRELLI","225/55/18","PIRELLI 225/55 R18 102V Invernale XL Auto"
"8019227447903","B0D7255PF6","PIRELLI","235/60/18","PIRELLI 235/60 R18 107H Invernale XL Fuoristrada"
"8019227447941","B0DP69ZG2C","PIRELLI","235/50/18","PIRELLI 235/50 R18 101V Invernale XL Fuoristrada"
"8019227448061","B0DWNW7RSL","PIRELLI","205/55/17","PIRELLI 205/55 R17 95V 4 Stagioni XL Auto"
"8019227448078","B0F3W6FB44","PIRELLI","215/55/17","PIRELLI 215/55 R17 98W 4 Stagioni XL Auto"
"8019227448085","B0DWPK8NC3","PIRELLI","215/60/17","PIRELLI 215/60 R17 100V 4 Stagioni XL Fuoristrada"
"8019227448092","B0DP68JLN2","PIRELLI","225/45/17","PIRELLI 225/45 R17 94W 4 Stagioni XL Auto"
"8019227448108","B0DQ2PFWDD","PIRELLI","225/50/17","PIRELLI 225/50 R17 98W 4 Stagioni XL Auto"
"8019227448115","B0DP6B9T46","PIRELLI","225/40/18","PIRELLI 225/40 R18 92Y 4 Stagioni XL Auto"
"8019227448122","B0DWNZFF13","PIRELLI","225/45/18","PIRELLI 225/45 R18 95Y 4 Stagioni XL Auto"
"8019227448139","B0DWPHCB5C","PIRELLI","235/55/18","PIRELLI 235/55 R18 104V 4 Stagioni XL Fuoristrada"
"8019227448160","B0DWP1VQY8","PIRELLI","205/55/16","PIRELLI 205/55 R16 94V 4 Stagioni XL Auto"
"8019227448177","B0DWP6V86Z","PIRELLI","215/55/18","PIRELLI 215/55 R18 99V 4 Stagioni XL Auto"
"8019227448184","B0DWTB1XM8","PIRELLI","225/50/18","PIRELLI 225/50 R18 99W 4 Stagioni XL Fuoristrada"
"8019227448191","B0DWTDF3GL","PIRELLI","225/55/19","PIRELLI 225/55 R19 103W 4 Stagioni XL Fuoristrada"
"8019227448276","B0FPFC1Q5S","PIRELLI","235/60/18","PIRELLI 235/60 R18 107W SCORPION ALL SEASON SF3 XL"
"8019227449594","B0H6GMWXP2","PIRELLI","215/55/17","PIRELLI 215/55 R17 98W 4 Stagioni XL Auto"
"8019227450118","B0CTKQZGQ8","PIRELLI","215/60/16","PIRELLI 215/60 R16 99H Invernale XL Auto"
"8019227450262","B0GS63WRNZ","PIRELLI","225/40/18","PIRELLI 225/40 R18 92W Estivo XL Auto"
"8019227450484","B0FQ53MTD8","PIRELLI","225/40/18","PIRELLI 225/40 R18 92V Invernale XL Auto"
"8019227451481","B0FK42DPRL","PIRELLI","265/60/18","PIRELLI 265/60 R18 114V SCORPION ALL SEASON SF3 XL"
"8019227451528","B0FS7X3KDV","PIRELLI","235/45/20","PIRELLI 235/45 R20 100W SCORPION ALL SEASON SF3 XL"
"8019227451665","B0FPFD2YYL","PIRELLI","235/55/19","PIRELLI 235/55 R19 105W 4 Stagioni XL Fuoristrada"
"8019227451696","B0FK42XQH3","PIRELLI","235/65/17","PIRELLI 235/65 R17 108W 4 Stagioni XL Fuoristrada"
"8019227451702","B0FTFSQKVF","PIRELLI","245/45/19","PIRELLI 245/45 R19 102Y SCORPION ALL SEASON SF3 XL"
"8019227451740","B0FPF9S1JX","PIRELLI","255/50/19","PIRELLI 255/50 R19 107Y SCORPION ALL SEASON SF3 XL"
"8019227451764","B0FK3YZ954","PIRELLI","255/55/18","PIRELLI 255/55 R18 109Y SCORPION ALL SEASON SF3 XL"
"8019227451818","B0FTG1FXR5","PIRELLI","265/50/20","PIRELLI 265/50 R20 111Y SCORPION ALL SEASON SF3 XL"
"8019227451825","B0FK42CZTT","PIRELLI","275/45/21","PIRELLI 275/45 R21 110Y SCORPION ALL SEASON SF3 XL"
"8019227452341","B0F6GLCKQV","PIRELLI","275/35/21","PIRELLI 275/35 R21 103W Estivo XL Fuoristrada"
"8019227453171","B0F6L2NN73","PIRELLI","265/35/21","PIRELLI 265/35 R21 103Y Estivo XL Auto"
"8019227453287","B0DWT9SFJB","PIRELLI","195/50/15","PIRELLI 195/50 R15 86V 4 Stagioni XL Auto"
"8019227453294","B0DWPJLKQ7","PIRELLI","195/55/15","PIRELLI 195/55 R15 89V 4 Stagioni XL Auto"
"8019227453300","B0DWPC7WZQ","PIRELLI","185/55/15","PIRELLI 185/55 R15 86V 4 Stagioni XL Auto"
"8019227453317","B0DP6936YM","PIRELLI","195/65/15","PIRELLI 195/65 R15 95V 4 Stagioni XL Auto"
"8019227453331","B0DWPJJ5PQ","PIRELLI","175/65/15","PIRELLI 175/65 R15 88V 4 Stagioni XL Auto"
"8019227453867","B0F6GV5CZ9","PIRELLI","305/35/21","PIRELLI 305/35 R21 109W Invernale XL Auto"
"8019227453881","B0DDDBZ8YL","PIRELLI","275/40/22","PIRELLI 275/40 R22 107V Invernale XL Auto"
"8019227454062","B0DWT4NQ6K","PIRELLI","225/45/17","PIRELLI 225/45 R17 94Y Estivo XL Auto"
"8019227454079","B0F6G666J4","PIRELLI","225/60/17","PIRELLI 225/60 R17 99Y Estivo Fuoristrada"
"8019227454116","B0F6GX8198","PIRELLI","235/50/18","PIRELLI 235/50 R18 101Y Estivo XL Fuoristrada"
"8019227454154","B0F6GNRP3K","PIRELLI","235/50/19","235/50WR19 PIRELLI TL CINTURATO C3 XL 103W"
"8019227454215","B0F6KPQYKR","PIRELLI","225/55/18","PIRELLI 225/55 R18 102Y Estivo XL Fuoristrada"
"8019227454291","B0F3W9YW8W","PIRELLI","225/45/18","PIRELLI 225/45 R18 95Y Estivo XL Auto"
"8019227454314","B0F6GXNHDT","PIRELLI","215/55/18","215/55VR18 PIRELLI TL CINTURATO C3 XL 99V"
"8019227454345","B0F3WC2WB9","PIRELLI","225/55/17","PIRELLI 225/55 R17 101Y Estivo XL Auto"
"8019227454369","B0F6KPQNY3","PIRELLI","225/65/17","PIRELLI 225/65 R17 106V Estivo XL Fuoristrada"
"8019227454376","B0DWT55LC1","PIRELLI","215/55/17","PIRELLI 215/55 R17 98W Estivo XL Auto"
"8019227454390","B0DWT4NB9C","PIRELLI","225/50/17","PIRELLI 225/50 R17 98Y Estivo XL Auto"
"8019227454536","B0F3W9TPYP","PIRELLI","205/55/17","PIRELLI 205/55 R17 95W Estivo XL Auto"
"8019227455335","B0GL9RZR9X","PIRELLI","225/45/17","PIRELLI 225/45 R17 94Y Estivo XL Auto"
"8019227456233","B0FQ55VHX7","PIRELLI","225/50/18","Pneumatici Invernali 225/50 VR18 TL 99V PI CINT WINTER 3 XL PIRELLI"
"8019227456295","B0FQ54Q8Z3","PIRELLI","215/65/17","PIRELLI 215/65 R17 103H Invernale XL Auto"
"8019227456301","B0FQ551W9Z","PIRELLI","205/55/17","PIRELLI 205/55 R17 95H Invernale XL Auto"
"8019227456349","B0FQ53GMMJ","PIRELLI","225/50/17","Pneumatici Invernali 225/50 VR17 TL 98V PI CINT WINTER 3 XL PIRELLI"
"8019227456448","B0FS7Y9RJG","PIRELLI","225/55/18","PIRELLI 225/55 R18 102V Invernale XL Auto"
"8019227456455","B0FQ56LQX3","PIRELLI","225/55/17","Pneumatici Invernali 225/55 VR17 TL 101V PI CINT WINTER 3 XL PIRELLI"
"8019227456479","B0FS7NV1ND","PIRELLI","205/55/16","Pneumatico PIRELLICinturato Winter 3 205/55 R16 94H - Invernali C/B/72db"
"8019227456752","B0H8JN1JNF","PIRELLI","205/65/16","PIRELLI 107/105T Carrier 205/65 R16 107T Pneumatico Estivo Auto"
"8019227457698","B0FPZ3CDKX","PIRELLI","235/50/19","PIRELLI 235/50 R19 99H Invernale Runflat Auto"
"8019227458107","B0GR19F54Q","PIRELLI","235/60/18","PIRELLI 235/60 R18 107W Estivo XL Fuoristrada"
"8019227459166","B0GL9YCXSM","PIRELLI","255/50/19","PIRELLI 255/50 R19 107Y Estivo XL Fuoristrada"
"8019227459180","B0GL9QY7VD","PIRELLI","235/45/20","PIRELLI 235/45 R20 100W Estivo XL Fuoristrada"
"8019227459227","B0GR1F2XDM","PIRELLI","255/45/20","PIRELLI 255/45 R20 105W Estivo XL Fuoristrada"
"8019227459241","B0GR1MYD2W","PIRELLI","265/45/20","PIRELLI 265/45 R20 108Y Estivo XL Fuoristrada"
"8019227459333","B0GR1NNTFC","PIRELLI","275/35/22","PIRELLI 275/35 R22 104W Estivo XL Fuoristrada"
"8019227460209","B0GG7TSKBZ","PIRELLI","215/55/17","PIRELLI 215/55 R17 98V Invernale XL Auto"
"8019227460421","B0GL9L2GWN","PIRELLI","235/60/18","PIRELLI 235/60 R18 107W Estivo XL Fuoristrada"
"8019227461220","B0FQ575D7W","PIRELLI","225/50/19","Pneumatici Invernali 225/50 VR19 TL 100V PI CINT WINTER 3 XL PIRELLI"
"8019227461374","B0FS7JL4Q5","PIRELLI","225/60/17","PIRELLI 225/60 R17 103V Invernale XL Auto"
"8019227461534","B0FQ5495LZ","PIRELLI","195/55/20","Pneumatici Invernali 195/55 HR20 TL 95H PI CINT WINTER 3 XL PIRELLI"
"8019227463309","B0FTFXJ9ZW","PIRELLI","255/35/19","PIRELLI 255/35 R19 96Y Estivo XL Auto"
"8019227464672","B0F6H8MYDW","PIRELLI","275/45/20","275/45YR20 PIRELLI TL SCORPION VOL XL 110Y"
"8019227465198","B0GLCZRZPT","PIRELLI","195/55/16","PIRELLI 195/55 R16 91V Estivo XL Auto"
"8019227465204","B0GL9SBDVV","PIRELLI","205/55/16","PIRELLI 205/55 R16 94V Estivo XL Auto"
"8019227465303","B0GL9RKK59","PIRELLI","205/60/16","PIRELLI 205/60 R16 96W Estivo XL Auto"
"8019227465389","B0GLDP3BSB","PIRELLI","205/50/17","PIRELLI 205/50 R17 93Y Estivo XL Auto"
"8019227465570","B0GL9LB831","PIRELLI","205/55/17","PIRELLI 205/55 R17 95Y Estivo XL Auto"
"8019227465693","B0GL9RSPNC","PIRELLI","215/55/17","PIRELLI 215/55 R17 98Y Estivo XL Auto"
"8019227465723","B0GL9RQ39L","PIRELLI","215/60/17","PIRELLI 215/60 R17 100V Estivo XL Fuoristrada"
"8019227465846","B0GLCWTBMJ","PIRELLI","225/50/17","PIRELLI 225/50 R17 98Y Estivo XL Auto"
"8019227465853","B0GL9LKT13","PIRELLI","225/55/17","PIRELLI 225/55 R17 101Y Estivo XL Auto"
"8019227465976","B0GL9VSPHR","PIRELLI","235/45/17","PIRELLI 235/45 R17 97Y Estivo XL Auto"
"8019227465983","B0GR1F36XQ","PIRELLI","235/55/17","PIRELLI 235/55 R17 103Y Estivo XL Fuoristrada"
"8019227465990","B0GR16TC7Q","PIRELLI","235/65/17","PIRELLI 235/65 R17 108W Estivo XL Fuoristrada"
"8019227466263","B0GLDP33SX","PIRELLI","215/45/18","PIRELLI 215/45 R18 93Y Estivo XL Auto"
"8019227466287","B0GL9YR3K6","PIRELLI","215/55/18","PIRELLI 215/55 R18 99V Estivo XL Fuoristrada"
"8019227466294","B0GLBBF8DP","PIRELLI","225/40/18","PIRELLI 225/40 R18 92Y Estivo XL Auto"
"8019227466300","B0GL9RLPHF","PIRELLI","225/50/18","PIRELLI 225/50 R18 99Y Estivo XL Fuoristrada"
"8019227466317","B0GLD3V7V8","PIRELLI","225/55/18","PIRELLI 225/55 R18 102Y Estivo XL Fuoristrada"
"8019227466331","B0GLB3867K","PIRELLI","235/40/18","PIRELLI 235/40 R18 95Y Estivo XL Auto"
"8019227466348","B0GL9WC95J","PIRELLI","235/45/18","PIRELLI 235/45 R18 98Y Estivo XL Auto"
"8019227466355","B0GLDC9HBW","PIRELLI","235/50/18","PIRELLI 235/50 R18 101Y Estivo XL Fuoristrada"
"8019227466362","B0GLD3VKWK","PIRELLI","235/55/18","PIRELLI 235/55 R18 104Y Estivo XL Fuoristrada"
"8019227466386","B0GLCWNNNS","PIRELLI","245/45/18","PIRELLI 245/45 R18 100Y Estivo XL Auto"
"8019227466393","B0GL9RPW57","PIRELLI","205/55/19","PIRELLI 205/55 R19 97V Estivo XL Auto"
"8019227466416","B0GLDP52R3","PIRELLI","225/40/19","PIRELLI 225/40 R19 93Y Estivo XL Auto"
"8019227466423","B0GL9LVPTJ","PIRELLI","225/45/19","PIRELLI 225/45 R19 96Y Estivo XL Fuoristrada"
"8019227466515","B0GLB9FB46","PIRELLI","235/50/19","PIRELLI 235/50 R19 103W Estivo XL Fuoristrada"
"8019227466522","B0GLCZNKSZ","PIRELLI","235/55/19","PIRELLI 235/55 R19 105W Estivo XL Fuoristrada"
"8019227466539","B0GLDP3KPQ","PIRELLI","245/40/19","PIRELLI 245/40 R19 98Y Estivo XL Auto"
"8019227466546","B0GLB6X4X6","PIRELLI","245/45/19","PIRELLI 245/45 R19 102Y Estivo XL Auto"
"8019227466560","B0GLCWSHQ5","PIRELLI","255/40/19","PIRELLI 255/40 R19 100Y Estivo XL Auto"
"8019227466584","B0GL9ZWDWS","PIRELLI","255/35/20","PIRELLI 255/35 R20 97Y Estivo XL Auto"
"8019227466591","B0GLDHYBKF","PIRELLI","255/40/20","PIRELLI 255/40 R20 101Y Estivo XL Fuoristrada"
"8019227466607","B0GL9PY1PL","PIRELLI","255/45/20","PIRELLI 255/45 R20 105Y Estivo XL Auto"
"8019227466690","B0HBWWHCGP","PIRELLI","245/45/19","PIRELLI 245/45 R19 102V Invernale XL Runflat Auto"
"8019227467932","B0GS5ZPYFK","PIRELLI","205/60/16","PIRELLI 205/60 R16 92V Estivo Auto"
"8019227467956","B0GS65HC7R","PIRELLI","225/50/17","PIRELLI 225/50 R17 98Y Estivo XL Auto"
"8019227467963","B0GS5V8975","PIRELLI","205/50/17","PIRELLI 205/50 R17 93V Estivo XL Auto"
"8019227468137","B0FTTLWLG2","PIRELLI","255/40/20","Pneumatici 4 stagioni 255/40/20 101 Y PIRELLI CINTUR.ALLSEAS.SF3"
"8019227468144","B0GL9SSS7H","PIRELLI","225/45/18","PIRELLI 225/45 R18 95Y Estivo XL Auto"
"8019227468168","B0GLDC8S6C","PIRELLI","235/40/19","PIRELLI 235/40 R19 96Y Estivo XL Auto"
"8019227468182","B0GL9NPZHP","PIRELLI","255/35/19","PIRELLI 255/35 R19 96Y Estivo XL Auto"
"8019227468854","B0FK4234X1","PIRELLI","225/50/17","Pneumatici 4 stagioni 225/50/17 98 Y PIRELLI CINTUR.ALLSEAS.SF3"
"8019227468861","B0FTFWX2J3","PIRELLI","245/45/20","PIRELLI 245/45 R20 103W SCORPION ALL SEASON SF3 XL"
"8019227468878","B0FQ4ZR48H","PIRELLI","225/60/18","Pneumatici Quattro stagioni 225/60 YR18 TL 104Y PI CINT A/S SF3 XL PIRELLI"
"8019227469387","B0FPF4QDV9","PIRELLI","235/50/20","PIRELLI 235/50 R20 104Y 4 Stagioni XL Fuoristrada"
"8019227469943","B0GR14CLWH","PIRELLI","265/40/22","PIRELLI 265/40 R22 109T Estivo XL Fuoristrada"
"8019227469998","B0GS5WWLG9","PIRELLI","275/40/22","PIRELLI 275/40 R22 111T Estivo XL Fuoristrada"
"8019227475210","B0GL9V6LJ1","PIRELLI","255/40/20","PIRELLI 255/40 R20 101Y Estivo XL Fuoristrada"
"8019227476590","B0GR1GK4HR","PIRELLI","235/35/19","PIRELLI 235/35 R19 91Y Estivo XL Auto"
"8019227477573","B0H23VL6Z3","PIRELLI","255/45/19","PIRELLI 255/45 R19 104Y 4 Stagioni XL Auto"
"8019227479317","B0H886L7HX","PIRELLI","215/55/18","PIRELLI 215/55 R18 99V Estivo XL Auto"
"8019227479331","B0GS5ZMVMF","PIRELLI","205/45/17","PIRELLI 205/45 R17 88W Estivo XL Auto"
"8808563228631","B0043QWG54","HANKOOK","195/40/17","Hankook Ventus S1 evo K107 XL FR - 195/40R17 81ZR - Pneumatico Estivo"
"8808563335780","B00V8KSSB4","HANKOOK","225/50/17","Hankook Ventus S1 evo2 K117B - 225/50R17 94W - Pneumatico Estivo"
"8808563337692","B01AJOGCDU","HANKOOK","245/50/18","Hankook Ventus S1 evo2 K117B FR - 245/50R18 100Y - Pneumatico Estivo"
"8808563338163","B01DDG2T3S","HANKOOK","235/65/17","Hankook Ventus S1 evo2 K117A SUV - 235/65R17 104V - Pneumatico Estivo"
"8808563338170","B01AXSNLJ0","HANKOOK","235/60/18","Hankook Ventus S1 evo2 K117A SUV - 235/60R18 103V - Pneumatico 4 stagioni"
"8808563340401","B07KCP5PPP","HANKOOK","205/60/16","Hankook Winter i*cept evo W310 M+S – 205/60R16 92H – Pneumatici invernali"
"8808563349688","B07RXL41WJ","HANKOOK","235/60/18","Pneumatici RA33 - HANKOOK - 235/60/18 estive gomme nuove"
"8808563350448","B01DDG3Y0K","HANKOOK","225/55/17","Hankook Ventus S1 evo2 K117B - 225/55R17 97Y - Pneumatico Estivo"
"8808563354736","B076PT2ZT1","HANKOOK","235/65/17","Hankook Ventus S1 evo2 K117A SUV - 235/65R17 104W - Pneumatico Estivo"
"8808563354743","B077L21FPG","HANKOOK","235/60/18","Hankook Ventus S1 evo2 K117A SUV FR - 235/60R18 103W - Pneumatico Estivo"
"8808563359496","B01N5QZ372","HANKOOK","215/65/17","Hankook Ventus S1 evo2 K117A SUV - 215/65R17 99V - Pneumatico Estivo"
"8808563367293","B076PQRKX5","HANKOOK","245/40/19","HANKOOK 245/40 R19 94W VENTUS PRIME 3 K125"
"8808563375014","B07H3VB632","HANKOOK","225/60/18","Hankook Winter i*cept evo2 W320A SUV XL M+S - 225/60R18 104H - Pneumatico Invernale"
"8808563375878","B071JTRFB6","HANKOOK","185/65/15","Hankook 75351 Pneumatico 185/65 R15 88H Kinergy Eco2 K435"
"8808563378046","B077L672XW","HANKOOK","245/40/18","Hankook Ventus S1 evo2 K117B XL - 245/40R18 97Y - Pneumatico Estivo"
"8808563378220","B01067QKSC","HANKOOK","215/45/16","Hankook Winter i*cept evo2 W320 XL FR M+S - 215/45R16 90H - Pneumatico Invernale"
"8808563390536","B01JVHGE02","HANKOOK","315/35/20","Hankook Ventus S1 Evo2 SUV - 315/35/R20 110W - C/B/75 - Pneumatico Estivos"
"8808563390543","B01JVHGCAE","HANKOOK","255/55/18","Hankook Ventus S1 Evo 2 K117A - 255/55/R18 109V - C/B/75 - Pneumatico Estivos"
"8808563393599","B0844DV6CR","HANKOOK","225/45/17","HANKOOK 225/45 R17 94Y VENTUS S1 EVO 3 K127B XL *(BMW) RFT(ANTIPINCHAZO)"
"8808563393674","B07RK4DHHJ","HANKOOK","225/50/17","HANKOOK 225/50 R17 98Y VENTUS S1 EVO 3 K127 XL *(BMW)"
"8808563393704","B07T98D737","HANKOOK","225/50/17","HANKOOK I CEPT EVO2 W320B XL HRS * – 225/50R17 98H – C/B/72dB – Pneumatici invernali – Runflat (caratteristiche di emergenza)"
"8808563396071","B01N4P9WCM","HANKOOK","235/50/19","Hankook Ventus S1 evo2 K117A SUV - 235/50R19 99V - Pneumatico Estivo"
"8808563402833","B07S1S6KFT","HANKOOK","225/40/18","Hankook 75487 Pneumatico 225/40 R18 92Y Ventus S1 Evo 3 K127 Xl Ao, Audi"
"8808563404608","B088WZWY4F","HANKOOK","205/60/16","HANKOOK 205/60 R16 92V VENTUS PRIME 3 K125"
"8808563405308","B01HNZHRHI","HANKOOK","195/50/15","Hankook Winter i*cept RS2 W452 FR M+S - 195/50R15 82H - Pneumatico Invernale"
"8808563405452","B01BNLT11S","HANKOOK","245/35/19","Hankook Ventus S1 evo2 K117 XL FR - 245/35R19 93Y - Pneumatico Estivo"
"8808563406176","B07WZZXH53","HANKOOK","235/65/16","Hankook 75554 Pneumatico 235/65 R16C 121/119R Vantra Ra18"
"8808563406244","B07RZLP6MG","HANKOOK","235/40/19","HANKOOK 235/40ZR19 (92Y) S1 EVO3 K127 RFP N0 70EA"
"8808563406497","B01MEGZDPJ","HANKOOK","235/55/19","Hankook Ventus S1 evo2 K117A SUV FR - 235/55R19 101Y - Pneumatico Estivo"
"8808563406503","B01N7NPWGO","HANKOOK","255/50/19","Hankook Ventus S1 evo2 K117A SUV FR - 255/50R19 103Y - Pneumatico Estivo"
"8808563407739","B01HKTKIIW","HANKOOK","215/40/17","Hankook Winter i*cept evo2 W320 XL FR M+S - 215/40R17 87V - Pneumatico Invernale"
"8808563407869","B074DCY48F","HANKOOK","205/60/16","Hankook Winter i*cept evo2 W320B M+S - 205/60R16 92H - Pneumatico Invernale"
"8808563408484","B07HJZGCQC","HANKOOK","225/45/18","HANKOOK 225/45 R18 91W VENTUS S1 EVO 2 K117B RFT MOE(ANTIPINCHAZO)"
"8808563411415","B077L38C54","HANKOOK","175/65/15","Hankook 77531 Pneumatico 175/65 R15 84T Kinergi Eco2 K435"
"8808563411644","B07B3XCD7H","HANKOOK","195/65/15","Hankook Kinergy Eco 2 K435 XL - 195/65R15 95T - Pneumatico Estivo"
"8808563413808","B079RL2D5B","HANKOOK","165/65/15","Hankook Kinergy ECO 2 K435 165/65R15 81T Pneumatico Estivos"
"8808563413815","B07B5HCZ1H","HANKOOK","175/55/15","Hankook K435 175/55R15 77T Pneumatico Estivos"
"8808563413822","B079TFH9QZ","HANKOOK","175/60/15","Hankook Kinergy Eco 2 K435 175/60R15 81H Pneumatico Estivos"
"8808563413921","B01N7RTGL3","HANKOOK","185/55/15","Hankook Ventus Prime3 K125 FR - 185/55R15 82H - Pneumatico Estivo"
"8808563413952","B01NCVW9NU","HANKOOK","195/50/15","Hankook Ventus Prime3 K125 FR - 195/50R15 82H - Pneumatico Estivo"
"8808563415376","B07MCNZJFM","HANKOOK","195/55/16","Hankook 55620 Pneumatico 195/55 R16 91V Ventus Prime 3 K125 Ao, Audi"
"8808563415406","B08GJD2449","HANKOOK","215/45/17","HANKOOK 215/45 R17 91W VENTUS S1 EVO 3 K127 XL AO(AUDI)"
"8808563419114","B07V4LPV74","HANKOOK","235/55/18","Hankook 75594 Pneumatico 235/55 R18 100V Ventus S1 Evo 2 Suv K117A Ao, Audi"
"8808563419138","B07MMGDHRD","HANKOOK","235/50/19","Hankook K117A AO 235/50R19 99V - Pneumatico estivo"
"8808563422626","B07DKFRRWB","HANKOOK","205/60/16","HANKOOK 205/60 R16 92H VENTUS PRIME 3 K125"
"8808563424927","B07SFJQ1Y6","HANKOOK","185/65/15","Hankook 75630 Pneumatico 185/65 R15 88H Kinergy Eco2 K435"
"8808563427331","B07MMGPRCR","HANKOOK","235/60/18","Hankook 75552 Pneumatico 235/60 R18 103W Ventus S1 Evo 2 Suv K117A N1, Porsche"
"8808563427485","B08Z1CFD5V","HANKOOK","255/45/19","HANKOOK 255/45 R19 104Y VENTUS S1 EVO 3 K127 MO(MERCEDES)"
"8808563429205","B0739Y9NTV","HANKOOK","235/75/15","Hankook Winter i*cept evo2 W320A SUV XL M+S - 235/75R15 109T - Pneumatico Invernale"
"8808563432618","B077L2B9YJ","HANKOOK","165/65/14","HANKOOK 165/65 R14 79T KINERGY ECO 2 K435"
"8808563432649","B077L14TND","HANKOOK","175/70/14","Gomme Hankook Kinergy eco 2 k435 175/70R14 84T TL Estive per Auto"
"8808563432731","B0844M3VYD","HANKOOK","235/55/18","HANKOOK 235/55 R18 100H DYNAPRO HP2 RA33 M+S"
"8808563432786","B089RN9WZX","HANKOOK","205/65/16","HANKOOK Vans LT RA18 8PR – 205/65R16C 107/105T – A/B/72dB – Pneumatici estivi"
"8808563432984","B0841B6JZB","HANKOOK","215/60/17","Hankook 75469 Pneumatico 215/60 R17 96H Ventus Prime 3 K125"
"8808563433219","B077L79ZT4","HANKOOK","165/65/15","Gomme Hankook Kinergy eco 2 k435 165/65R15 81T TL Estive per Auto"
"8808563433561","B077L9DH4B","HANKOOK","165/60/15","HANKOOK 165/60 R15 77H KINERGY ECO2 K435"
"8808563437453","B07KYJ3KYM","HANKOOK","225/55/18","Hankook Ventus Prime3X K125 A - 225/55R18 98V - Pneumatico Estivo"
"8808563441740","B07MCNZG1R","HANKOOK","255/45/19","Hankook 75586 Pneumatico 255/45 R19 104Y Ventus S1 Evo 2 Suv K117A Xl Ao, Audi"
"8808563442006","B07CW1VSKX","HANKOOK","225/55/17","Hankook Ventus Prime2 K115 XL FR - 225/55R17 101V - Pneumatico Estivo"
"8808563444789","B089RN6D59","HANKOOK","235/50/19","HANKOOK Hankook VENTUS S1 EVO2 K117A SUV 235/50 R19 99V Pneumatici estivi GTAM T248246 senza cerchione"
"8808563446387","B08453CWR7","HANKOOK","315/35/21","HANKOOK 315/35 R21 111Y VENTUS S1 EVO 3 SUV K127C XL *(BMW) RFT(ANTIPINCHAZO)"
"8808563446875","B08BTSKCDD","HANKOOK","295/40/22","HANKOOK VENTUS S1 EVO3 SUV K127A XL – 295/40R22 (112Y) – C/B/71 – Pneumatici estivi"
"8808563448749","B0F6FZYRFK","HANKOOK","245/45/18","245/45YR18 HANKOOK TL K117 MO XL (EU)100Y"
"8808563448992","B07WXJNQP3","HANKOOK","225/65/16","Hankook Winter i*cept LV RW12 M+S - 225/65R16 112R - Pneumatico Invernale"
"8808563449005","B089RN75CD","HANKOOK","215/75/16","Hankook Winter i cept LV RW12 215/75 R16 113R Pneumatici invernali GTAM T268461 senza cerchione"
"8808563449050","B07WXJ14S6","HANKOOK","215/60/16","Hankook Winter i*cept LV RW12 M+S - 215/60R16 103T - Pneumatico Invernale"
"8808563449067","B09GX9NX7L","HANKOOK","225/75/16","Hankook 225/75R16C 121/120R Winter I*CEPT LV RW12"
"8808563449104","B09GXLJDSM","HANKOOK","215/65/15","HANKOOK 215/65R15C 104/102T WINTER I*CEPT LV RW12, 215/65R15 104/102 T"
"8808563450490","B08C4TW9XK","HANKOOK","205/55/16","Pneumatici 205/55 r16 91H Hankook K435 Kinergy eco2 Gomme estive nuove"
"8808563450520","B08Z1JH5TR","HANKOOK","205/60/16","HANKOOK 205/60 R16 92H KINERGY ECO2 K435"
"8808563450865","B07GQ4LGH1","HANKOOK","195/65/15","Hankook Kinergy 4S 2 H750 M+S - 195/65R15 91H - Pneumatico 4 stagioni"
"8808563451763","B0844TTVR8","HANKOOK","235/55/18","HANKOOK 235/55 R18 100H VENTUS PRIME 3 K125"
"8808563452623","B08Z265SYL","HANKOOK","195/55/16","195/55HR16 HANKOOK TL K435 87H *E*"
"8808563453620","B07PPV5D4P","HANKOOK","245/40/20","Hankook Ventus S1 evo3 K127 XL FR - 245/40R20 99Y - Pneumatico Estivo"
"8808563453811","B07Q3H2LRZ","HANKOOK","225/40/19","HANKOOK 225/40 ZR19 93Y VENTUS S1 EVO 3 K127"
"8808563453880","B07NVWB6Y2","HANKOOK","245/35/19","Hankook Ventus S1 evo3 K127 XL FR - 245/35R19 93Y - Pneumatico Estivo"
"8808563453972","B07PPX4YRZ","HANKOOK","225/50/18","HANKOOK 225/50 ZR18 99Y VENTUS S1 EVO 3 K127"
"8808563454009","B07PPB5GY4","HANKOOK","235/45/18","HANKOOK 235/45 ZR18 98Y VENTUS S1 EVO 3 K127"
"8808563454023","B07Q4FDKRD","HANKOOK","255/45/18","HANKOOK VENTUS S1 EVO3 K127 XL - 255/45ZR18 103Y - C/A/73dB - Pneumatici estivi"
"8808563455259","B08BRC28DC","HANKOOK","185/65/15","HANKOOK KINERGY ECO 2 K435 VW – 185/65R15 88H – A/B/70dB – Pneumatici estivi"
"8808563455273","B088PB6L5R","HANKOOK","215/65/17","HANKOOK 215/65 R17 99V VENTUS PRIME 3 K125A"
"8808563455297","B089RMQ25C","HANKOOK","235/55/18","HANKOOK 235/55 R18 100V VENTUS PRIME 3 K125A"
"8808563456171","B08B81TRT2","HANKOOK","215/45/18","Hankook 75449 Pneumatico 215/45 R18 93W Ventus S1 Evo 3 K127 Xl Ao, Audi"
"8808563456256","B07MM9S5MY","HANKOOK","215/70/16","Hankook 75478 Pneumatico 215/70 R16 100H Ventus Prime 2 K115"
"8808563458939","B094D8CDQR","HANKOOK","165/65/14","HANKOOK 165/65 R14 79T Estivo Auto"
"8808563464626","B087M8FZSY","HANKOOK","225/55/19","Hankook 75513 Pneumatico 225/55 R19 103Y Ventus S1 Evo 3 Ev K127E Xl Nf0, Porsche"
"8808563465081","B08Z2422RC","HANKOOK","205/60/16","HANKOOK 205/60 R16 96H VENTUS PRIME 3 K125"
"8808563465814","B07TYYF569","HANKOOK","215/50/17","HANKOOK 215/50 R17 91H KINERGY 4S H740 ALL SEASONS"
"8808563465838","B099F18DBF","HANKOOK","205/55/17","HANKOOK 205/55 R17 95W VENTUS S1 EVO3 K127 XL AO(AUDI)"
"8808563467405","B0822Y27NJ","HANKOOK","195/75/16","Hankook 75636 Pneumatico 195/75 R16C 107/105R Vantra St As2 Ra30 Tutte Le Stagioni"
"8808563470368","B094D4S24S","HANKOOK","185/65/14","185/65TR14 HANKOOK TL K435 (NUOVO) 86T E"
"8808563470399","B08Z1W51HM","HANKOOK","185/60/14","185/60TR14 HANKOOK TL K435 82T *E*"
"8808563470412","B08Z1ZBTRZ","HANKOOK","195/65/15","195/65TR15 HANKOOK TL K435 XL (nuovo) 95T *E*"
"8808563470436","B08Z24PB4F","HANKOOK","185/65/15","185/65TR15 HANKOOK TL K435 XL 92T *E*"
"8808563470474","B08Z1V5JF8","HANKOOK","175/70/14","HANKOOK 175/70 R14 84T KINERGY ECO 2 K435"
"8808563470535","B08Z1R66ZX","HANKOOK","165/70/14","165/70TR14 HANKOOK TL K435 (nuovo) 81T *E*"
"8808563470702","B08Z1T2CBL","HANKOOK","255/45/20","255/45TR20 HANKOOK TL K127E SEAL AO + 101T *E*"
"8808563472010","B08451BX6J","HANKOOK","225/50/18","HANKOOK 225/50 R18 95W VENTUS S1 EVO 3 K127B *(BMW)"
"8808563472096","B07NVQW8DM","HANKOOK","195/55/15","195/55Hr15 Hankook Tl K125 (Neu) 85H E"
"8808563472829","B0844T7PK9","HANKOOK","275/40/21","HANKOOK 275/40 ZR21 107Y VENTUS S1 EVO 3 SUV K127A"
"8808563472850","B0844DTHF3","HANKOOK","315/40/21","HANKOOK 315/40 ZR21 115Y VENTUS S1 EVO 3 SUV K127A"
"8808563472935","B0844ZD8H2","HANKOOK","265/50/20","HANKOOK 265/50 ZR20 111W VENTUS S1 EVO 3 SUV K127A"
"8808563473246","B08Z1Q1PL2","HANKOOK","215/65/17","HANKOOK 215/65 R17 99V VENTUS S1 EVO 3 K127B AO(AUDI)"
"8808563473796","B09V5QQG6F","HANKOOK","245/45/18","HANKOOK 245/45 R18 100Y VENTUS S1 EVO 3 K127 XL *(BMW)"
"8808563473819","B09V5SQRW2","HANKOOK","245/40/19","HANKOOK 245/40 R19 98Y VENTUS S1 EVO 3 K127 XL *(BMW)"
"8808563473833","B09V5S511R","HANKOOK","245/40/19","HANKOOK 245/40 R19 98Y VENTUS S1 EVO 3 K127B XL RFT*(BMW)"
"8808563476100","B08Z1ZBH23","HANKOOK","215/45/17","HANKOOK 215/45 R17 91W VENTUS S1 EVO 3 K127 AO(AUDI)"
"8808563478883","B08KS8VQZK","HANKOOK","255/35/19","HANKOOK 255/35 R19 96V WINTER I*CEPT EVO3 W330 WINTER"
"8808563479064","B08KS8SM37","HANKOOK","275/40/19","Hankook Winter i*cept evo3 W330 XL – 275/40 R19 105V – Pneumatici invernali"
"8808563479163","B08KS8QZ4K","HANKOOK","275/35/20","Hankook Winter i*cept evo3 W330 XL - 275/35 R20 102W - Pneumatici invernali"
"8808563479187","B08KS8XJT9","HANKOOK","235/50/17","Hankook Winter i*cept evo3 W330 XL FSL M+S 3PMSF – 235/50 R17 100V – Pneumatici invernali"
"8808563479279","B09J9V2NWC","HANKOOK","285/35/20","285/35WR20 HANKOOK TL W330 XL 104W E"
"8808563479378","B08KS9WD68","HANKOOK","255/35/21","Hankook Winter i*cept evo3 W330 XL - 255/35 R21 98W - Pneumatici invernali"
"8808563479385","B09GXY7655","HANKOOK","245/65/17","Hankook 245/65R17 111H XL WINTER I'CEPT EVO3X W330A"
"8808563479606","B08KLHVQ32","HANKOOK","225/55/18","Hankook Winter i*cept evo3 X W330A SUV XL M+S 3PMSF – 225/55 R18 102V – Pneumatici invernali"
"8808563479651","B08KS9YGL4","HANKOOK","235/50/18","Hankook Winter i*cept evo3 X W330A SUV XL M+S 3PMSF – 235/50 R18 101V – Pneumatici invernali"
"8808563479675","B08KS9K7XV","HANKOOK","235/50/19","Hankook Winter i*cept evo3 X W330A SUV XL FSL M+S 3PMSF – 235/50 R19 103V – Pneumatici invernali"
"8808563479781","B08KS7ZNX3","HANKOOK","275/40/20","Hankook Winter i*cept evo3 X W330A XL – 275/40 R20 106V – Pneumatici invernali"
"8808563502892","B08Z24M7C8","HANKOOK","205/55/16","205/55VR16 HANKOOK TL H750 ALL SEASON XL 94V *E*"
"8808563502908","B08Z24M5CG","HANKOOK","195/65/15","195/65HR15 HANKOOK TL H750 ALL SEASON91H *E*"
"8808563502922","B08Z1NS5R7","HANKOOK","185/60/15","HANKOOK 185/60 R15 88H KINERGY 4S2 H750 ALL SEASONS"
"8808563502939","B08Z1S7PYZ","HANKOOK","195/65/15","195/65VR15 HANKOOK TL H750 ALL SEASON91V *E*"
"8808563502946","B08Z1ZTFLP","HANKOOK","205/55/16","205/55HR16 HANKOOK TL H750 ALL SEASON XL 94H *E*"
"8808563502960","B08Z1P3RX4","HANKOOK","175/65/14","175/65HR14 HANKOOK TL H750 ALL SEASON XL 86H *E*"
"8808563502977","B08Z1MY8YJ","HANKOOK","225/45/17","225/45WR17 HANKOOK TL H750 ALL SEASON XL 94W *E*"
"8808563502984","B08Z1QV3MG","HANKOOK","185/65/15","185/65HR15 HANKOOK TL H750 ALL SEASON88H *E*"
"8808563507811","B08Z1RBWST","HANKOOK","205/60/16","205/60VR16 HANKOOK TL H750 ALL SEASON XL 96V *E*"
"8808563507828","B0CBCN1FVP","HANKOOK","215/65/16","HANKOOK TL H750 ALL SEASON XL 215/65VR16 (NEU) 102 V"
"8808563507835","B08Z1TKSSG","HANKOOK","205/60/16","205/60HR16 HANKOOK TL H750 ALL SEASON XL 96H *E*"
"8808563507842","B08Z1Y7876","HANKOOK","215/60/16","HANKOOK 215/60 R16 99V KINERGY 4S2 H750 ALL SEASONS"
"8808563507859","B08Z2K2K6T","HANKOOK","225/50/17","225/50WR17 HANKOOK TL H750 ALL SEASON XL 98W *E*"
"8808563508375","B08KS965YG","HANKOOK","265/40/22","Hankook Winter i*cept evo3 X W330A SUV XL FSL M+S 3PMSF – 265/40 R22 106W – Pneumatici invernali"
"8808563515502","B09J9X1KQC","HANKOOK","215/40/18","HANKOOK 215/40 R18 89V WINTER I*CEPT EVO3 W330 XL"
"8808563515588","B09J9VNDP6","HANKOOK","195/55/20","195/55HR20 HANKOOK TL W330 XL 95H E"
"8808563515625","B09JB6VGF3","HANKOOK","285/30/20","285/30WR20 HANKOOK TL W330 XL 99W E"
"8808563520964","B08Z1Z87P3","HANKOOK","275/35/21","275/35ZR21 HANKOOK TL K127 XL 103Y *E*"
"8808563526577","B08Z1LH4DB","HANKOOK","175/80/14","175/80TR14 HANKOOK TL H750 ALL SEASON88T *E*"
"8808563526614","B09JC8BN9X","HANKOOK","155/60/15","155/60Tr15 Hankook Tl H750 All Season (Neu) 74T E"
"8808563527321","B08Z1Z72GV","HANKOOK","235/45/19","HANKOOK 235/45 R19 99W KINERGY 4S2 H750 ALL SEASONS"
"8808563527390","B08Z2CBDPN","HANKOOK","245/45/20","245/45VR20 HANKOOK TL H750A ALL SEASON XL 103V *E*"
"8808563529066","B09STCF39B","HANKOOK","205/55/16","HANKOOK 205/55 R16 91V VENTUS PRIME 4 K135"
"8808563529073","B09V5QS4FB","HANKOOK","245/45/18","245/45WR18 HANKOOK TL K135 XL (NEU)100W E"
"8808563530383","B09V5R414X","HANKOOK","275/35/20","275/35ZR20 HANKOOK TL K127B RFT XL (NEU)102Y E"
"8808563530444","B09V5SZBDZ","HANKOOK","275/35/21","275/35ZR21 HANKOOK TL K127B RFT XL (NEU)103Y E"
"8808563530536","B0DHJHWHDF","HANKOOK","205/55/17","GOMME PNEUMATICI HANKOOK 205/55 R17 95W K127 VENTUS S1 EVO3 (R0) XL"
"8808563531854","B09G11H84G","HANKOOK","225/45/18","225/45Zr18 Hankook Tl K127 Xl (Neu) 95Y E"
"8808563531878","B09FZZQW4F","HANKOOK","235/55/17","235/55VR17 HANKOOK TL K127A (NEU) 99V E"
"8808563532363","B08Z1P17DJ","HANKOOK","235/60/17","235/60HR17 HANKOOK TL H750A ALL SEASON XL 106H *E*"
"8808563535395","B0D4M9YXVG","HANKOOK","225/45/17","225/45HR17 HANKOOK TL W462 (EU) 91H"
"8808563535401","B0BD157VDF","HANKOOK","225/50/17","225/50R17 94H HANKOOK W462"
"8808563535456","B0BD11KH81","HANKOOK","185/60/15","185/60Tr15 Hankook Tl W462 Xl (Eu) 88T"
"8808563535463","B0CJ2SWTC5","HANKOOK","195/55/16","195/55HR16 HANKOOK TL W462 (NUOVO) 87H"
"8808563535487","B0BVFNH3BY","HANKOOK","205/60/16","205/60Hr16 Hankook Tl W462 Xl (nuovo) 96H"
"8808563535494","B0BR6FKXS7","HANKOOK","205/55/16","205/55Tr16 Hankook Tl W462 (nuovo) 91T"
"8808563535500","B0BR788GQD","HANKOOK","215/60/16","215/60Hr16 Hankook Tl W462 Xl (nuovo) 99H"
"8808563535524","B0BRD5FB3H","HANKOOK","185/60/15","185/60Tr15 Hankook Tl W462 Xl (nuovo) 88T"
"8808563535531","B0BRCJ5H8D","HANKOOK","195/55/16","195/55Hr16 Hankook Tl W462 (nuovo) 87H"
"8808563535548","B0BRCKZ46L","HANKOOK","175/65/15","175/65Tr15 Hankook Tl W462 (nuovo) 84T"
"8808563535937","B0BJVH82BF","HANKOOK","185/55/16","185/55Hr16 Hankook Tl W462 Xl (Eu) 87H"
"8808563536002","B0BR6HVCY8","HANKOOK","185/55/16","185/55Tr16 Hankook Tl W462 Xl (Eu) 87T"
"8808563536057","B0BR6GW2L4","HANKOOK","195/60/16","195/60Hr16 Hankook Tl W462 Xl (Eu) 93H"
"8808563536071","B0BR6GHWB5","HANKOOK","195/65/15","195/65Tr15 Hankook Tl W462 Xl (nuovo) 95T"
"8808563536095","B0BR8M7WFX","HANKOOK","225/55/17","225/55Vr17 Hankook Tl W462 Xl (nuovo)101V"
"8808563536101","B0BR6F9V2Z","HANKOOK","195/60/15","195/60Tr15 Hankook Tl W462 (nuovo) 88T"
"8808563536118","B0BRCJ4KW1","HANKOOK","175/70/14","175/70Tr14 Hankook Tl W462 Xl (nuovo) 88T"
"8808563536156","B0BR6F9L4P","HANKOOK","225/45/17","225/45Vr17 Hankook Tl W462 Xl (nuovo) 94 V"
"8808563536163","B0BRCJSFTM","HANKOOK","185/65/15","185/65Tr15 Hankook Tl W462 Xl (nuovo) 92T"
"8808563536187","B0BPYHDBNG","HANKOOK","185/55/15","185/55Tr15Hankook Tl W462 (nuovo) 82T E"
"8808563536194","B0BR7BYTL7","HANKOOK","225/55/17","225/55Hr17 Hankook Tl W462 (nuovo) 97H"
"8808563536200","B0BR6F2DTS","HANKOOK","205/50/17","205/50Vr17 Hankook Tl W462 Xl (nuovo) 93 V"
"8808563536224","B0BRCJK8Z1","HANKOOK","215/55/16","215/55Hr16 Hankook Tl W462 Xl (nuovo) 97H"
"8808563536231","B0BQH9T612","HANKOOK","215/50/17","215/50Vr17 Hankook Tl W462 Xl (nuovo) 95 V"
"8808563536248","B0BR6DPN4P","HANKOOK","195/55/16","195/55Hr16 Hankook Tl W462 Xl (nuovo) 91H"
"8808563536255","B0BRCKF8KW","HANKOOK","195/55/15","195/55Hr15Hankook Tl W462 (nuovo) 85H E"
"8808563536293","B0BR8T1N7G","HANKOOK","215/70/16","215/70Tr16 Hankook Tl W462 Suv (nuovo)100T"
"8808563536309","B0BR76XDB8","HANKOOK","225/55/16","225/55Hr16 Hankook Tl W462 Xl (nuovo) 99H"
"8808563536316","B0BR6J1BK9","HANKOOK","205/45/17","205/45Vr17 Hankook Tl W462 Xl (nuovo) 88 V"
"8808563536330","B0BRFD8WVY","HANKOOK","215/65/16","215/65Hr16 Hankook Tl W462 Xl (nuovo)102H"
"8808563536361","B0BR6DXDMV","HANKOOK","195/50/16","195/50Hr16 Hankook Tl W462 Xl (nuovo) 88H"
"8808563536378","B0BVRH4J3C","HANKOOK","175/70/14","175/70Tr14Hankook Tl W462 (nuovo) 84T E"
"8808563536385","B0BRCKBJTH","HANKOOK","195/45/16","195/45Hr16Hankook Tl W462 Xl (nuovo) 84H E"
"8808563536392","B0BQHC21FY","HANKOOK","185/55/15","185/55Hr15 Hankook Tl W462 Xl (nuovo) 86H"
"8808563536408","B0BQFXPBQY","HANKOOK","175/65/14","175/65Tr14 Hankook Tl W462 Xl (nuovo) 86T"
"8808563536644","B09T5JWZSG","HANKOOK","225/45/17","225/45WR17 HANKOOK TL K135 XL (NUOVO) 94W E"
"8808563536651","B09V5RN28Y","HANKOOK","225/40/18","225/40WR18 HANKOOK TL K135 XL (EU) 92W E"
"8808563538952","B09V5R7CVW","HANKOOK","225/50/17","225/50WR17 HANKOOK TL K135 (NEU) 94W E"
"8808563540733","B0DF4M6W7L","HANKOOK","195/55/16","HANKOOK - 195/55WR16 TL K135 XL, EU 91W"
"8808563540986","B0DHJ834JW","HANKOOK","225/60/18","GOMME PNEUMATICI HANKOOK 225/60 R18 104H W330 WINTER ICEPT EVO 3 XL"
"8808563541884","B0BRCJRJPY","HANKOOK","205/55/16","205/55Hr16 Hankook Tl W462 (nuovo) 91H"
"8808563544854","B09V5QSMJF","HANKOOK","215/45/20","HANKOOK VENTUS PRIME 4 K135 XL – 215/45R20 95W – B/A/69 – Pneumatici estivi"
"8808563544915","B09V5T33NC","HANKOOK","245/40/18","245/40ZR18 HANKOOK TL K135 XL (EU) 97W E"
"8808563544939","B09V5R34HM","HANKOOK","225/40/18","225/40WR18 HANKOOK TL K135 XL (EU) 92W E"
"8808563544946","B09V5S3VCJ","HANKOOK","235/45/18","HANKOOK VENTUS PRIME 4 K135 XL – 235/45R18 98W – Pneumatici estivi – B/A/69dB"
"8808563544953","B09V5QTBK4","HANKOOK","225/45/18","225/45WR18 HANKOOK TL K135 XL (EU) 95W E"
"8808563545042","B09V5RHT3X","HANKOOK","205/40/17","HANKOOK 205/40 R17 84W VENTUS PRIME 4 K135 XL"
"8808563545059","B09V5QGV1D","HANKOOK","245/45/17","245/45YR17 HANKOOK TL K135 XL (EU) 99Y E"
"8808563545066","B09V5RL631","HANKOOK","235/45/17","235/45WR17 HankoOK TL K135 XL (UE) 97 W E"
"8808563545073","B09V5R5NHZ","HANKOOK","235/45/17","HANKOOK VENTUS PRIME 4 K135 XL – 235/45R17 97Y – C/A/69 – Pneumatici estivi"
"8808563545097","B09V5RCFFP","HANKOOK","225/45/17","225/45WR17 HANKOOK TL K135 XL (EU) 94W E"
"8808563545110","B09V5RZT17","HANKOOK","205/45/17","HANKOOK 205/45 R17 88V VENTUS PRIME 4 K135 XL"
"8808563545134","B09V5SDM9D","HANKOOK","225/50/17","HANKOOK 225/50 R17 98W VENTUS PRIME 4 K135 XL"
"8808563545189","B09V5SR7BK","HANKOOK","235/55/17","235/55WR17 HANKOOK TL K135 XL (EU)103W E"
"8808563545196","B09V5RN292","HANKOOK","225/55/17","225/55WR17 HANKOOK TL K135 XL (EU)101W E"
"8808563545219","B09V5S7T8F","HANKOOK","215/55/17","HANKOOK 215/55 R17 98W VENTUS PRIME 4 K135 XL"
"8808563545226","B09SW1MP8Z","HANKOOK","205/55/17","HANKOOK 205/55 R17 95V VENTUS PRIME 4 K135 XL"
"8808563545271","B09V5SFMQD","HANKOOK","215/45/16","HANKOOK 215/45 R16 90V VENTUS PRIME 4 K135 XL"
"8808563545325","B09V5RH7L5","HANKOOK","225/55/16","225/55WR16 HANKOOK TL K135 (EU) 95W E"
"8808563545332","B09V5SD826","HANKOOK","225/55/16","225/55YR16 HANKOOK TL K135 XL (EU) 99Y E"
"8808563545363","B09V5TS268","HANKOOK","205/55/16","205/55HR16 HANKOOK TL K135 (EU) 91H E"
"8808563545370","B09V5RTX6H","HANKOOK","205/55/16","205/55VR16 HANKOOK TL K135 (EU) 91V E"
"8808563545394","B09STJRFQ4","HANKOOK","205/55/16","HANKOOK VENTUS PRIME 4 K135 XL – 205/55R16 94V – Pneumatici estivi – C/A/69dB"
"8808563545400","B09V5RDP5D","HANKOOK","205/55/16","205/55WR16 HANKOOK TL K135 XL (EU) 94W E"
"8808563545424","B09SW3ZL15","HANKOOK","195/55/16","195/55VR16 HANKOOK TL K135 (EU) 87V E"
"8808563545462","B09V5ST1QB","HANKOOK","205/60/16","205/60VR16 HANKOOK TL K135 XL (EU) 96V E"
"8808563545486","B09V5T3JLJ","HANKOOK","195/60/16","HANKOOK 195/60 R16 89V VENTUS PRIME 4 K135"
"8808563545509","B09V5SXXXZ","HANKOOK","235/45/17","235/45YR17 HANKOOK TL K135 XL (NUOVO) 97Y E"
"8808563545516","B09V5RDMBG","HANKOOK","225/45/17","225/45Yr17 Hankook Tl K135 (Neu) 91Y E"
"8808563545523","B09V5QT137","HANKOOK","225/50/17","225/50WR17 HANKOOK TL K135 XL (NUOVO) 98W E"
"8808563545561","B09V5RRSPJ","HANKOOK","215/55/17","215/55VR17 HANKOOK TL K135 (NEU) 94V E"
"8808563545578","B09V5SYSDR","HANKOOK","215/55/17","215/55WR17 HANKOOK TL K135 XL (NEU) 98W E"
"8808563545585","B09V5RXRQS","HANKOOK","205/55/17","205/55VR17 HANKOOK TL K135 XL (NEU) 95V E"
"8808563545615","B09V5RQ3N5","HANKOOK","195/45/16","195/45VR16 HANKOOK TL K135 XL (NEU) 84V E"
"8808563545622","B09V5R5BJF","HANKOOK","195/50/16","195/50VR16 HANKOOK TL K135 XL (NUOVO) 88V E"
"8808563545639","B09V5RXCS9","HANKOOK","215/55/16","215/55VR16 HANKOOK TL K135 (NEU) 93V E"
"8808563545653","B09V5QWNFG","HANKOOK","205/55/16","205/55HR16 HANKOOK TL K135 (NEU) 91H E"
"8808563545660","B09V5QQWVC","HANKOOK","205/55/16","205/55WR16 HANKOOK TL K135 (NEU) 91W E"
"8808563545714","B09V5RQGY6","HANKOOK","215/60/16","215/60VR16 HANKOOK TL K135 XL (NEU) 99V E"
"8808563545721","B09V5R72D3","HANKOOK","205/60/16","205/60HR16 HANKOOK TL K135 (NEU) 92H E"
"8808563545745","B09V5R1S34","HANKOOK","225/45/17","225/45YR17 HANKOOK TL K135 (NEU) 91Y E"
"8808563545752","B09V5RG2DS","HANKOOK","225/45/17","225/45WR17 HANKOOK TL K135 XL (NEU) 94W E"
"8808563545783","B09V5RRGQ6","HANKOOK","195/45/16","195/45VR16 HANKOOK TL K135 XL (NUOVO) 84V E"
"8808563545806","B09V5S5BRR","HANKOOK","205/55/16","205/55HR16 HANKOOK TL K135 (NEU) 91H E"
"8808563550275","B0BRCHBLTJ","HANKOOK","195/65/15","195/65Tr15 Hankook Tl W462 (nuovo) 91T"
"8808563550282","B0BRCKBSGL","HANKOOK","185/65/15","185/65Tr15 Hankook Tl W462 (nuovo) 88T"
"8808563550305","B0BR6GK95J","HANKOOK","205/60/16","205/60Hr16Hankook Tl W462 (nuovo) 92H E"
"8808563550312","B0BRBVDGYJ","HANKOOK","215/65/16","215/65Hr16 Hankook Tl W462 (nuovo) 98H"
"8808563550329","B0BRCK5JBS","HANKOOK","185/60/15","185/60Tr15Hankook Tl W462 (nuovo) 84T E"
"8808563555034","B0BR6HW1TB","HANKOOK","215/55/16","215/55Vr16 Hankook Tl H750 All Season Xl (Nuovo) 97V"
"8808563555126","B0BRCKBCK5","HANKOOK","245/40/18","HANKOOK 245/40 R18 TL 97V KINERGY 4S 2 H750 XL BSW M+S 3P MSF per tutte le stagioni"
"8808563556703","B0DHJKTGWB","HANKOOK","215/65/17","GOMME PNEUMATICI HANKOOK 215/65 R17 99H K135 VENTUS PRIME 4"
"8808563556727","B09V5QVN6S","HANKOOK","235/50/19","235/50YR19 HANKOOK TL K135A XL (EU) 103Y E"
"8808563556734","B09V5QMM5F","HANKOOK","225/55/19","HANKOOK VENTUS PRIME 4 K135A – 225/55R19 99V – Pneumatici estivi – B/A/69dB"
"8808563556758","B09V5R9TVK","HANKOOK","235/55/18","HANKOOK 235/55 R18 104V VENTUS PRIME4 K135A XL"
"8808563556765","B09V5RYV5K","HANKOOK","225/55/18","225/55VR18 HANKOOK TL K135A (EU) 98V E"
"8808563556789","B09V5RQL88","HANKOOK","235/55/17","HANKOOK 235/55 R17 99V VENTUS PRIME4 K135A"
"8808563556840","B09V5RDVM4","HANKOOK","225/60/17","225/60VR17 HANKOOK TL K135A (NEU) 99V E"
"8808563556857","B09V5RRS37","HANKOOK","225/65/17","225/65HR17 HANKOOK TL K135A (NEU)102H E"
"8808563558547","B0BR6G4V66","HANKOOK","225/40/18","Pneumatici 225/40 r18 92Y 3PMSF Hankook H750 KINERGY 4S 2 Gomme 4 stagioni nuove"
"8808563558578","B0BR6GFYK9","HANKOOK","225/45/18","Pneumatici 225/45 r18 95Y Hankook H750A KINERGY 4S 2 X Gomme 4 stagioni nuove"
"8808563558585","B0BRD6B464","HANKOOK","215/55/18","215/55Vr18 Hankook Tl H750A All Season Xl (Nuovo) 99V"
"8808563558622","B0BR8MWLKC","HANKOOK","235/60/18","235/60Wr18 Hankook Tl H750A All Season Xl (Nuovo) 107W"
"8808563558646","B0BRCK3HGZ","HANKOOK","255/35/19","Pneumatici 255/35 r19 96Y Hankook H750A KINERGY 4S 2 X Gomme 4 stagioni nuove"
"8808563558684","B09V5PD43S","HANKOOK","235/50/18","235/50VR18 HANKOOK TL K135A (EU) 97V E"
"8808563564593","B0F6FS3CNN","HANKOOK","225/45/18","225/45HR18 HANKOOK TL K135 + XL 95H"
"8808563564630","B0F6FTMC7Z","HANKOOK","235/55/17","235/55HR17 HANKOOK TL K135A + XL (EU)103H"
"8808563564814","B0DHJF3RNV","HANKOOK","235/55/18","GOMME PNEUMATICI HANKOOK 235/55 R18 100V RA43 DYNAPRO HPX M+S"
"8808563565842","B0BR6CN3WX","HANKOOK","225/45/18","HANKOOK Winter I CEPT EVO3 W330B XL HR – 225/45R18 95V – D/B/72 – Pneumatici invernali – con caratteristiche runflat di emergenza"
"8808563565859","B0BSKZ93TQ","HANKOOK","225/40/18","225/40Vr18Hankook Tl W330B Rft Xl (Eu) 92V E"
"8808563565897","B0BVFQV4LV","HANKOOK","225/60/18","225/60Hr18 Hankook Tl W330C Suv Rft Xl (Eu)104H"
"8808563565927","B0BVFQ5N7G","HANKOOK","225/55/17","225/55Hr17 Hankook Tl W462B Rft (Eu) 97H"
"8808563566054","B0BRCJS1BH","HANKOOK","215/45/17","215/45Vr17 Hankook Tl W462 Xl (nuovo) 91 V"
"8808563572871","B0F68T9WJB","HANKOOK","205/45/17","Pneumatici HANKOOK K127B Ventus S1 Evo3 I* HRS 205/45 R17 88W - Estate 8808563572871"
"8808563573441","B0F6G94FQQ","HANKOOK","275/45/20","275/45YR20 HANKOOK TL K137A* XL (EU) 110Y"
"8808563579139","B0C4XV9VB2","HANKOOK","195/55/15","GOMME PNEUMATICI HANKOOK 195/55 R15 85V H750 KINERGY 4S2 M+S"
"8808563579177","B0C3ZSWJS4","HANKOOK","195/55/16","Pneumatici 195/55 r16 91H 3PMSF Hankook H750 KINERGY 4S 2 Gomme 4 stagioni nuove"
"8808563579207","B0BVFKNT3N","HANKOOK","205/50/17","205/50Wr17 Hankook Tl H750 All Season Xl (Nuovo) 93W"
"8808563579214","B0BXX8PM5J","HANKOOK","195/55/16","Pneumatici 195/55 r16 87V 3PMSF Hankook H750 KINERGY 4S 2 Gomme 4 stagioni nuove"
"8808563579238","B0BYBCTPT7","HANKOOK","175/65/15","Pneumatici 175/65 r15 84H 3PMSF Hankook H750 KINERGY 4S 2 Gomme 4 stagioni rkh2"
"8808563579245","B0BVRHTNX3","HANKOOK","215/50/17","215/50Wr17Hankook Tl H750 All Season Xl (Nuovo) 95W E"
"8808563579269","B0BVFMRFQ2","HANKOOK","205/45/17","205/45Vr17 Hankook Tl H750 All Season Xl (Nuovo) 88V"
"8808563579283","B0BYBFY9TJ","HANKOOK","215/55/17","HANKOOK - 215/55 ZR17 TL 98W KINERGY 4S 2 H750 XL BSW M+S 3PMSF – Pneumatici per tutte le stagioni"
"8808563579290","B0BZ71L3S2","HANKOOK","235/55/17","HANKOOK - 235/55 R17 TL 103W KINERGY 4S 2 H750 XL BSW M+S 3PMSF – Pneumatici per tutte le stagioni"
"8808563579306","B0C3ZY99HB","HANKOOK","165/70/14","GOMME PNEUMATICI HANKOOK 165/70 R14 85T H750 KINERGY 4S2 M+S XL"
"8808563580661","B0DHJLVWQB","HANKOOK","195/65/15","GOMME PNEUMATICI HANKOOK 195/65 R15 95H K425 KINERGY ECO XL"
"8808563580708","B0DXZ4Z1MJ","HANKOOK","235/55/18","GOMME PNEUMATICI HANKOOK 235/55 R18 100V K137 VENTUS S1 EVO 4X"
"8808563581095","B0F6FT45F3","HANKOOK","225/40/19","225/40YR19 HANKOOK TL IK31* XL 93Y"
"8808563588476","B0CCJR3FKK","HANKOOK","255/45/19","255/45WR19 HANKOOK TL K127E S-A T1 XL (NEU) 104W"
"8808563590509","B0BHW4GJP4","HANKOOK","195/65/15","195/65R15 91V HANKOOK K125"
"8808563590608","B0BT9F7S7X","HANKOOK","195/65/15","195/65HR15 HANKOOK TL K125 (nuovo) 91H"
"8808563590721","B0CBKV87TB","HANKOOK","185/65/15","HANKOOK Pneumatico estivo 185/65 R 15 TL 88T KINERGY ECO 2 (K435) BSW (KOR)"
"8808563590745","B0C5DF47DR","HANKOOK","195/55/16","HANKOOK 195/55 R16 87H Estivo Auto"
"8808563593524","B0FP5QC17R","HANKOOK","215/45/20","Pneumatico HANKOOK IW01 215/45 R20 95 H XL"
"8808563593654","B0D4M9LYKK","HANKOOK","255/45/19","GOMME PNEUMATICI HANKOOK 255/45 R19 104V IW01A WINTER I*CEPT ION SOUND XL"
"8808563593678","B0D4M8BX1M","HANKOOK","255/35/21","HANKOOK 255/35 R21 98V Invernale XL Fuoristrada"
"8808563593692","B0D4M81KKW","HANKOOK","255/40/20","HANKOOK 255/40 R20 101V Invernale XL Fuoristrada"
"8808563593838","B0FP5WY5D6","HANKOOK","245/45/20","Pneumatico HANKOOK IW01 245/45 R20 103V XL"
"8808563593852","B0FR7DMYTN","HANKOOK","245/45/19","Pneumatico HANKOOK IW01 245/45 R19 98 V"
"8808563594187","B0FP5R11J4","HANKOOK","275/35/21","HANKOOK - 275/35 ZR21 TL 103Y ION EVO SUV XL Sound ABSORBERBSW – Pneumatici estivi"
"8808563594811","B0FKH6ZW4N","HANKOOK","225/45/18","Pneumatico HANKOOK K135 225/45 R18 95 W XL"
"8808563594835","B0FPFDLC4C","HANKOOK","215/40/17","215/40YR17 HANKOOK TL K135 XL (NUOVO) 87Y"
"8808563596181","B0C3CXGNDP","HANKOOK","195/60/16","195/60VR16 HANKOOK TL K135 (NEU) 89 V"
"8808563596334","B0FR8YZFCW","HANKOOK","215/65/16","Pneumatico HANKOOK RA30 215/65 R16 109/107T"
"8808563596372","B0CHQ6QHD8","HANKOOK","205/65/16","GOMME PNEUMATICI HANKOOK 205/65 R16 107T RA30 VANTRA ST M+S"
"8808563596983","B0C66B9MMD","HANKOOK","215/55/18","GOMME PNEUMATICI HANKOOK 215/55 R18 99V K135 VENTUS PRIME 4 XL"
"8808563602691","B0F6FYXYFH","HANKOOK","255/40/19","255/40VR19 HANKOOK TL IW01 S-A XL 100V"
"8808563602721","B0F6G1DSB5","HANKOOK","235/60/20","235/60VR20 HANKOOK TL IW01A SUV S-A XL 108V"
"8808563602745","B0FP5TW7S8","HANKOOK","275/40/22","HANKOOK - 275/40 R22 TL 107V ION I*CEPT SUV XL BSW M+S 3PMSF – Pneumatici invernali"
"8808563602899","B0F6G9M7BD","HANKOOK","245/40/20","245/40VR20 HANKOOK TL IW01 S-A XL 99V"
"8808563608631","B0F6FYFWDN","HANKOOK","195/60/16","HANKOOK - 195/60 R16 TL 93H WINTER I*CEPT RS3 W462 XL 4PR SBL M+S 3PMSF – Pneumatici invernali"
"8808563608686","B0DHJC4MMT","HANKOOK","185/50/16","GOMME PNEUMATICI HANKOOK 185/50 R16 81H H750 KINERGY 4S2 M+S"
"8808563611600","B0F6NXMCMT","HANKOOK","235/60/18","235/60WR18 HANKOOK TL RA43 XL 107W"
"8808563613161","B0F6FV5P7S","HANKOOK","195/60/16","195/60R16C HANKOOK TL RA58 99H"
"8808563613192","B0F6GHSMPC","HANKOOK","195/75/16","195/75R16C HANKOOK TL RA58 110R"
"8808563613277","B0F6G8XN4W","HANKOOK","215/75/16","215/75R16C HANKOOK TL RA58 116R"
"8808563613284","B0DYS94YFH","HANKOOK","225/65/16","GOMME PNEUMATICI HANKOOK 225/65 R16 112/110R RA58 VANTRA TRANSIT"
"8808563614021","B0DT6MJ7MK","HANKOOK","255/40/21","GOMME PNEUMATICI HANKOOK 255/40 R21 102V K127 VENTUS S1 EVO3 (E) XL"
"8808563615103","B0F6GBJVYV","HANKOOK","275/30/19","275/30ZR19 HANKOOK TL K137 XL 96Y"
"8808563615110","B0F6GGX7ZM","HANKOOK","255/30/19","255/30ZR19 HANKOOK TL K137 XL 91Y"
"8808563615127","B0F68TX9ZX","HANKOOK","275/35/19","HANKOOK K137 VENTUS EVO HANKOOK K137 275/35ZR19 (100Y) XL"
"8808563615134","B0F6FLW3CM","HANKOOK","255/35/19","255/35YR19 HANKOOK TL K137 XL 96Y"
"8808563615165","B0F6955ZQF","HANKOOK","225/35/19","Pneumatici HANKOOK K137 Ventus evo 225/35 R19 88Y - Estate 8808563615165"
"8808563615202","B0F6FTRGG5","HANKOOK","255/40/19","255/40ZR19 HANKOOK TL K137 XL 100Y"
"8808563615264","B0F6FSGXZJ","HANKOOK","245/35/18","245/35ZR18 HANKOOK TL K137 XL 92Y"
"8808563615288","B0F6G54QYZ","HANKOOK","245/40/18","245/40YR18 HANKOOK TL K127 XL 97Y"
"8808563615325","B0F6G63331","HANKOOK","255/45/18","255/45YR18 HANKOOK TL K137 XL 103Y"
"8808563615370","B0F6G8XHT3","HANKOOK","235/45/19","235/45YR19 HANKOOK TL K137 XL 99Y"
"8808563615486","B0F6FT46H2","HANKOOK","285/35/22","285/35ZR22 HANKOOK TL K137A XL 106Y"
"8808563615530","B0DX5WM8SK","HANKOOK","255/40/21","GOMME PNEUMATICI HANKOOK 255/40 R21 102Y K137 VENTUS S1 EVO 4X XL"
"8808563615547","B0F68YJJ56","HANKOOK","265/45/21","265/45ZR21 HANKOOK TL K137A XL 108Y"
"8808563615592","B0F6FLGW64","HANKOOK","245/45/20","245/45ZR20 HANKOOK TL K137A XL 103Y"
"8808563615646","B0F6FTFK7V","HANKOOK","255/55/19","255/55ZR19 HANKOOK TL K137A XL 111W"
"8808563615691","B0F6GK2QD2","HANKOOK","235/55/20","235/55ZR20 HANKOOK TL K137A XL 105W"
"8808563615783","B0F6G638VT","HANKOOK","275/50/21","275/50ZR21 HANKOOK TL K137A XL 113W"
"8808563615806","B0F6FJ5ZGM","HANKOOK","245/50/19","245/50YR19 HANKOOK TL K137 XL 105Y"
"8808563615844","B0F6G2PFJK","HANKOOK","245/40/21","245/40YR21 HANKOOK TL K137 XL 100Y"
"8808563615899","B0F6G2B1SL","HANKOOK","225/35/20","225/35ZR20 HANKOOK TL K137 XL 90Y"
"8808563615936","B0F6G1B86K","HANKOOK","235/30/20","235/30ZR20 HANKOOK TL K137 XL 88Y"
"8808563615967","B0F6FSFGY4","HANKOOK","225/45/17","225/45YR17 HANKOOK TL K137 XL 94Y"
"8808563615981","B0F6G53N2P","HANKOOK","225/50/18","225/50YR18 HANKOOK TL K137A XL 99Y"
"8808563615998","B0F6G5N2CF","HANKOOK","265/30/19","265/30ZR19 HANKOOK TL K137 XL 93Y"
"8808563616391","B0FPFBVYDH","HANKOOK","325/35/22","HANKOOK TL W330A SUV XL 325/35WR22"
"8808563616407","B0F6FTTXNF","HANKOOK","285/45/22","285/45WR22 HANKOOK TL W330A SUV XL 114W"
"8808563627472","B0FTFQMC1B","HANKOOK","195/60/18","195/60HR18 HANKOOK TL H750 ALL SEASON XL 96H"
"8808563627601","B0FTFRP8C9","HANKOOK","245/40/20","245/40YR20 HANKOOK TL H750 ALL SEASON XL 99Y"
"8808563634555","B0GJDBKL47","HANKOOK","255/45/20","HANKOOK 255/45 ZR20 105Y Estivo Fuoristrada"
"8808563634760","B0GS5QGLGX","HANKOOK","295/40/21","295/40ZR21 HANKOOK TL K137A XL 111Y"
"8808563634791","B0GS5PY2NW","HANKOOK","275/35/22","275/35ZR22 HANKOOK TL K137A XL 104Y"
"8808563634883","B0GS5YDYQ7","HANKOOK","305/40/20","HANKOOK TL K137A XL 112Y 305/40ZR20"
"8808563634982","B0GJCK6PFS","HANKOOK","225/45/18","HANKOOK 225/45 ZR18 95Y Estivo Auto"
"8808563634999","B0GS61RX57","HANKOOK","255/40/22","255/40ZR22 HANKOOK TL K137 XL 103Y"
"8808563635040","B0GJD34XDK","HANKOOK","235/50/18","HANKOOK 235/50 ZR18 101Y Estivo Fuoristrada"
"8808563635125","B0GJCF9CVP","HANKOOK","245/45/18","HANKOOK 245/45 ZR18 100Y Estivo Auto"
"8808563635217","B0GJCCH3SS","HANKOOK","255/40/20","HANKOOK 255/40 ZR20 101Y Estivo Auto"
"8848183006868","B0HC6XYZBN","FIREMAX","215/55/16","Firemax XL FM601 215/55 R16 97W Pneumatico Estivo Auto"
"8848183007001","B0HC7GMPPX","FIREMAX","225/45/18","Firemax XL FM601 225/45 R18 95W Pneumatico Estivo Auto"
"8848183007216","B0HC6NQH22","FIREMAX","255/45/18","Firemax 103W XL FM601 255/45 R18 103W Pneumatico Estivo Auto"
"8848183007490","B0HC45JSGY","FIREMAX","245/40/18","Firemax XL FM601 245/40 R18 97W Pneumatico Estivo Auto"
"8859903104078","B0HC7TCK8W","WESTLAKE","225/65/16","WESTLAKE 112/110T 8PR H188 225/65 R16 112T Pneumatico Estivo Auto"
"8859903104412","B0HC7VPY3Y","WESTLAKE","205/45/17","WESTLAKE XL Z-401 4S 205/45 R17 88V Pneumatico 4 Stagioni Auto"
"8859903104672","B0HDJVVMGV","WESTLAKE","225/50/18","WESTLAKE 225/50 R18 TL 95W ALL SEASON ELITE Z-401 M+S 3PMSF"
"8859903104726","B0HDTP5LXH","WESTLAKE","225/60/17","WESTLAKE 225/60 R17 TL 99 V ALL SEASON ELITE Z-401 M+S 3PMSF"
"8859903104801","B0HC4PLXS6","WESTLAKE","235/50/18","WESTLAKE 101W XL Z-401 4S 235/50 R18 101W Pneumatico 4 Stagioni Auto"
"8859903105174","B0GL9RLGDC","GOODRIDE","165/60/14","GOODRIDE 165/60 R14 75H Estivo Auto"
"8859903105204","B0GR1JHD4H","GOODRIDE","165/70/13","GOODRIDE 165/70 R13 79T Estivo Auto"
"8859903105266","B0GL9VT1PP","GOODRIDE","175/65/14","GOODRIDE 175/65 R14 82H Estivo Auto"
"8859903105396","B0H23S17BM","GOODRIDE","185/65/14","GOODRIDE 185/65 R14 86H Estivo Auto"
"8859903105433","B0H23T4X3W","GOODRIDE","185/70/14","GOODRIDE 185/70 R14 88T Estivo Auto"
"8859903105563","B0GR17CVXR","GOODRIDE","195/60/15","GOODRIDE 195/60 R15 88V Estivo Auto"
"8859903105662","B0GDX3FNH2","GOODRIDE","205/45/16","GOODRIDE 205/45 R16 87W Estivo XL Auto"
"8859903105709","B0H23XY13X","GOODRIDE","205/50/16","GOODRIDE 205/50 R16 91V Estivo XL Auto"
"8859903105792","B0GL9P5BJY","GOODRIDE","205/60/16","GOODRIDE 205/60 R16 92V Estivo Auto"
"8859903105877","B0GR1F6W84","GOODRIDE","215/40/18","GOODRIDE 215/40 R18 89W Estivo XL Auto"
"8859903106041","B0H23R5GN6","GOODRIDE","225/40/18","GOODRIDE 225/40 R18 92W Estivo XL Auto"
"8859903106065","B0H2SS1BMS","GOODRIDE","225/45/18","GOODRIDE 225/45 R18 95W Estivo XL Auto"
"8859903106164","B0H2SRSNJR","GOODRIDE","235/40/18","GOODRIDE 235/40 R18 95W Estivo XL Auto"
"8859903106195","B0GR1JF726","GOODRIDE","235/45/18","GOODRIDE 235/45 R18 98W Estivo XL Auto"
"8859903106263","B0H6H31GTF","GOODRIDE","235/60/16","GOODRIDE 235/60 R16 100H Estivo Auto"
"8859903106317","B0GX72XH4B","GOODRIDE","245/35/19","GOODRIDE 245/35 ZR19 93W Estivo XL Auto"
"8859903106508","B0H242FFQJ","GOODRIDE","195/75/16","GOODRIDE 195/75 R16 107/105R Estivo LCamion"
"8859903106553","B0H88BT27V","GOODRIDE","205/70/15","GOODRIDE 205/70 R15 106/104R Estivo LCamion"
"8859903106607","B0GR1DXQ61","GOODRIDE","215/70/15","GOODRIDE 215/70 R15 109/107R Estivo LCamion"
"8859903106638","B0GL9ZZPPH","GOODRIDE","225/70/15","GOODRIDE 225/70 R15 112/110R Estivo LCamion"
"8859903106645","B0GR1G1173","GOODRIDE","225/75/16","GOODRIDE 225/75 R16 118/116R Estivo LCamion"
"8859903106713","B0GR1496QQ","GOODRIDE","165/60/14","GOODRIDE 165/60 R14 79H 4 Stagioni XL Auto"
"8859903106737","B0GR181ZVX","GOODRIDE","165/65/15","GOODRIDE 165/65 R15 81T 4 Stagioni Auto"
"8859903106744","B0H23XBX8X","GOODRIDE","165/70/13","GOODRIDE 165/70 R13 79T 4 Stagioni Auto"
"8859903106775","B0GYBQ3LDX","GOODRIDE","175/65/14","GOODRIDE 175/65 R14 82T 4 Stagioni Auto"
"8859903106782","B0GDXQDSBN","GOODRIDE","175/65/15","GOODRIDE 175/65 R15 84H 4 Stagioni Auto"
"8859903106805","B0H23Y5DKF","GOODRIDE","185/50/16","GOODRIDE 185/50 R16 81H 4 Stagioni Auto"
"8859903106829","B0GLD3Q5VV","GOODRIDE","185/55/15","GOODRIDE 185/55 R15 82H 4 Stagioni Auto"
"8859903106836","B0GLB9F92Q","GOODRIDE","185/55/16","GOODRIDE 185/55 R16 87H 4 Stagioni XL Auto"
"8859903106843","B0GDWXKJBY","GOODRIDE","185/60/14","GOODRIDE 185/60 R14 82H 4 Stagioni Auto"
"8859903106850","B0GLB5YJDQ","GOODRIDE","185/60/15","GOODRIDE 185/60 R15 88H 4 Stagioni XL Auto"
"8859903106867","B0GLDP3NRV","GOODRIDE","185/65/14","GOODRIDE 185/65 R14 86H 4 Stagioni Auto"
"8859903106898","B0GX272PDZ","GOODRIDE","195/50/15","GOODRIDE - 195/50 R15 TL 82 V ALLSEASON ELITE Z-401 FSL M+S3PMSF – Pneumatici per tutte le stagioni"
"8859903106935","B0GLB281VV","GOODRIDE","195/65/15","GOODRIDE 195/65 R15 91V 4 Stagioni Auto"
"8859903106966","B0GR1JKLRM","GOODRIDE","205/45/17","GOODRIDE 205/45 R17 88V 4 Stagioni XL Auto"
"8859903106973","B0GX25ZZV8","GOODRIDE","205/50/17","GOODRIDE - 205/50 R17 TL 93 V ALLSEASON ELITE Z-401 XL FSLM+S 3PMSF – Pneumatici per tutte le stagioni"
"8859903106997","B0GL9VBVVW","GOODRIDE","205/55/16","GOODRIDE 205/55 R16 94V 4 Stagioni XL Auto"
"8859903107000","B0GDXM7GPK","GOODRIDE","205/55/17","GOODRIDE 205/55 R17 95V 4 Stagioni XL Auto"
"8859903107024","B0H6GZJ9V5","GOODRIDE","205/65/15","GOODRIDE 205/65 R15 94H 4 Stagioni Auto"
"8859903107031","B0GL9YXFVK","GOODRIDE","215/40/17","GOODRIDE 215/40 R17 87W 4 Stagioni XL Auto"
"8859903107079","B0GDXH4G8H","GOODRIDE","215/50/17","GOODRIDE 215/50 R17 95W 4 Stagioni XL Auto"
"8859903107086","B0GDXJXGRY","GOODRIDE","215/55/16","GOODRIDE 215/55 R16 97V 4 Stagioni XL Auto"
"8859903107093","B0GDX4HSZD","GOODRIDE","215/55/17","GOODRIDE 215/55 R17 98V 4 Stagioni XL Auto"
"8859903107116","B0GDXC2XSR","GOODRIDE","215/60/16","GOODRIDE 215/60 R16 99V 4 Stagioni XL Auto"
"8859903107123","B0GLB2FHLF","GOODRIDE","215/60/17","GOODRIDE 215/60 R17 96H 4 Stagioni Auto"
"8859903107147","B0GDXK11S9","GOODRIDE","215/65/17","GOODRIDE 215/65 R17 99V 4 Stagioni Auto"
"8859903107154","B0GLD7DR6S","GOODRIDE","215/70/16","GOODRIDE 215/70 R16 100H 4 Stagioni Auto"
"8859903107161","B0H23YMJ4L","GOODRIDE","225/35/19","GOODRIDE 225/35 R19 88W 4 Stagioni Auto"
"8859903107178","B0H23V646J","GOODRIDE","225/40/18","GOODRIDE 225/40 R18 92W 4 Stagioni XL Auto"
"8859903107208","B0GLB4T4S4","GOODRIDE","225/45/18","GOODRIDE 225/45 R18 95W 4 Stagioni XL Auto"
"8859903107239","B0GL9NYF9B","GOODRIDE","225/55/16","GOODRIDE 225/55 R16 99V 4 Stagioni XL Auto"
"8859903107253","B0GDXNVLQ8","GOODRIDE","225/55/18","GOODRIDE 225/55 R18 98V 4 Stagioni Auto"
"8859903107260","B0GR1FZFFY","GOODRIDE","225/55/19","GOODRIDE 225/55 R19 99V 4 Stagioni Auto"
"8859903107277","B0GL9KZ3NN","GOODRIDE","225/60/17","GOODRIDE 225/60 R17 99V 4 Stagioni Auto"
"8859903107291","B0GLCWTFPV","GOODRIDE","235/35/19","GOODRIDE 235/35 R19 91W 4 Stagioni Auto"
"8859903107307","B0H883WTBL","GOODRIDE","235/40/18","GOODRIDE 235/40 R18 95W 4 Stagioni XL Auto"
"8859903107338","B0GDY65B25","GOODRIDE","235/45/18","GOODRIDE 235/45 R18 98W 4 Stagioni XL Auto"
"8859903107345","B0GL9QSFTM","GOODRIDE","235/45/19","GOODRIDE 235/45 R19 99W 4 Stagioni XL Auto"
"8859903107352","B0GX7C3J8R","GOODRIDE","235/50/18","GOODRIDE - 235/50 R18 TL 101W ALLSEASON ELITE Z-401 XL FSLM+S 3PMSF – Pneumatici per tutte le stagioni"
"8859903107369","B0H23V9RZ5","GOODRIDE","235/50/19","GOODRIDE 235/50 R19 99V 4 Stagioni Auto"
"8859903107376","B0GDXB7P2X","GOODRIDE","235/55/17","GOODRIDE 235/55 R17 103W 4 Stagioni XL Auto"
"8859903107420","B0GDXQ9YP2","GOODRIDE","235/60/18","GOODRIDE 235/60 R18 107V 4 Stagioni XL Auto"
"8859903107437","B0GR1PMVLD","GOODRIDE","245/40/18","GOODRIDE 245/40 R18 97W 4 Stagioni XL Auto"
"8859903107444","B0GQZXKZHR","GOODRIDE","245/40/19","GOODRIDE 245/40 R19 98W 4 Stagioni XL Auto"
"8859903107451","B0GX7BD1DH","GOODRIDE","245/45/17","GOODRIDE - 245/45 R17 TL 99W ALLSEASON ELITE Z-401 XL FSLM+S 3PMSF – Pneumatici per tutte le stagioni"
"8859903107468","B0H23W1JWX","GOODRIDE","245/45/18","GOODRIDE 245/45 R18 100W 4 Stagioni XL Auto"
"8859903107482","B0H243KP8P","GOODRIDE","255/35/19","GOODRIDE 255/35 R19 96W 4 Stagioni XL Auto"
"8859903107499","B0H247D4R2","GOODRIDE","255/50/19","GOODRIDE 255/50 R19 107V 4 Stagioni XL Auto"
"8859903107505","B0H23YBGLQ","GOODRIDE","255/55/19","GOODRIDE 255/55 R19 111V 4 Stagioni XL Auto"
"8859903107512","B0H23YLQ7F","GOODRIDE","265/45/20","GOODRIDE 265/45 R20 108W 4 Stagioni XL Auto"
"8859903107529","B0GYBCMWMX","GOODRIDE","215/65/15","GOODRIDE 215/65 R15 96H 4 Stagioni Auto"
"8859903107543","B0H241LSH4","GOODRIDE","185/75/16","GOODRIDE 185/75 R16 104/102Q 4 Stagioni LCamion"
"8859903107550","B0H23Z28H4","GOODRIDE","195/60/16","GOODRIDE 195/60 R16 99/97T 4 Stagioni LCamion"
"8859903107567","B0GZDGGF5V","GOODRIDE","195/65/16","GOODRIDE 195/65 R16 104/102T 4 Stagioni LCamion"
"8859903107574","B0H23ZX38P","GOODRIDE","195/70/15","GOODRIDE 195/70 R15 104/102R 4 Stagioni LCamion"
"8859903107581","B0GL9N6P9Y","GOODRIDE","205/65/16","GOODRIDE 205/65 R16 107/105T 4 Stagioni LCamion"
"8859903107604","B0H243J6MD","GOODRIDE","205/75/16","GOODRIDE 205/75 R16 110/108Q 4 Stagioni LCamion"
"8859903107611","B0H6GS58V3","GOODRIDE","215/65/16","GOODRIDE 215/65 R16 109/107R 4 Stagioni LCamion"
"8859903107628","B0H23QNQ9F","GOODRIDE","215/70/15","GOODRIDE 215/70 R15 109/107R 4 Stagioni LCamion"
"8859903107635","B0H23Y43QC","GOODRIDE","215/75/16","GOODRIDE 215/75 R16 113/111Q 4 Stagioni LCamion"
"8859903107659","B0H2466FGY","GOODRIDE","225/70/15","GOODRIDE 225/70 R15 112/110R 4 Stagioni LCamion"
"8859903107673","B0H243QNVB","GOODRIDE","195/75/16","GOODRIDE 195/75 R16 110/108R 4 Stagioni LCamion"
"3286341323818","B08R1668C3","BRIDGESTONE","285/40/21","BRIDGESTONE 285/40 R21 109H ALENZA 001 XL"
"3286342091211","B0F44GMPTZ","BRIDGESTONE","195/70/15","BRIDGESTONE 195/70 R15 104/102R Invernale LCamion"
"3286342121413","B0F44GVJMQ","BRIDGESTONE","215/50/18","BRIDGESTONE 215/50 R18 92V Invernale Auto"
"3286342384016","B0F44KHPBT","BRIDGESTONE","205/65/16","BRIDGESTONE 205/65 R16 99H Invernale XL Auto"
"3286342927411","B0DXVGCHQS","BRIDGESTONE","265/30/19","Bridgestone POTENZA SPORT - 265/30 R19 93Y XL - A/B/71 - Pneumatici estivi (per auto e SUV/4x4)"
"3528700450651","B096B7GSBG","MICHELIN","275/40/20","Pneumatico Estate Michelin PILOT SPORT 4 275/40RF20 102Y ZP"
"3528700543896","B0D8K9F2Z1","MICHELIN","215/60/17","Pneumatico Inverno Michelin ALPIN 7 215/60R17 100H XL"
"3528701398754","B0D4M9SRRS","MICHELIN","235/60/18","Pneumatico Estate Michelin LATITUDE TOUR HP 235/60R18 103V"
"3528702419298","B01N2456BS","MICHELIN","295/30/19","Michelin PS4 S XL 295/30/R 19 100 Y - Pneumatico Estivo - B/C/75"
"3528702626429","B0747LW8T1","MICHELIN","255/45/20","Pneumatico Estate Michelin LATITUDE SPORT 3 255/45R20 105V XL ACOUSTIC"
"3528702784150","B09SLJ1BD4","MICHELIN","235/65/17","Pneumatico Estate Michelin PILOT SPORT 4 SUV 235/65R17 108W XL"
"3528702942161","B0FDBHV7Z8","MICHELIN","225/40/19","Pneumatico All season Michelin CROSSCLIMATE 3 SPORT 225/40R19 93Y XL"
"3528704086603","B077KYQJ8B","MICHELIN","295/35/20","Pneumatico Estate Michelin PILOT SPORT 4 S 295/35ZR20 (105Y) XL"
"3528706038013","B07CZM4V58","MICHELIN","205/65/16","Pneumatico All season Michelin AGILIS CROSSCLIMATE 205/65R16C 107/105T"
"3528706510717","B09V5VY9QY","MICHELIN","285/35/19","Pneumatico Estate Michelin PILOT SPORT CUP 2 R 285/35ZR19 (103Y) XL"
"4019238026078","B09JCZG6Y2","CONTINENTAL","255/45/21","255/45VR21 CONTI TL CROSS RX NE0 FR XL 106V *E*"
"4019238042887","B093LRBM5X","CONTINENTAL","265/35/22","CONTINENTAL 265/35 R22 102Y Estivo XL Auto"
"4019238054682","B095L7YCC5","CONTINENTAL","245/40/18","CONTINENTAL - WinterContact TS 870 P - 245/40 R 18-97W/C/B/71dB - Pneumatico invernale"
"4019238066180","B09V5TNNB5","CONTINENTAL","215/55/17","CONTINENTAL - UltraContact - 215/55 R 17-94V/B/A/69dB - Pneumatico estivo"
"4019238079029","B0BVFKW8N5","CONTINENTAL","275/40/21","CONTINENTAL - PremiumContact 7-275/40 R 21-107Y/C/A/72dB - Pneumatico estivo"
"4019238089547","B0D7P3D5D9","CONTINENTAL","285/40/23","CONTINENTAL 285/40 R23 107Y Estivo Auto"
"4019238089585","B0D4M14XYZ","CONTINENTAL","285/45/22","285/45YR22 CONTI TL ECO 6 Q MO CSi FR XL lul 2024 114Y"
"4019238091007","B0CL55W6DV","CONTINENTAL","255/45/20","CONTINENTAL - CrossContact H/T - 255/45 R 20-105W/C/C/72dB - Tutte le stagioni"
"4019238295351","B0F44RPW14","CONTINENTAL","265/45/20","265/45YR20 CONTI TL ALLSEASONCONTACT 2 FR XL 108Y"
"4019238393415","B0CHTSTKQH","CONTINENTAL","215/55/18","215/55VR18 CONTI TL Ultracontact Nxt Crm Fr Xl 99V"
"4019238403169","B0CBG77MHG","CONTINENTAL","225/45/18","CONTINENTAL - SportContact 7-225/45 R 18-95Y/C/A/72dB - Pneumatico estivo"
"4019238685541","B016KAMH9K","CONTINENTAL","325/25/21","CONTINENTAL SportContact 6 XL - 325/25/21 102(Y - E/A/75dB - Pneumatico Estivi (Autovetture)"
"4024068000860","B07D8HZ8YZ","UNIROYAL","225/55/16","Gomme Uniroyal Allseasonexpert 2 225/55R16 99V TL 4 stagioni per Auto"
"4024068001935","B09J9MNDN3","UNIROYAL","235/45/17","UNIROYAL Pneumatici invernali M+S 3PMSF 235/45 R17 97V XL"
"4024068005926","B0CWTYPQ6W","UNIROYAL","205/65/15","GOMME PNEUMATICI UNIROYAL 205/65 R15 102/100T RAIN MAX 5"
"4038526421654","B0FVFXQGPJ","DUNLOP","235/60/18","235/60R18 107W XL Dunlop All Season 2"
"5420068624522","B01M5JJRYZ","IMPERIAL","195/60/15","IMPERIAL 195/60 R15 88H Invernale Auto"
"5420068628124","B07LDCWJSB","IMPERIAL","185/60/15","IMPERIAL 185/60 R15 88H 4 Stagioni XL Auto"
"5420068635009","B0BT13R8RS","IMPERIAL","215/65/17","IMPERIAL 215/65 R17 103V 4 Stagioni XL Auto"
"5420068646173","B089RND53K","FORTUNA","165/60/15","Fortuna Fortuna EcoPlus 4S 165/60 R15 81T Pneumatici per tutte le stagioni GTAM T276128 senza cerchione"
"5420068654949","B09WTGXH4Z","ATLAS","215/35/18","ATLAS 215/35 R18 84W Estivo XL Auto"
"5420068658756","B0F68YHTDD","ATLAS","205/55/16","Pneumatici ATLAS GREEN HP 205/55 R16 94V - Estate 5420068658756"
"5420068675593","B0D7P4GRL8","FORTUNA","225/45/19","FORTUNA 225/45 R19 96Y Estivo XL Fuoristrada"
"5420068677481","B0DMTTWFYQ","SUPERIA","225/55/19","SUPERIA 225/55 R19 99W 4 Stagioni Auto"
"5420068679256","B0F68KMX1V","FORTUNA","255/40/19","Pneumatici FORTUNA ECOPLUS2 4S 255/40 R19 100W - 4 Stagioni 5420068679256"
"5420068688364","B099S3NHV7","SUPERIA","255/45/18","SUPERIA - 255/45 R18 TL 103W ECOBLUE UHP XL BSW – Pneumatici estivi"
"6927116199593","B00V8KE5TS","GOODRIDE","275/55/20","Goodride SU318 H/T (275/55 R20 117V XL)"
"6938112620820","B084WS27ML","GOODRIDE","215/65/16","GOODRIDE 215/65 R16 98V Estivo Auto"
"6938112622497","B0916QQ5PL","WESTLAKE","185/60/15","WEST LAKE 185/60 R15 ALL SEASON Z-401 M+S 88H ALLSEASON CC73 Cod:95632"
"6971901475096","B07QYKMTNF","FIREMAX","255/40/19","Pneumatici estivi FIREMAX 255/40 R19 100W FM601 XL"
"8019227247985","B01N5LYWF7","PIRELLI","225/55/17","Pirelli Winter Sottozero 3 M+S - 225/55R17 97H - Pneumatico Invernale"
"8019227255430","B01IK3J5SQ","PIRELLI","245/35/20","Pirelli P-Zero XL FSL - 245/35R20 95Y - Pneumatico Estivo"
"8019227281484","B074QX3X7N","PIRELLI","305/30/20","PIRELLI 305/30 R20 103W Invernale XL Auto"
"8019227282252","B0747QB251","PIRELLI","295/45/20","Pirelli P Zero FSL - 295/45R20 110Y - Pneumatico Estivo"
"8019227285888","B07YYQMTJQ","PIRELLI","285/40/20","PIRELLI 285/40 R20 108H Estivo XL Auto"
"8019227297980","B077P5LP59","PIRELLI","245/40/20","Gomme Pirelli Pzero pz4 luxury saloon 245/40R20 99Y TL Estive per Auto"
"8019227327588","B099S3478F","PIRELLI","235/55/18","235/55VR18 PIRELLI TL SCORPION S-I (EU)100V E"
"8019227347104","B07NSV786V","PIRELLI","265/40/21","PIRELLI 265/40 R21 101Y Estivo Auto"
"8019227347302","B07PDZWSWJ","PIRELLI","265/45/20","PIRELLI 265/45 R20 104Y Estivo Fuoristrada"
"8019227356601","B07N1V2GC7","PIRELLI","275/50/20","Pirelli Scorpion ATR XL FSL M+S - 275/50R20 113V - Pneumatico Estivo"
"8019227374629","B07WPFTYPX","PIRELLI","255/60/20","PIRELLI 255/60 R20 SCO.ZERO4S(LR(XL(M+S 113V ALLSEASON AC70 Cod:46703"
"8019227379792","B08V8ZLHZY","PIRELLI","285/35/22","PIRELLI 285/35 R22 106Y SCORPION ZERO ALL SEASON XL (T0) NCS ELT"
"8019227410372","B0FR8TQ4HK","PIRELLI","285/40/19","PIRELLI 285/40 R19 107V Estivo XL Auto"
"8019227417067","B0BVFL65F3","PIRELLI","315/35/22","315/35Yr22 Pirelli Tl P-Zero"
"8019227444353","B0F6GLWLKV","PIRELLI","285/35/20","PIRELLI 285/35 R20 104W Invernale XL Auto"
"8019227451795","B0FK42XPD9","PIRELLI","255/60/18","PIRELLI 255/60 R18 112V 4 Stagioni XL Fuoristrada"
"8019227466379","B0GLDHQFHV","PIRELLI","245/40/18","PIRELLI 245/40 R18 97Y Estivo XL Auto"
"8019227466706","B0H4RCGVP3","PIRELLI","275/30/20","PIRELLI XL P-Zero (PZ4) R-F (*)(MOE) 275/30 R20 97Y Pneumatico Estivo Auto"
"8808563421957","B0844PPLZ9","HANKOOK","285/40/22","Hankook 75664 Pneumatico 285/40 R22 110Y Ventus S1 Evo 3 Suv K127A Xl Ao, Audi"
"8808563453538","B07PNRKTZ7","HANKOOK","245/45/17","HANKOOK - 245/45 R17 TL 99 V WINTER I*CEPT EVO2 W320B XL HRSM+S 3PMSF – Pneumatici invernali"
"8808563479620","B08KS8BM1M","HANKOOK","235/60/18","Hankook Winter i*cept evo3 X W330A SUV XL M+S 3PMSF – 235/60 R18 107H – Pneumatici invernali"
"8808563507804","B08Z1YMQFR","HANKOOK","225/50/17","225/50VR17 HANKOOK TL H750 ALL SEASON XL 98V *E*"
"8808563531472","B0B979FBHZ","HANKOOK","205/55/16","HANKOOK - 205/55HR16 TL W462, NEU 91H"
"8808563555058","B0BRCHC5JN","HANKOOK","235/50/18","Pneumatici 235/50 r18 101V Hankook H750A KINERGY 4S 2 X Gomme 4 stagioni nuove"
"8808563615868","B0F6G4DXTS","HANKOOK","255/30/20","255/30ZR20 HANKOOK TL K137 XL 92Y"
"8808563634746","B0GS5XSZ45","HANKOOK","285/45/21","285/45ZR21 HANKOOK TL K137A XL 113Y"
"8848183006653","B0HC4L198T","FIREMAX","205/45/17","Firemax XL FM601 205/45 R17 88W Pneumatico Estivo Auto"
"8859903106928","B0GDXLHBWT","GOODRIDE","195/60/15","GOODRIDE 195/60 R15 88V 4 Stagioni Auto"
"3286342124315","B0FV4ZD1FT","BRIDGESTONE","195/55/20","195/55 R20 95W XL Blizzak 6 enlite"
"4038526040916","B09134ZCYS","DUNLOP","215/60/17","215/60R17 96H WIN SPORT 5 SUV"
"8019227433647","B0F6KXSS5G","PIRELLI","285/40/22","285/40R22 106Y PZero 5 (PZ5) (MO)"
"8019227454178","B0F6H8QS57","PIRELLI","225/45/19","225/45R19 96Y XL Cinturato (C3)"
"8019227456462","B0FQ54MKHY","PIRELLI","235/55/17","235/55R17 103V XL Cint.Winter 3"
"3528707976925","B0C578C67N","MICHELIN","285/35/21","MICHELIN 285/35 R21 108Y P.SPORT 4 S XL MO1(MERCEDES)"
"8019227237771","B00NWIW8LG","PIRELLI","255/30/20","Pirelli P Zero Corsa Asimm. 2 XL FSL - 255/30R20 92T - Pneumatico Estivo"
"4019238093810","B0BXZ24KYX","CONTINENTAL","285/30/20","CONTINENTAL - WinterContact TS 870 P - 285/30 R 20-99W/C/B/75dB - Pneumatico invernale"
"8019227328738","B07B5BPHNW","PIRELLI","275/35/22","PIRELLI 275/35 ZR22 104Y Estivo XL Auto"
"4019238716634","B01NB191NE","CONTINENTAL","255/45/22","CONTINENTAL 255/45 R22 107Y Estivo XL Auto"
"8019227221916","B079RH5KVL","PIRELLI","295/35/20","PIRELLI 295/35 R20 105Y Estivo XL Auto"
"4019238716641","B07T7LXGM4","CONTINENTAL","285/45/21","CONTINENTAL CONTISPORTCONTACT 5 CONTISEAL 285/45 R21 113Y BMW XL"
"4019238807950","B0723F3B9R","CONTINENTAL","275/30/20","Continental WinterContact TS 850 P XL FR M+S - 275/30R20 97W - Pneumatico Invernale"
"4019238077957","B0C2QS8TLS","CONTINENTAL","285/30/22","CONTINENTAL - SportContact 7-285/30 ZR 22-101Y/C/A/75dB - Pneumatico estivo"
"4019238624847","B00V8KN5QC","CONTINENTAL","325/35/22","Continental ContiSportContact 5P - 325/35 R22 110Y - E/A/74dB - Pneumatico estivo"
"8019227241327","B00D03YCR6","PIRELLI","265/30/20","Pirelli Winter Sottozero 3 XL FSL M+S - 265/30R20 94W - Pneumatico Invernale"
"8019227251623","B06XY322BX","PIRELLI","305/30/20","PNEUMATICO ESTIVO PIRELLI - 305/30 ZR20 TL 99Y PI P-ZERO (J)"
"8019227256024","B01LIB1BG6","PIRELLI","305/30/20","Pirelli P Zero - 305/30/R20 103Y - C/A/71 - Pneumatico Estivos"
"8019227263442","B077L23N21","PIRELLI","315/35/21","PIRELLI 315/35 R21 111Y Estivo XL Fuoristrada"
"4019238003772","B07FK1VW4P","CONTINENTAL","245/35/21","Continental WinterContact TS 860 S XL FR M+S - 245/35R21 96W - Pneumatico Invernale"
"4019238093551","B0CB1WSDGB","CONTINENTAL","285/35/22","CONTINENTAL - WinterContact TS 870 P - 285/35 R 22-106V/C/B/74dB - Pneumatico invernale"
"3528703296362","B0C813YN6B","MICHELIN","245/40/21","245/40Yr21 Michelin Tl Ps S 5 (Eu) 96Y"
"4019238624830","B00V8KN3YQ","CONTINENTAL","285/40/22","Continental SportContact 5 P FR - 285/40R22 106Y - Pneumatico Estivo"
"4019238568042","B0080AUFLQ","CONTINENTAL","275/40/22","Continental CrossContact Winter XL FR M+S - 275/40R22 108V - Pneumatico Invernale"
"8019227214819","B0080AWC1M","PIRELLI","325/25/21","Pirelli PZERO XL TL - 325/25/R21 102Y - F/A/75dB - Pneumatico Estivo"
"4019238078787","B0C2QS99W3","CONTINENTAL","285/35/22","CONTINENTAL - SportContact 7-285/35 ZR 22-106Y/C/A/73dB - Pneumatico estivo"
"4019238651676","B00LNDXCX0","CONTINENTAL","275/40/22","Continental CrossContact LX Sport XL FR M+S - 275/40R22 108Y - Pneumatico Estivo"
"4019238754070","B01LXP6XIV","CONTINENTAL","295/35/23","Continental SportContact 6 XL FR - 295/35R23 108Y - Pneumatico Estivo"
"3528704407088","B073RDMMN1","MICHELIN","285/35/20","Pneumatico Estate Michelin PILOT SPORT 3 285/35ZR20 (104Y) XL"
"4019238098662","B0C6MZMX6G","CONTINENTAL","265/35/21","CONTINENTAL - SportContact 7-265/35 ZR 21-101Y/C/B/73dB - Pneumatico estivo"
"3528709643498","B00HSM43ZQ","MICHELIN","315/35/20","Michelin LATITUDE SPORT 3 XL 315/35/R20 110 W - Pneumatico All Season - A/C/70"
"4019238317800","B0F44V2N51","CONTINENTAL","285/45/21","285/45ZR21 CONTI TL SC-5P MO FR 109Y"
"4019238716795","B01CD7MGFY","CONTINENTAL","285/35/21","Continental SportContact 5 P XL FR - 285/35R21 105Y - Pneumatico Estivo"
"8019227205954","B0077I08MI","PIRELLI","305/30/20","Pirelli P Zero - 305/30/R20 103Y - E/A/74 - Pneumatico Estivos"
"4019238078855","B0C2QRSZFF","CONTINENTAL","265/35/22","CONTINENTAL - SportContact 7-265/35 ZR 22-102Y/C/A/72dB - Pneumatico estivo"
"4019238591163","B009B5ZK8W","CONTINENTAL","275/45/21","Continental CrossContact Winter XL FR M+S - 275/45R21 110V - Pneumatico Invernale"
"4019238563122","B00CJFZEKU","CONTINENTAL","315/35/20","Continental Conti Sport Contact 5 - 315/35/R20 110W - C/B/74 - Pneumatico Estivos (4x4)"
"8019227271089","B01MAXYYPY","PIRELLI","275/45/21","Pirelli Scorpion Winter FSL M+S - 275/45R21 107V - Pneumatico Invernale"
"8019227217995","B008JPY87O","PIRELLI","265/45/20","Pirelli Scorpion Winter XL FSL M+S - 265/45R20 108V - Pneumatico Invernale"
"3528706492952","B01N6SQSV6","MICHELIN","255/45/20","Michelin PS4 S XL 255/45/R 20 105 Y - Pneumatico Estivo - B/C/75"
"8019227231526","B076YZF3M3","PIRELLI","295/35/20","Pneumatici Estivi Pirelli Pzero 295/35 R20 105Y"
"3528704334605","B00HSM3L9A","MICHELIN","295/35/21","Michelin LATITUDE SPORT 3 N1 XL 295/35/R21 107 Y - Pneumatico All Season - A/C/72"
"8019227173796","B0043QUIG8","PIRELLI","305/30/19","Pirelli P Zero - 305/30/R19 102Y - F/A/74 - Pneumatico Estivos"
"4019238058482","B0C4XRJSB7","CONTINENTAL","275/40/21","Pneumatici 275/40 r21 107Y RFT * Continental PremiumContact 6 Gomme estive nuove"
"4038526102911","B0CBW26BR9","GOODYEAR","255/35/20","GOODYEAR 255/35 R20 100V Invernale XL Auto"
"8019227263435","B07D9Q6FQ8","PIRELLI","285/40/21","Pneumatici Estivi Pirelli Pzero N0 285/40 R21 109Y"
"4019238075915","B0CBCMH4RH","CONTINENTAL","285/40/20","CONTINENTAL - SportContact 7-285/40 ZR 20-108Y/C/A/73dB - Pneumatico estivo"
"8019227163926","B06XY1V26T","PIRELLI","285/30/20","PNEUMATICO ESTIVO PIRELLI - 285/30 ZR 20 P ZERO XL (99Y)"
"8019227220476","B00XNNOQHY","PIRELLI","295/40/20","Pirelli Scorpion Verde All Season FSL M+S - 295/40R20 106V - Pneumatico Estivo"
"8019227250183","B00VUF027K","PIRELLI","265/40/19","Pirelli P-Zero FSL - 265/40R19 98Y - Pneumatico Estivo"
"8019227256031","B01HRJG24E","PIRELLI","245/30/20","Pirelli P-Zero XL FSL - 245/30R20 90Y - Pneumatico Estivo"
"8019227215489","B00JK9WYOC","PIRELLI","245/30/20","Pirelli P Zero XL FSL - 245/30R20 90Y - Pneumatico Estivo"
"3528702885437","B01CD7I9PA","MICHELIN","275/35/19","Michelin PRIMACY 3 ZP * MOE XL 275/35/R19 100 Y - Pneumatico Estivo - A/C/71"
"8019227173789","B06XW5T3WF","PIRELLI","295/30/19","GOMME PNEUMATICI PZERO (N2) XL 295/30 R19 100Y PIRELLI"
"3286342058412","B0BQ7GJSKK","BRIDGESTONE","315/35/20","Bridgestone TURANZA 6 ENLITEN - 315/35 R20 110Y XL - A/B/71 - Pneumatici estivi (per auto e SUV/4x4)"
"4019238780789","B07T829MC5","CONTINENTAL","275/40/22","CONTINENTAL CONTICROSSCONTACT LX SPORT 275/40 R22 108Y XL M+S"
"8019227244113","B0FK45CWTQ","PIRELLI","245/35/20","Pneumatici Estivi 245/35/20 95 Y PIRELLI PZERO PZ4 SP.CAR F02"
"3528708368194","B0C814TSMT","MICHELIN","255/45/20","Pneumatico Estate Michelin PILOT SPORT 4 SUV 255/45R20 105W XL"
"8019227343236","B07PM1VLG5","PIRELLI","275/40/22","Pneumatici Estivi 275/40 YR22 TL 108Y PI SCZERO A/S (LR) XL NCS PIRELLI"
"8019227245097","B01L5AO2UC","PIRELLI","275/40/22","Pirelli Scorpion Verde All Season XL FSL M+S - 275/40R22 108T - Pneumatico Estivo"
"4019238092776","B0BR5J9DNY","CONTINENTAL","265/40/21","CONTINENTAL - SportContact 7-265/40 ZR 21-101Y/B/A/72dB - Pneumatico estivo"
"3528705410681","B01M25XAT9","MICHELIN","235/35/20","Michelin PS4 S N0 XL 235/35/R 20 92 Y - Pneumatico Estivo - B/E/71"
"4019238751116","B0755XGDLR","CONTINENTAL","285/30/19","PNEUMATICO INVERNALE CONTINENTAL - 285/30 VR19 TL 98V CO TS830P XL"
"4038526069511","B0BSV96CGW","GOODYEAR","255/40/20","255/40Wr20 Goodyear Tl Ug Performance 3 Fp Xl 101W"
"4019238078923","B0BZQHGSP6","CONTINENTAL","255/40/21","CONTINENTAL - SportContact 7-255/40 ZR 21-102Y/C/A/73dB - Pneumatico estivo"
"4019238528091","B06XNMM13K","CONTINENTAL","295/40/21","GOMME PNEUMATICI SPORTCONTACT 5 SUV (MO) XL 295/40 R21 111Y CONTINENTAL"
"3528704687527","B00IJROSKO","MICHELIN","255/45/19","Michelin ALPIN PA4 N1 GRNX 255/45/R19 100 V - Pneumatico Estivo - C/C/71"
"3528707640710","B01N7OGB5Q","MICHELIN","235/35/20","Michelin PS4 S XL 235/35/R 20 92 Y - Pneumatico Estivo - B/C/75"
"8019227236132","B00ARV2VHC","PIRELLI","295/30/20","Pirelli P Zero XL FSL - 295/30R20 101Y - Pneumatico Estivo"
"8019227239027","B00BW7AU1E","PIRELLI","285/30/19","Pirelli P Zero - 285/30/R19 98Y - F/B/74 - Pneumatici tutte stagioni"
"3528700859911","B0BD14G39N","MICHELIN","265/45/20","MICHELIN 265/45 R20 108Y CROSSCLIMATE 2 SUV XL"
"8019227220599","B01N19AHCK","PIRELLI","295/40/20","GOMME PNEUMATICI PZERO (N0) 295/40 R20 106Y PIRELLI"
"8019227260342","B074QWJWJX","PIRELLI","255/55/19","Pirelli Scorpion Winter XL FSL M+S - 255/55R19 111V - Pneumatico Invernale"
"4019238084160","B0C28MTC5X","CONTINENTAL","265/55/19","CONTINENTAL - WinterContact TS 870 P - 265/55 R 19-109H/C/B/71dB - Pneumatico invernale"
"8019227242300","B016D7IAGE","PIRELLI","285/40/21","Pirelli Scorpion Verde XL - 285/40R21 109Y - Pneumatico Estivo"
"8019227286137","B077KZRSDC","PIRELLI","265/40/21","Gomme Pirelli Pzero 265/40ZR21 (105Y) TL Estive per Auto"
"8019227291001","B06WP2612T","PIRELLI","245/35/21","Pirelli P-Zero XL FSL - 245/35R21 96Y - Pneumatico Estivo"
"3528702427811","B06XY3V37X","MICHELIN","285/30/19","PNEUMATICO ESTIVO MICHELIN - 285/30 ZR19 TL 98Y MI SUPER SPORT MO1"
"4038526360199","B0CH3QF7VY","GOODYEAR","235/50/19","GOODYEAR 235/50 R19C 111/109T ULTRAGRIP CARGO WINTER"
"8019227276435","B07BGDF9SQ","PIRELLI","255/35/21","Pirelli P-Zero XL FSL - 255/35R21 98Y - Pneumatico Estivo"
"8019227264920","B01ABRSL6G","PIRELLI","265/45/20","Pirelli P Zero XL FSL - 265/45R20 108Y - Pneumatico Estivo"
"8019227271362","B0755X169M","PIRELLI","275/40/18","PNEUMATICO INVERNALE PIRELLI - 275/40 R18 TL 103V WINTER SOTTOZERO3 M+S XL"
"8019227207477","B008RLSIDK","PIRELLI","275/40/18","Pirelli Cinturato P7 FSL - 275/40R18 99Y - Pneumatico Estivo"
"3286342606712","B0BQ7G3M8L","BRIDGESTONE","275/35/22","Bridgestone TURANZA 6 ENLITEN - 275/35 R22 104Y XL - A/B/71 - Pneumatici estivi (per auto e SUV/4x4)"
"4019238094497","B0C9KLTGVG","CONTINENTAL","245/40/20","CONTINENTAL 245/40 R20 99V Estivo XL Auto"
"8019227212846","B00ARV359A","PIRELLI","255/40/20","Pirelli Cinturato P7 All Season XL FSL M+S - 255/40R20 101V - Pneumatico Estivo"
"3286342058917","B0BQ7JV4DQ","BRIDGESTONE","295/40/21","Bridgestone TURANZA 6 ENLITEN - 295/40 R21 111Y XL - A/A/71 - Pneumatici estivi (per auto e SUV/4x4)"
"4019238675337","B00V8L1B6C","CONTINENTAL","245/35/19","Continental WinterContact TS 830 P XL FR M+S - 245/35R19 93W - Pneumatico Invernale"
"8019227215298","B008RLSEWA","PIRELLI","265/30/20","Pirelli P Zero XL FSL - 265/30R20 94Y - Pneumatico Estivo"
"8019227286120","B07BGGBX47","PIRELLI","295/35/21","Pneumatici Estivi Pirelli Pzero Mo1 295/35 R21 107Y"
"8019227297973","B077KZYKG3","PIRELLI","275/35/20","PIRELLI 275/35 R20 102Y Estivo XL Runflat Auto"
"3286342058719","B0BRPJBH8V","BRIDGESTONE","275/40/21","275/40Yr21 Bridgestone Tl Turanza 6 Xl 107Y"
"4019238078817","B0CDHFRR9V","CONTINENTAL","255/45/20","CONTINENTAL - SportContact 7-255/45 ZR 20-105Y/C/A/73dB - Pneumatico estivo"
"8019227255027","B06XW181WR","PIRELLI","275/40/21","GOMME PNEUMATICI SCORPION VERDE ECO XL 275/40 R21 107Y PIRELLI"
"8019227220575","B00SRH4FGS","PIRELLI","295/35/21","Pirelli P Zero FSL - 295/35R21 103Y - Pneumatico Estivo"
"8019227187601","B008RM72KY","PIRELLI","255/30/20","Pirelli P Zero 255/30R20 92Y Pneumatico Estivos"
"8019227232325","B0132Y1F5E","PIRELLI","285/45/20","Pirelli Scorpion Verde XL FSL - 285/45R20 112Y - Pneumatico Estivo"
"8019227247909","B01B2O3UF4","PIRELLI","275/40/18","Pirelli Cinturato P7 runflat ( 275/40 R18 99Y runflat, *, MOE, ECOIMPACT )"
"4019238096989","B0C28J8RRK","CONTINENTAL","255/45/20","CONTINENTAL 255/45 R20 105V PremiumContact 6 XL"
"8019227263411","B073NCXW7V","PIRELLI","275/45/20","Pirelli P Zero XL FSL - 275/45R20 110Y - Pneumatico Estivo"
"3528707073716","B0C814K1F9","MICHELIN","275/40/20","Pneumatico All season Michelin CROSSCLIMATE 2 SUV 275/40R20 106Y XL"
"8808563567372","B0C2TW8G8Q","HANKOOK","255/45/19","HANKOOK 255/45 R19 104W VENTUS S1 EVO 3 EV K127E XL T0(TESLA) SOUND ABSORBER"
"8019227192902","B0077I0BEI","PIRELLI","245/35/20","Pirelli P Zero FSL - 245/35R20 91Y - Pneumatico Estivo"
"8019227256956","B00V8KS332","PIRELLI","245/45/19","Pirelli Winter Sottozero 3 FSL M+S - 245/45R19 98W - Pneumatico Invernale"
"4019238665109","B07BJ64N5K","CONTINENTAL","245/35/21","CONTINENTAL - 245/35 R21 TL 96W CONTISPORTCONTACT 5 XL – Pneumatici estivi"
"8019227157420","B01NB1960Q","PIRELLI","265/45/20","GOMME PNEUMATICI PZERO ROSSO (MO) 265/45 R20 104Y PIRELLI"
"4019238092769","B0BR5FWHG2","CONTINENTAL","295/35/21","CONTINENTAL - SportContact 7-295/35 ZR 21-103Y/B/A/74dB - Pneumatico estivo"
"4019238779653","B01M1SGQTO","CONTINENTAL","295/35/21","Continental CrossContact UHP XL FR - 295/35R21 107Y - Pneumatico Estivo"
"4038526069092","B0BW4SL9Z1","GOODYEAR","235/35/19","235/35Wr19 Goodyear Tl Ug Performance 3 Fp Xl 91W"
"3528708770843","B01BWOQXT4","MICHELIN","245/35/19","Michelin SUPER SPORT* XL 245/35/R19 93 Y - Pneumatico Estivo - B/E/71"
"8019227272291","B07H8KNRP4","PIRELLI","275/55/20","Pirelli Scorpion A/T+ M+S - 275/55R20 113T - Pneumatici per tutte le stagioni"
"3286340273619","B0043QWFS2","BRIDGESTONE","255/45/20","Bridgestone DUELER H/P SPORT - 255/45 R20 101W AO - D/A/71 - pneumatico estivo (per SUV)"
"4038526069238","B0C7LKWVC5","GOODYEAR","245/40/19","GOODYEAR 245/40 R19 98V ULTRAGRIP PERFORMANCE 3 XL"
"8019227182538","B002C838J8","PIRELLI","255/45/20","Pirelli Scorpion Zero Asimm. XL M+S - 255/45R20 105V - Pneumatico Estivo"
"4019238780598","B01IVB8KLU","CONTINENTAL","275/45/20","Continental CROSS LX SPORT NO FR XL 275/45/R20 110 V - Pneumatico All Season - C/C/73"
"5452000469298","B01GE32UJA","DUNLOP","275/40/20","Dunlop Winter Sport 5 SUV XL 275/40/R20 106 V - Neve Tire - B/C/69"
"8019227178050","B0043QT1EI","PIRELLI","255/50/20","Pirelli Scorpion Zero XL FSL M+S - 255/50R20 109Y - Pneumatico Estivo"
"4019238804492","B075ZB658Q","CONTINENTAL","225/60/18","Continental WinterContact TS 860 S XL FR M+S - 225/60R18 104H - Pneumatico Invernale"
"8019227190687","B01N5XMXDK","PIRELLI","295/35/21","GOMME PNEUMATICI PZERO (R01) XL 295/35 R21 107Y PIRELLI"
"8019227252873","B01B7IW6Q4","PIRELLI","255/50/20","Pirelli P-ZERO 255/50 R20 109W XL - C, B, 2, 72dB"
"8019227203202","B01N6ZATUK","PIRELLI","275/30/19","GOMME PNEUMATICI PZERO (MO) XL 275/30 R19 96Y PIRELLI"
"3528705593551","B0BGMCZ4XH","MICHELIN","215/75/16","MICHELIN 215/75 R16 113R 4 Stagioni LCamion"
"8019227263213","B076YZ7GJC","PIRELLI","245/40/20","Pneumatici Estivi Pirelli Pzero Moe 245/40 R20 99Y"
"8019227263824","B071SF4GHT","PIRELLI","255/45/20","PNEUMATICO ESTIVO PIRELLI - 255/45 WR20 TL 101W PI SCORPION VERDE (AO)"
"4019238094480","B0C9FYVV17","CONTINENTAL","245/40/20","CONTINENTAL 245/40 R20 99V Estivo XL Auto"
"4038526069344","B0CDLHDM98","GOODYEAR","255/40/19","255/40Vr19 Goodyear Tl Ug Performance 3 Fp Xl 100V"
"8019227250176","B01ABRMDRE","PIRELLI","235/35/20","Pirelli P-Zero FSL - 235/35R20 88Y - Pneumatico Estivo"
"8019227254433","B01HRJFL0K","PIRELLI","245/45/19","Pirelli P-Zero - 245/45R19 98Y - Pneumatico Estivo"
"4019238492415","B0043QWHN0","CONTINENTAL","235/45/19","Continental WinterContact TS 830 P XL FR M+S - 235/45R19 99V - Pneumatico Invernale"
"4038526335722","B0C5Y1ZZBD","GOODYEAR","235/45/21","GOODYEAR 235/45 R21 101T 4 Stagioni XL Fuoristrada"
"8019227174823","B0043QT4OA","PIRELLI","275/45/20","Pirelli Scorpion Zero Asimm. XL FSL M+S - 275/45R20 110H - Pneumatico Estivo"
"8019227274264","B01M58COGE","PIRELLI","235/40/19","Pirelli Winter SottoZero 3 235/40R19 96V Pneumatico invernales"
"8019227229783","B06XVZBMZF","PIRELLI","255/50/19","PIRELLI 255/50 R19 S.VE.ALLSE XL(*) RFT 107H ALLSEASON CB73 Cod:28144"
"8019227242812","B00SRH4XBK","PIRELLI","235/45/19","Pirelli Winter Sottozero 3 XL FSL M+S - 235/45R19 99V - Pneumatico Invernale"
"8019227261325","B01CPNXBCI","PIRELLI","255/40/20","Pirelli Scorpion Verde XL - 255/40R20 101V - Pneumatico Estivo"
"8019227195378","B07BJ6DHYD","PIRELLI","245/45/20","Pneumatici 4 stagioni Pirelli Sc.Verde 245/45 R20 99V"
"3286342057217","B0BTDVS7ZL","BRIDGESTONE","255/45/20","255/45Wr20 Bridgestone Tl Turanza 6 Xl 105W"
"8019227230871","B0755Y2R5Q","PIRELLI","265/60/18","PNEUMATICO INVERNALE PIRELLI - 265/60 R18 TL 114H SCORPION WINTER M+S XL"
"4019238013429","B07D471JH3","CONTINENTAL","255/40/20","CONTINENTAL 255/40 R20 101Y Estivo XL Auto"
"8019227214673","B00IZRZXO8","PIRELLI","275/35/18","Pirelli P Zero FSL - 275/35R18 95Y - Pneumatico Estivo"
"3528705464769","B06XY4J6NW","MICHELIN","225/35/19","PNEUMATICO ESTIVO MICHELIN - 225/35 ZR19 TL 88Y MI SPORT 4 S XL"
"4019238557367","B06XY3WX4S","CONTINENTAL","225/40/19","PNEUMATICO ESTIVO CONTINENTAL - 225/40 YR19 TL 93Y CO CSC 5 MO XL FR SSR"
"3528706263095","B07BGH337L","MICHELIN","255/35/19","Pneumatici Estivi Michelin P.Sport 4S 255/35 R19 96Y"
"4019238092455","B0CDC72XW5","CONTINENTAL","215/45/20","CONTINENTAL 215/45 R20 95T 4 Stagioni XL Auto"
"8019227263756","B01N6SQER3","PIRELLI","245/35/19","Pirelli P-Zero XL - 245/35R19 93Y - Pneumatico Estivo"
"4019238566499","B008JQOKDU","CONTINENTAL","235/65/16","Continental VancoWinter 2 M+S - 235/65R16 118R - Pneumatico Invernale"
"3286342056913","B0BR5G6RRP","BRIDGESTONE","235/45/20","235/45Wr20 Bridgestone Tl Turanza 6 Xl 100W"
"3286342057811","B0C1GY4PNW","BRIDGESTONE","275/40/20","275/40Yr20 Bridgestone Tl Turanza 6 Xl (Eu)106Y"
"3528703867586","B01067IOH2","MICHELIN","225/45/18","Michelin ALPIN PA4 ZP XL 225/45/R18 95 V - Pneumatico Estivo - C/E/70"
"3286342555713","B0BXTWC433","BRIDGESTONE","255/40/20","Pneumatici 255/40 r20 101Y AO Bridgestone POTENZA SPORT Gomme estive nuove"
"4038526352828","B0C1GXQQBR","GOODYEAR","225/40/19","GOODYEAR 225/40 R19 93Y Estivo XL Auto"
"8019227216615","B06XBKCP7P","PIRELLI","245/45/19","GOMME PNEUMATICI PZERO (MGT) 245/45 R19 98Y PIRELLI"
"4019238601701","B00A46UXGQ","CONTINENTAL","225/50/18","Continental WinterContact TS 830 P XL FR M+S - 225/50R18 99H - Pneumatico Invernale"
"4038526069085","B0C94QKPKN","GOODYEAR","225/50/18","225/50Vr18 Goodyear Tl Ug Performance 3 Fp Xl 99V"
"8019227213713","B07QBKP6T6","PIRELLI","245/50/18","Pirelli Cinturato P7 A/S runflat (245/50 R18 100V *, ECOIMPACT, runflat)"
"8019227241921","B071ZQJGKW","PIRELLI","235/40/19","GOMME PNEUMATICI P7 CINTURATO SEAL INSIDE XL 235/40 R19 96W PIRELLI"
"8019227249446","B00VZNPQZU","PIRELLI","235/35/20","Pirelli P Zero XL - 235/35R20 92Y - Pneumatico Estivo"
"3528701514727","B06XW1BFQN","MICHELIN","235/55/19","GOMME PNEUMATICI LATITUDE SPORT 3 (AO) 235/55 R19 101W MICHELIN"
"3528703933526","B00J3I3UZW","MICHELIN","225/45/18","Michelin PRIMACY 3 ZP MOE 225/45/R18 95 Y - Pneumatico Estivo - A/C/71"
"8019227254600","B017BA63SY","PIRELLI","245/45/19","Pirelli P Zero XL FSL - 245/45R19 102Y - Pneumatico Estivo"
"3528701119977","B06XDWCBW9","MICHELIN","255/35/19","GOMME PNEUMATICI PILOT SPORT 3 PS3 (AO) XL 255/35 R19 96Y MICHELIN"
"3528703458333","B0C8163SK7","MICHELIN","225/55/19","225/55Vr19 Michelin Tl Crossclimate 2 Suv (Eu) 99 V"
"8019227265231","B01HRJF902","PIRELLI","255/35/20","Pirelli P-Zero XL FSL - 255/35R20 97W - Pneumatico Estivo"
"3528708845060","B0C812S9TD","MICHELIN","225/65/16","225/65R16C Michelin Tl Agilis 3 (Eu)112T"
"8019227246766","B014G2MF96","PIRELLI","225/60/17","Pirelli Winter Sottozero 3 M+S - 225/60R17 99H - Pneumatico Invernale"
"4019238762501","B07318FJZ7","CONTINENTAL","225/65/16","Continental VanContact 4Season M+S - 225/65R16 112R - Pneumatico 4 stagioni"
"8019227266276","B07G31NHST","PIRELLI","235/55/18","1x Pneumatico PIRELLI WINTER SOTTOZERO 3 (AO) 235/55 R18 104H"
"8019227272222","B077L8CNN6","PIRELLI","245/65/17","PIRELLI 245/65 R17 111T SCORPION ALL TERRAIN PLUS XL"
"8019227202779","B01MUTJMNQ","PIRELLI","255/40/18","GOMME PNEUMATICI PZERO (MO) XL 255/40 R18 99Y PIRELLI"
"8019227227314","B00LHJZ8DC","PIRELLI","235/60/18","Pirelli Scorpion Winter FSL M+S - 235/60R18 103V - Pneumatico Invernale"
"3286342090313","B0C24Z5NV2","BRIDGESTONE","225/75/16","BRIDGESTONE 225/75 R16 121/120R Estivo LCamion"
"4019238094923","B096XRBFSW","CONTINENTAL","235/40/19","CONTINENTAL 235/40 R19 96W PremiumContact 6 XL VOL(VOLVO)"
"4038526069177","B0BW4RGB6T","GOODYEAR","235/50/18","235/50Vr18 Goodyear Tl Ug Performance 3 Fp Xl 101V"
"3286342855110","B0BXW5DWJY","BRIDGESTONE","235/55/19","Pneumatici 235/55 r19 101T M+S Bridgestone BLIZZAK LM005 Gomme invernali nu jplj"
"8019227290837","B07CZBWWV1","PIRELLI","255/35/19","Pneumatici Estivi Pirelli Pzero Moe 255/35 R19 96Y"
"4019238092448","B0CBK4QNG1","CONTINENTAL","215/45/20","Continental – AllSeasonContact 2-215/45 R 20-95T/B/B/71dB – Pneumatici per tutte le stagioni"
"4019238013504","B07MJVSV7R","CONTINENTAL","225/40/19","CONTINENTAL 225/40 R19 93Y Estivo XL Auto"
"4019238676426","B075PTYDM9","CONTINENTAL","215/75/16","PNEUMATICO INVERNALE CONTINENTAL - 215/75 R16 TL 113R CO VANCONTACT WINTER"
"8019227248951","B00V8KUWG8","PIRELLI","235/55/19","Pirelli Scorpion Verde All Season M+S - 235/55R19 101H - Pneumatico Estivo"
"8019227276398","B07FR7BQ67","PIRELLI","225/60/17","Pirelli Winter Sottozero 3 FSL M+S - 225/60R17 99H - Pneumatico da neve"
"4038526352811","B0C257SQJL","GOODYEAR","225/40/19","GOODYEAR 225/40 R19 93Y EAGLE F1 ASSYMETRIC 5 XL MO (MERCEDES)"
"8019227239362","B00LNG0IM0","PIRELLI","225/50/18","Pirelli Winter Sottozero 3 XL FSL M+S - 225/50R18 99H - Pneumatico Invernale"
"8019227250596","B06Y4Y7BZR","PIRELLI","245/40/19","GOMME PNEUMATICI P7 CINTURATO SEAL INSIDE 245/40 R19 94W PIRELLI"
"4019238744095","B01HRJG6V8","CONTINENTAL","225/50/17","Continental WinterContact TS 830 P XL FR M+S - 225/50R17 98V - Pneumatico Invernale"
"3286340811514","B01A7EVRRS","BRIDGESTONE","235/55/19","Bridgestone DUELER H/P SPORT - 235/55 R19 101V MOEXTENDED - D/B/70 - pneumatico estivo (per SUV)"
"3286342239415","B0BR5JCZN2","BRIDGESTONE","245/35/19","245/35Yr19 Bridgestone Tl Turanza 6 Xl (Eu) 93Y"
"8019227211948","B00ARSNRYG","PIRELLI","235/65/19","Pirelli Scorpion Verde All Season XL FSL M+S - 235/65R19 109V - Pneumatico Estivo"
"3528704115365","B0D9QPJB7M","MICHELIN","215/55/17","215/55VR17 MICHELIN TL ALPIN 7 (EU) 94 V"
"4038526069108","B0BW4PM5BW","GOODYEAR","235/40/18","235/40Vr18 Goodyear Tl Ug Performance 3 Fp Xl 95V"
"3286340811019","B06XBH83NT","BRIDGESTONE","225/35/19","GOMME PNEUMATICI POTENZA S001 (*) XL RUN FLAT 225/35 R19 88Y BRIDGESTONE"
"8019227246124","B01E3TGDAE","PIRELLI","225/55/17","Pirelli Winter Sottozero 3 M+S - 225/55R17 97H - Pneumatico Invernale"
"3286340783316","B00W3O13YI","BRIDGESTONE","225/50/18","Bridgestone T001* RFT 225/50/R 18 95 W - Pneumatico Estivo - B/C/70"
"4019238680508","B071FGK7ZJ","CONTINENTAL","255/35/20","PNEUMATICO ESTIVO CONTINENTAL - 255/35 R 20 97Y XL CONTISPORTCONTACT 5P"
"4038526417695","B0BXT5HD1G","GOODYEAR","215/55/18","GOODYEAR 215/55 R18 99V ULTRAGRIP PERFORMANCE + SUV XL"
"4038526353832","B0C9DRYXRB","GOODYEAR","245/50/19","GOODYEAR 245/50 R19 105H 4 Stagioni XL Auto"
"4019238079388","B0BR5HY9PN","CONTINENTAL","235/55/18","CONTINENTAL - PremiumContact 7-235/55 R 18-104Y/C/A/72dB - Pneumatico estivo"
"8019227256338","B00VZNXCJM","PIRELLI","255/35/20","Pirelli P Zero XL FSL - 255/35R20 97Y - Pneumatico Estivo"
"8808563565798","B0CB1YKVSV","HANKOOK","245/40/19","245/40Yr19 Hankook Tl K127B Rft Xl (Eu) 98Y"
"8019227252880","B06XVL2GFR","PIRELLI","255/55/19","GOMME PNEUMATICI PZERO (J) XL 255/55 R19 111W PIRELLI"
"8019227203196","B004DDG6WQ","PIRELLI","245/35/19","Pirelli P Zero XL - 245/35R19 93Y - Pneumatico Estivo"
"4019238565997","B00CBXMQYW","CONTINENTAL","245/40/18","Continental SportContact 5 XL FR - 245/40R18 97Y - Pneumatico Estivo"
"8019227242478","B00FCILFPE","PIRELLI","245/40/18","Pirelli Winter Sottozero 3 XL M+S - 245/40R18 97V - Pneumatico Invernale"
"8019227244519","B00V8KZEU2","PIRELLI","215/55/17","Pirelli Winter Sottozero 3 M+S - 215/55R17 94H - Pneumatico Invernale"
"5452000488084","B01AEJDZEO","GOODYEAR","245/45/18","Goodyear Eagle F1 Asymmetric 3 XL FP - 245/45R18 100Y - Pneumatico Estivo"
"8019227244007","B00XMPMX82","PIRELLI","235/40/19","Pirelli Cinturato P7 - 235/40/R19 96W - C/A/72 - Pneumatico Estivos"
"4019238097689","B0BT8BVD5L","CONTINENTAL","255/35/19","CONTINENTAL 255/35 R19 96Y SportContact 6 XL *(BMW)"
"4019238597080","B00HSM1WRS","CONTINENTAL","255/35/19","Continental SC-5P AO XL 255/35/R19 96 Y - Pneumatico Estivo - A/E/73"
"4019238787504","B01MCUZP8N","CONTINENTAL","255/35/19","Continental SportContact 6 XL FR - 255/35R19 96Y - Pneumatico Estivo"
"8019227246223","B016D7P5D0","PIRELLI","195/55/17","Pirelli W 210 Snowcontrol 3 XL M+S - 195/55R17 92H - Pneumatico Invernale"
"3286340936613","B07FYLR8GH","BRIDGESTONE","225/45/18","Bridgestone Blizzak LM-001 FSL M+S 225/45R18 91H - Pneumatico da neve"
"3528707219077","B00IMDYHHO","MICHELIN","225/50/17","Michelin PRIMACY 3 MO ZP 225/50/R17 94 W - Pneumatico Estivo - A/C/71"
"4019238566062","B00BW78AHK","CONTINENTAL","225/45/18","Continental SportContact 5 XL FR - 225/45R18 95Y - Pneumatico Estivo"
"4019238786910","B06XSZQ5B6","CONTINENTAL","215/65/16","Continental VanContact 4Season M+S - 215/65R16 109T - Pneumatico 4 stagioni"
"3286342055718","B0BR8S84S4","BRIDGESTONE","265/60/18","265/60Vr18 Bridgestone Tl Turanza 6 110V"
"4019238781342","B0C89ZHL63","CONTINENTAL","225/40/18","CONTINENTAL 225/40 R18 92V Invernale XL Runflat Auto"
"8019227194197","B004868O7I","PIRELLI","225/60/17","Pirelli Cinturato P7 FSL - 225/60R17 99V - Pneumatico Estivo"
"8019227220735","B00CTFWU0C","PIRELLI","205/40/18","Pirelli P Zero XL FSL - 205/40R18 86Y - Pneumatico Estivo"
"8019227271980","B074QWVGPQ","PIRELLI","205/55/17","Pirelli Winter Sottozero 3 M+S - 205/55R17 91H - Pneumatico Invernale"
"3286340991414","B07NTPHG8Y","BRIDGESTONE","245/45/18","Bridgestone TURANZA T005 DRIVEGUARD - 245/45 R18 100Y XL - C/A/72 - pneumatico estivo con tecnologia DriveGuard Run-Flat (per auto e SUV/4X4)"
"3286341009514","B07QXD165F","BRIDGESTONE","235/50/19","Bridgestone 61732 Pneumatico 235/50 R19 99V Alenza 001 Seal"
"3286342090115","B0C6MQ5877","BRIDGESTONE","215/75/16","BRIDGESTONE 215/75 R16 116/114R Estivo LCamion"
"4024068003199","B084WWJK2L","UNIROYAL","245/35/20","Uniroyal 72184 Pneumatico 245/35 R20 95Y Rainsport 5 Xl"
"8019227207484","B007W1QO96","PIRELLI","245/45/18","Pirelli Cinturato P7 - 245/45R18 96Y - Pneumatico Estivo"
"8019227247916","B01B2O3RYI","PIRELLI","245/45/18","Pirelli Cinturato P7 XL FSL - 245/45R18 100Y - Pneumatico Estivo"
"8019227254495","B06XQJ1K18","PIRELLI","225/45/18","Pirelli Winter Sottozero 3 XL FSL M+S - 225/45R18 95V - Pneumatico Invernale"
"8019227243574","B016D7ROPC","PIRELLI","225/45/18","Pirelli Cinturato P7 XL FSL - 225/45R18 95W - Pneumatico Estivo"
"8019227251562","B06XY2CNQ2","PIRELLI","245/40/19","PNEUMATICO ESTIVO PIRELLI - 245/40 ZR19 TL 98Y PI PZERO (J) XL"
"8019227271966","B074J8SPX6","PIRELLI","225/45/18","Pirelli Winter Sottozero 3 FSL M+S - 225/45R18 91H - Pneumatico Invernale"
"4038526069214","B0CCXT2W7Q","GOODYEAR","245/40/18","GOODYEAR 245/40 R18 97V Invernale XL Auto"
"8019227233162","B075HVD4V5","PIRELLI","235/65/16","PNEUMATICO INVERNALE PIRELLI - 235/65R16C 115/113R CARRIER WINTER"
"8019227274448","B07BGGZSYV","PIRELLI","235/55/19","Pirelli 55264 Pneumatico 235/55 R19 105V Scorpion Verde All Season Xl, Ar"
"8808563383033","B071W9DY2M","HANKOOK","225/75/16","GOMME PNEUMATICI RA18 VANTRA M+S 225/75 R16 121/120R HANKOOK"
"8808563615080","B0F6GB84ZG","HANKOOK","245/40/20","245/40ZR20 HANKOOK TL K137 XL 99Y"
"3286340619912","B071RM9FKV","BRIDGESTONE","225/45/18","BRIDGESTONE 225/45WR18 TL S001* RFT (EU) 91W"
"8808563575292","B0C5488BHR","HANKOOK","235/40/19","HANKOOK 235/40 ZR19 96Y 4 Stagioni XL Auto"
"3286342237619","B0BQ7GTG6T","BRIDGESTONE","225/50/18","Bridgestone TURANZA 6 ENLITEN - 225/50 R18 99W XL - A/B/70 - Pneumatici estivi (per auto e SUV/4x4)"
"8019227240467","B00FIYH6KK","PIRELLI","235/35/19","Pirelli P Zero XL FSL - 235/35R19 91Y - Pneumatico Estivo"
"8019227244489","B075BY612C","PIRELLI","245/40/18","PNEUMATICO INVERNALE PIRELLI - 245/40 VR18 TL 97V PI WIN SOTTOZERO 3 MO XL"
"8019227325522","B07N1TSZDT","PIRELLI","255/35/19","Pirelli P-Zero XL FSL - 255/35R19 96Y - Pneumatico Estivo"
"4038526068309","B0C8V27C3T","GOODYEAR","215/40/18","GOODYEAR 215/40 R18 89V Invernale XL Auto"
"8019227204100","B072KW6KB4","PIRELLI","225/45/18","GOMME PNEUMATICI P7 CINTURATO RUN FLAT 225/45 R18 91Y PIRELLI"
"8019227260717","B016D7I5NW","PIRELLI","225/45/18","Pirelli Cinturato P7 XL FSL - 225/45R18 95Y - Pneumatico Estivo"
"8019227261516","B0132XACLI","PIRELLI","225/35/19","Pirelli P Zero XL FSL - 225/35R19 88Y - Pneumatico Estivo"
"4019238782028","B0BRQRFL38","CONTINENTAL","235/55/19","CONTINENTAL 235/55HR19 TL CROSS LX SPORT FR (VOL) XL (EU) 105H"
"8019227260724","B06XVWW316","PIRELLI","245/40/18","GOMME PNEUMATICI P7 CINTURATO (MOE) XL RUN FLAT 245/40 R18 97Y PIRELLI"
"8019227327564","B0842DGWHW","PIRELLI","215/55/17","PIRELLI 215/55 R17 CINT.P7 (P7C2) s-i 94V SUMMER Cod:55515"
"4019238597615","B07G8F98HJ","CONTINENTAL","225/55/17","Pneumatici estivi 225/55 R17 101V Continental ContiVanContact™ 200 RFC MB"
"4019238620146","B06XW2H6GX","CONTINENTAL","235/60/18","GOMME PNEUMATICI CROSSCONTACT LX SPORT M+S XL 235/60 R18 107V CONTINENTAL"
"4038526397706","B08LR81FDJ","GOODYEAR","175/60/18","175/60Hr18 Goodyear Tl Ug Performance 3 85H"
"4038526068835","B0BW4RVVGL","GOODYEAR","225/55/17","225/55Vr17 Goodyear Tl Ug Performance 3 Fp Xl 101V"
"4019238618501","B0132XYG8S","CONTINENTAL","225/50/17","Continental WinterContact TS 850 P XL FR M+S - 225/50R17 98H - Pneumatico Invernale"
"8019227244533","B010FY4MIG","PIRELLI","225/50/17","Pirelli Winter Sottozero 3 XL FSL M+S - 225/50R17 98H - Pneumatico Invernale"
"8019227246131","B014VPLOPE","PIRELLI","225/55/17","Pirelli Winter Sottozero 3 M+S - 225/55R17 97H - Pneumatico Invernale"
"8808563591100","B0F6G94FPN","HANKOOK","245/40/19","245/40YR19 HANKOOK TL K137 XL 98Y"
"3286342239712","B0BQ7K87N5","BRIDGESTONE","255/35/19","Bridgestone TURANZA 6 ENLITEN - 255/35 R19 96Y XL - A/B/71 - Pneumatici estivi (per auto e SUV/4x4)"
"4038526068842","B0C94NLNRT","GOODYEAR","225/55/17","225/55Hr17 Goodyear Tl Ug Performance 3 Fp 97H"
"4019238780734","B01N80JA1X","CONTINENTAL","235/55/17","CONTINENTAL 235/55 R17 99V Estivo Fuoristrada"
"3528702727768","B07226QGK1","MICHELIN","215/40/17","Pneumatico Estate Michelin PILOT SPORT 5 215/40ZR17 (87Y) XL"
"4038526068675","B0C8TXF7ZB","GOODYEAR","215/50/17","GOMME PNEUMATICI GOODYEAR 215/50 R17 95V ULTRAGRIP PERFORMANCE 3 XL"
"3528709710855","B01F3E61JQ","MICHELIN","205/65/16","Michelin ALPIN 5 MO 205/65/R16 95 H - Pneumatico Estivo - B/E/68"
"8808563546902","B0BT9DN6DH","HANKOOK","245/40/19","Pneumatici 245/40 r19 94W FR Hankook K127 Ventus S1 evo3 Gomme estive nuove"
"4019238032536","B08QDKXS82","CONTINENTAL","235/55/17","Continental 73200 Pneumatico 235/55 R17 103W Premiumcontact 6"
"4019238097474","B0CBG8CFVF","CONTINENTAL","215/40/18","CONTINENTAL 215/40 R18 89Y Estivo XL Auto"
"4038526099822","B0BYC3FKL3","GOODYEAR","215/60/16","GOODYEAR 215/60 R16 99H EFFICIENTGRIP PERF.2 XL"
"8019227243048","B00LNFZH5Y","PIRELLI","225/65/16","Pirelli 225/65 R16C 112R/110R Carrier Winter Transporter Pneumatici invernali"
"8019227254488","B01067GJ10","PIRELLI","225/45/18","Pirelli Winter Sottozero 3 XL FSL M+S - 225/45R18 95H - Pneumatico Invernale"
"3286342056210","B0C443W734","BRIDGESTONE","235/50/19","235/50Vr19 Bridgestone Tl Turanza 6 (Eu) 99V"
"4019238651829","B06XY2DGM3","CONTINENTAL","205/65/16","CONTINENTAL CONTIVANCONTACT 200 205/65 R16 107/105T (103H)"
"4019238656909","B00NIPPMAW","CONTINENTAL","235/55/17","Continental PremiumContact 5 - 235/55R17 99V - Pneumatico Estivo"
"4038526068774","B0C6RC7Y32","GOODYEAR","225/50/17","225/50Hr17 Goodyear Tl Ug Performance 3 Fp 94H"
"4038526360809","B0C6BVQSB3","GOODYEAR","235/55/17","GOODYEAR 235/55 R17 103H EFFICIENTGRIP PERF.2 XL"
"4019238079463","B0BR5F3JSM","CONTINENTAL","215/55/18","CONTINENTAL - PremiumContact 7 - 215/55 R 18 - 99V/C/A/71dB - Pneumatico estivo"
"3286340729017","B06XRRNZ91","BRIDGESTONE","225/35/18","BRIDGESTONE 225/35 R18 S001 XL(AO) TL(S1) 87Y SUMMER EA70 Cod:22977"
"4019238772418","B07228FZSV","CONTINENTAL","215/55/18","Continental EcoContact 5 XL - 215/55R18 99V - Pneumatico Estivo"
"8019227195347","B007500FTY","PIRELLI","235/50/18","Pirelli Scorpion Verde All Season 235/50/R18 97 V, B/C/71, pneumatico quattro stagioni (4x4)"
"4019238079265","B0BR5GMWM2","CONTINENTAL","215/55/17","CONTINENTAL - PremiumContact 7 - 215/55 R 17 - 98W/C/A/71dB - Pneumatico estivo"
"8019227248999","B00V8KUQ2I","PIRELLI","235/60/18","Pirelli Scorpion Verde All Season FSL M+S - 235/60R18 103H - Pneumatico Estivo"
"8808563615219","B0F6FXWKPB","HANKOOK","235/40/19","235/40ZR19 HANKOOK TL K137 XL 96Y"
"8019227183009","B0043QSO8W","PIRELLI","245/45/17","Pirelli Cinturato P7 XL - 245/45R17 99Y - Pneumatico Estivo"
"4019238651614","B07G4FNNHP","CONTINENTAL","225/50/17","Continental WinterContact TS 850 P FR M+S – 225/50R17 94H – Pneumatici invernali"
"8019227247930","B01MYGJEZD","PIRELLI","225/55/17","GOMME PNEUMATICI P7 CINTURATO (*) (MOE) RUN FLAT 225/55 R17 97Y PIRELLI"
"8019227266184","B076YZDCL7","PIRELLI","225/55/17","Pneumatici estivi PIRELLI 225/55 R17 97 Y P7 CINT * MO"
"8808563615141","B0F92SC4VQ","HANKOOK","245/35/19","GOMME PNEUMATICI HANKOOK 245/35 R19 93Y K137 VENTUS EVO XL"
"4019238659160","B07CMBWBBR","CONTINENTAL","245/40/18","1x Pneumatico CONTINENTAL CONTISPORTCONTACT 5 (MO) 245/40 R18 97Y"
"4019238632026","B00NIPQQ16","CONTINENTAL","235/65/17","Continental CROSS LX SPORT XL 235/65/R17 108 V - Pneumatico All Season - C/B//72"
"8019227205602","B00QAS8CQK","PIRELLI","235/60/18","PIRELLI 235/60 R18 107V SCORPION VERDE A/S XL (LR) LAND ROVER M+S"
"8019227247923","B01B7IZ44K","PIRELLI","245/45/18","Pirelli Cinturato P7 XL FSL - 245/45R18 100Y - Pneumatico Estivo"
"4019238674873","B073SXGVRS","CONTINENTAL","225/55/18","CONTINENTAL 225/55 R18 98V Estivo Fuoristrada"
"3286342235615","B0BRP4WD31","BRIDGESTONE","245/45/17","245/45Yr17 Bridgestone Tl Turanza 6 Xl (Eu) 99Y"
"5452000578457","B01GTGN5AA","GOODYEAR","215/55/17","Goodyear Vector-4S G2 AO 215/55/R17 94 V - Anno-Round Pneumatici - B/C/69"
"8019227325911","B07BGDF9SX","PIRELLI","235/55/18","Pirelli P-Zero FSL - 235/55R18 100V - Pneumatico Estivo"
"4038526068194","B0CCPQVTDD","GOODYEAR","205/50/17","205/50Hr17 Goodyear Tl Ug Performance 3 Fp Xl 93H"
"4038526069016","B0C7ZSYP2Y","GOODYEAR","225/40/18","GOODYEAR 225/40 R18 92V Invernale XL Auto"
"8808563575490","B0CDPNBYX3","HANKOOK","225/55/19","225/55Wr19 Hankook Tl H750A All Season Xl (Nuovo) 103W"
"8808563615226","B0DYN2D44N","HANKOOK","225/40/19","GOMME PNEUMATICI HANKOOK 225/40 R19 93Y K137 VENTUS S1 EVO 4X XL"
"8019227364408","B07WWJY3BM","PIRELLI","225/45/18","PIRELLI 225/45 R18 91W CINTURATO P7 MO"
"4038526097705","B0BYBGKNKM","GOODYEAR","215/60/18","GOODYEAR 215/60 R18 98H EFFICIENTGRIP 2 SUV"
"8019227190144","B0043QWFR8","PIRELLI","235/55/17","Pirelli Scorpion Verde FSL - 235/55R17 99V - Pneumatico Estivo"
"3286342235318","B0BQ7G427V","BRIDGESTONE","235/55/17","Bridgestone TURANZA 6 ENLITEN - 235/55 R17 99W - A/B/69 - Pneumatici estivi (per auto e SUV/4x4)"
"4019238624427","B01MZI4TJK","CONTINENTAL","205/75/16","CONTINENTAL 205/75 R16 110R Estivo LCamion Compatibilità con RENAULT Master 2 Furgonato FD Master 2 Pianale piatto/Telaio ED/HD/UD, FIAT Ducato Camion pianale/Telaio 250, 290, FORD"
"8019227230253","B00ARV31U8","PIRELLI","225/50/17","Pirelli Cinturato P7 - 225/50R17 94W - Pneumatico Estivo"
"4019238526004","B009B5YYAM","CONTINENTAL","215/60/17","Continental EcoContact 5 - 215/60R17 96V - Pneumatico Estivo"
"8808563541235","B0C3J9BSCQ","HANKOOK","225/55/18","HANKOOK Pneumatici estivi 225/55 R 18 TL 98W VENTUS S1 EVO3 EV Hyundai Ioniq6 BSW Sound Assorbitore (UNG)"
"3286341320510","B097DWF2YD","BRIDGESTONE","225/55/17","GOMME PNEUMATICI TURANZA T005 (*) 225/55 R17 97W BRIDGESTONE"
"8019227190137","B01N4WDGMO","PIRELLI","235/50/18","GOMME PNEUMATICI SCORPION VERDE (AO) 235/50 R18 97V PIRELLI"
"3286340775618","B00U5OMZ6I","BRIDGESTONE","185/55/16","Bridgestone EP150 ECO XL 185/55/R 16 87 H - Pneumatico Estivo - B/B/70"
"4019238789607","B07KRPFNDG","CONTINENTAL","205/60/16","CONTINENTAL 205/60 R16 96H Invernale XL Runflat Auto"
"8019227241785","B071DP3F3H","PIRELLI","245/40/18","GOMME PNEUMATICI P7 CINTURATO (AO) XL 245/40 R18 97Y PIRELLI"
"4019238728354","B01067ONXQ","CONTINENTAL","205/55/17","Continental EcoContact 5 XL - 205/55R17 95V - Pneumatico Estivo"
"8808563507194","B0CB34FNDF","HANKOOK","225/55/18","225/55Yr18 Hankook Tl K127* Mo Xl (Eu)102Y"
"3528708725072","B09FCHCSPP","MICHELIN","195/55/15","Pneumatico All season Michelin CROSSCLIMATE 2 195/55R15 89V XL"
"3286342055114","B096Z1D2ZP","BRIDGESTONE","235/60/18","235/60Wr18 Bridgestone Tl Turanza 6 Xl 107W"
"8019227194944","B0043QP7A0","PIRELLI","245/40/18","Pirelli P Zero XL FSL - 245/40R18 97Y - Pneumatico Estivo"
"3286340740418","B072BB1TZD","BRIDGESTONE","235/55/18","GOMME PNEUMATICI DUELER H/T D687 M+S 235/55 R18 100H BRIDGESTONE"
"8019227172300","B06XW22QWB","PIRELLI","235/40/18","GOMME PNEUMATICI PZERO (MO) XL 235/40 R18 95Y PIRELLI"
"4038526395481","B0BW4RYRDZ","GOODYEAR","175/65/17","175/65Hr17 Goodyear Tl Ug Performance 3 87H"
"3286340657310","B01N19AFG4","BRIDGESTONE","225/65/17","GOMME PNEUMATICI DUELER H/T D687 M+S 225/65 R17 102H BRIDGESTONE"
"4019238078541","B07J35S339","CONTINENTAL","205/60/16","CONTINENTAL - UltraContact - 205/60 R 16-92V/B/A/69dB - Pneumatico estivo"
"8808563575469","B0CCJLPJ85","HANKOOK","225/60/17","225/60Vr17 Hankook Tl H750A All Season Xl (Nuovo) 103V"
"8808563453507","B0CBNH952Z","HANKOOK","235/55/17","235/55Hr17 Hankook Tl K125A Xl (Eu)103H"
"3286341406719","B0CC3RS314","BRIDGESTONE","215/55/17","215/55Hr17 Bridgestone Tl T005 Xl (Eu) 98H"
"3286342054919","B0BRSVF6H8","BRIDGESTONE","225/55/18","Bridgestone TURANZA 6 ENLITEN - 225/55 R18 98V - A/B/69 - Pneumatici estivi (per auto e SUV/4x4)"
"4019238779455","B076YYVJ2T","CONTINENTAL","245/40/18","Pneumatici Estivi Continental Csc3 245/40 R18 93Y"
"4024068000570","B07DLX7SL7","UNIROYAL","215/65/16","UNIROYAL 215/65R16C 109/107T A/S MAX 73CA"
"3286342130316","B0C28MGYYK","BRIDGESTONE","215/55/17","215/55Wr17 Bridgestone Tl Turanza 6 Xl (Eu) 98W"
"8019227274301","B01GG6F03I","PIRELLI","245/45/18","Pirelli P-Zero XL FSL - 245/45R18 100Y - Pneumatico Estivo"
"8808563575377","B0CF2D8KT3","HANKOOK","205/55/19","205/55Vr19 Hankook Tl H750 All Season Xl (Nuovo) 97V"
"8808563596426","B0CBNH7BBQ","HANKOOK","235/55/17","235/55Wr17 Hankook Tl K135 Xl (nuovo)103W"
"4019238636116","B00HSM3A6E","CONTINENTAL","215/65/16","Continental CrossContact LX Sport M+S - 215/65R16 98H - Pneumatico Estivo"
"4019238786927","B06XWDC8L4","CONTINENTAL","195/70/15","Continental VanContact 4Season M+S - 195/70R15 104R - Pneumatico 4 stagioni"
"8019227251838","B01BLBU02Y","PIRELLI","215/65/17","Pirelli Scorpion Verde All Season FSL M+S - 215/65R17 99V - Pneumatico 4 stagioni"
"8808563373010","B014VPTYJW","HANKOOK","225/55/16","Hankook Winter i*cept evo2 W320 FR M+S - 225/55R16 95H - Pneumatico Estivo"
"8714692361487","B08GQF88T8","VREDESTEIN","215/55/16","VREDESTEIN WINTRAC XL 215/55R16 97H TL"
"8808563382975","B01MZI4SG3","HANKOOK","205/75/16","GOMME PNEUMATICI RA18 VANTRA M+S 205/75 R16 113/111R HANKOOK"
"4019238772333","B01N5P4O1G","CONTINENTAL","215/45/17","Continental PremiumContact 6 FR - 215/45R17 87Y - Pneumatico Estivo"
"3286341881516","B0BXTDW7C2","BRIDGESTONE","225/45/18","225/45Yr18 Bridgestone Tl T005 Mo Xl (nuovo) 95Y"
"8019227235067","B00D03YHE4","PIRELLI","215/50/17","Pirelli Winter Sottozero 3 XL FSL M+S - 215/50R17 95V - Pneumatico Invernale"
"8808563372068","B07G1XV4KK","HANKOOK","225/55/16","1 Hankook Winter i cept evo2 (W320) 225/55R16 95H"
"3286341954616","B0BY3XZ716","BRIDGESTONE","205/75/16","BRIDGESTONE 205/75 R16 110R Estivo LCamion"
"8808563399706","B01BLBTFZW","HANKOOK","245/40/18","Hankook Ventus S1 evo2 K117 XL FR - 245/40R18 97Y - Pneumatico Estivo"
"3286340754217","B06X6DGFK8","BRIDGESTONE","225/40/18","BRIDGESTONE 225/40 R18 92Y Estivo XL Runflat Auto"
"8808563340173","B0C8RMRW3S","HANKOOK","225/60/17","225/60Hr17 Hankook Tl Ra33 (nuovo) 99H"
"8808563467344","B0BRCJSPNG","HANKOOK","215/65/15","HANKOOK 215/65 R15 104/102T 4 Stagioni LCamion"
"8808563359526","B07BGDG9B4","HANKOOK","215/60/16","Pneumatici Estivi Hankook K425 215/60 R16 95V"
"8808563575391","B074QTB4CS","HANKOOK","205/45/16","HANKOOK 205/45 R16 83H KINERGY 4S2 H750"
"4024068003977","B09J9LQD6B","UNIROYAL","205/65/16","Uniroyal SnowMax 3 – 205/65 R16 107T – D/B/73 – Pneumatici invernali (SUV, trazione integrale, automobile)"
"8714692361470","B08GG87H3J","VREDESTEIN","215/55/16","VREDESTEIN WINTRAC 215/55R16 93H TL"
"8808563340388","B072QZFH4S","HANKOOK","245/40/18","GOMME PNEUMATICI K117 VENTUS S1 EVO 2 (AO) 245/40 R18 93Y HANKOOK"
"8019227252002","B01C70IA70","PIRELLI","215/65/17","Pirelli Scorpion Verde - 215/65R17 99V - Pneumatico Estivo"
"8019227233704","B00I42HF0E","PIRELLI","225/40/18","Pirelli P Zero XL FSL - 225/40R18 92W - Pneumatico Estivo"
"8808563596174","B08212GYT2","HANKOOK","205/60/16","205/60Wr16 Hankook Tl K135 Xl (nuovo) 96 W"
"8019227204025","B0077I0FS0","PIRELLI","205/55/16","Pirelli Cinturato P7 FSL - 205/55R16 91W - Pneumatico Estivo"
"8019227246254","B06Y4X1JDT","PIRELLI","225/40/18","GOMME PNEUMATICI P7 CINTURATO (*) RUN FLAT 225/40 R18 92Y PIRELLI"
"3286342089010","B0BRPBNZHQ","BRIDGESTONE","195/75/16","BRIDGESTONE 195/75 R16C 110/108R DURAVIS VAN"
"3286342603919","B0BT8DMGMW","BRIDGESTONE","195/55/20","195/55Hr20 Bridgestone Tl Turanza 6 Xl 95H"
"3528706006937","B0BSH6PHB5","MICHELIN","195/60/15","MICHELIN 195/60 R15 88V PRIMACY 4"
"8808563340371","B076YZ5J33","HANKOOK","225/50/17","Pneumatici Estivi Hankook S1 Evo2 Ao 225/50 R17 94Y"
"4038526403575","B0C792S3LM","GOODYEAR","205/60/16","GOODYEAR 205/60 R16 92H Invernale Auto"
"8714692361425","B08GJC4D7Q","VREDESTEIN","205/55/16","205/55VR16 VREDESTEIN TL WINTRAC XL 94V E"
"8714692361517","B08LF2N8CN","VREDESTEIN","215/65/16","215/65HR16 VREDESTEIN TL WINTRAC XL (EU)102H *E*"
"8808563471792","B0CD24Y2HN","HANKOOK","235/65/17","235/65Vr17 Hankook Tl K125A Xl (nuovo)108V"
"8808563285351","B06XZHJZ8M","HANKOOK","215/50/17","GOMME PNEUMATICI K115 VENTUS PRIME 2 215/50 R17 91V HANKOOK"
"4024068002932","B0846LT1JK","UNIROYAL","205/55/17","Uniroyal 72117 Pneumatico 205/55 R17 95V Rainsport 5 Xl"
"4024068002260","B0846LQFT2","UNIROYAL","205/50/16","Uniroyal 72102 Pneumatico 205/50 R16 87V Rainsport 5"
"8714692361289","B08H5JM2GX","VREDESTEIN","195/45/16","VREDESTEIN 195/45 R16 84H wintrac XL"
"3528701955063","B0BXY6YLNJ","MICHELIN","175/65/15","Pneumatico Estate Michelin PRIMACY 4 175/65R15 84H"
"8714692361500","B08ML19VWM","VREDESTEIN","215/65/16","VREDESTEIN 215/65 R16 98H wintrac"
"5452000654144","B071V72MT4","GOODYEAR","185/60/15","GOMME PNEUMATICI EFFICIENTGRIP PERFORMANCE XL 185/60 R15 88H GOODYEAR"
"8714692361333","B08GQFG33S","VREDESTEIN","195/55/16","Vredestein Pneumatici invernali per auto 195/55 R16 91H Wintrac XL"
"4019238092615","B0CCBPJZRJ","CONTINENTAL","205/55/16","CONTINENTAL 205/55 R16 94V 4 Stagioni XL Auto"
"4019238456226","B06XW23WSZ","CONTINENTAL","225/45/17","Pneumatico estivo Continental SPORTCONTACT 5 225/45 R17 91W"
"8019227268829","B01MYP1W6A","PIRELLI","195/55/16","PIRELLI 195/55 R16 91H Invernale XL Auto"
"5420068623075","B013V7U102","IMPERIAL","275/40/20","IMPERIAL 275/40 R20 106V Invernale XL Fuoristrada"
"8714692361326","B08G4SJ5D2","VREDESTEIN","195/55/16","VREDESTEIN 195/55 R16 87H wintrac"
"5452000654755","B00AZTJP8E","GOODYEAR","225/40/18","Goodyear EfficientGrip Performance XL FP - 225/40R18 92W - Pneumatico Estivo"
"8714692361401","B08GGC8B2V","VREDESTEIN","205/55/16","VREDESTEIN 205/55 R16 94H wintrac XL"
"8808563411927","B071JC7BD4","HANKOOK","205/65/15","GOMME PNEUMATICI K125 VENTUS PRIME 3 205/65 R15 94H HANKOOK"
"8808563574776","B09V5S172Z","HANKOOK","215/65/16","215/65HR16 HANKOOK TL K135A XL (EU) 102H E"
"8019227215380","B06XVL2GFT","PIRELLI","225/45/17","GOMME PNEUMATICI P7 CINTURATO (MO) 225/45 R17 91W PIRELLI"
"3286340509312","B007501ZTS","BRIDGESTONE","225/45/17","Bridgestone T001 MO 225/45/R 17 91 V - Pneumatico Estivo - B/E/71"
"4024068000532","B07CVB6V77","UNIROYAL","195/70/15","Gomme Uniroyal Allseasonmax 195/70R15C 104/102R TL 4 stagioni per Furgoncini"
"3528704149667","B07SXBQQKF","MICHELIN","195/65/15","Pneumatico Estate Michelin PRIMACY 4 195/65R15 91V"
"4019238016291","B0BTDW8WPB","CONTINENTAL","205/55/16","CONTINENTAL 205/55 R16 91W EcoContact 6 *(BMW)"
"8808563615905","B0F68KFK7Y","HANKOOK","225/40/18","HANKOOK K137 VENTUS EVO HANKOOK K137 225/40ZR18 92 Y XL"
"5420068662524","B00OZXOF9A","TRISTAR","275/40/20","Tristar Snowpower SUV XL - 275/40R20 106V - Pneumatico Invernale"
"8714692361432","B08GG8VPLY","VREDESTEIN","205/60/16","205/60HR16 VREDESTEIN TL WINTRAC (EU) 92H *E*"
"3528709312356","B008RMHSM6","MICHELIN","175/65/14","Michelin EN SAVER + 175/65/R14 82 H - Pneumatico Estivo - B/C/68"
"5452000682291","B08C7ZTSNG","GOODYEAR","205/55/16","Goodyear 73737 Pneumatico 205/55 R16 91V Efficientgrip Performance 2"
"8808563413938","B07BR4XDWB","HANKOOK","185/55/15","Pneumatici Estivi Hankook K125 185/55 R15 86V"
"8808563590646","B0CDLL5SV9","HANKOOK","195/55/15","195/55Vr15 Hankook Tl K125 85V"
"3528709566025","B07SXBGTKF","MICHELIN","195/65/15","Pneumatico Estate Michelin PRIMACY 4 195/65R15 91H"
"4024068000808","B07DVWHVZ8","UNIROYAL","195/55/15","Pneumatici 4 stagioni Uniroyal As Expert 195/55 R15 85H"
"4038526067852","B0BW4NM88H","GOODYEAR","185/65/15","185/65Tr15 Goodyear Tl Ug Performance 3 Xl 92T"
"3286342131115","B0C94P4LJB","BRIDGESTONE","225/45/17","225/45Yr17 Bridgestone Tl Turanza 6 (Eu) 91Y"
"5420068623020","B0131F7MUG","IMPERIAL","245/65/17","IMPERIAL 245/65 R17 107H Invernale Fuoristrada"
"5420068662494","B075C6P3FD","TRISTAR","255/55/18","PNEUMATICO INVERNALE TRISTAR - 255/55 R 18 109H XL Snowpower SUV"
"8714692361418","B09686F4JM","VREDESTEIN","205/55/16","VREDESTEIN WINTRAC 205/55R16 91T TL"
"8019227269369","B01BU7QZ3M","PIRELLI","205/55/16","Pirelli Cinturato Winter FSL M+S - 205/55R16 91H - Pneumatico Invernale"
"3528706840579","B008RMHZBK","MICHELIN","165/70/14","Pneumatico Estate Michelin ENERGY SAVER+ 165/70R14 81T"
"6927116171919","B07G1VM6YV","WESTLAKE","275/45/19","Pneumatici estivi WESTLAKE 275/45 R19 108V SU318 XL"
"8808563367484","B01ABRRTDW","HANKOOK","225/45/17","Hankook Ventus S1 evo2 K117 FR - 225/45R17 91W - Pneumatico Estivo"
"3528707711168","B008RMI18Q","MICHELIN","175/65/14","Michelin EN SAVER + 175/65/R14 82 T - Pneumatico Estivo - B/C/68"
"5420068665242","B0728HLQRZ","TRISTAR","245/65/17","PNEUMATICO ESTIVO TRISTAR - 245/65 R 17 111H XL Sportpower SUV"
"4038526067845","B0C296875T","GOODYEAR","185/65/15","GOODYEAR 185/65 R15 88T ULTRAGRIP PERFORMANCE 3"
"5452000468512","B01067LONI","GOODYEAR","185/65/15","Goodyear Vector-4S G2 OP 185/65/R15 88 T - Anno-Round Pneumatici - B/C/69"
"4024068669746","B00UAIK0RK","UNIROYAL","185/70/13","Uniroyal RainExpert 3 - 185/70/R13 86T - E/B/70 - Pneumatico Estivos"
"5420068622207","B00F9F9BZ6","IMPERIAL","235/55/19","IMPERIAL 235/55 R19 105V Invernale XL Auto"
"5420068665839","B0767HWDGJ","TRISTAR","255/45/18","PNEUMATICO INVERNALE TRISTAR - 255/45 R 18 103V XL Snowpower UHP M+S"
"8019227232899","B06XZJ79FM","PIRELLI","205/55/16","GOMME PNEUMATICI P7 CINTURATO 205/55 R16 91V PIRELLI"
"5420068662500","B00OZXOE3C","TRISTAR","235/55/19","Tristar Snowpower 2 XL - 235/55R19 105V - Pneumatico Invernale"
"5420068664214","B06ZYL5HSN","TRISTAR","245/45/19","Tristar Snowpower 2 XL M+S - 245/45R19 102V - Pneumatico Invernale"
"5420068665891","B0775W1PD3","TRISTAR","225/55/19","PNEUMATICO INVERNALE TRISTAR - 225/55 R 19 99V Snowpower UHP M+S"
"5420068665853","B0775WZ8GT","TRISTAR","225/60/18","PNEUMATICO INVERNALE TRISTAR - 225/60 R 18 104V XL Snowpower UHP M+S"
"5420068624119","B01M9C6O7H","IMPERIAL","245/40/19","Imperial Snowdragon3 XL - 245/40R19 98V - Pneumatico Invernale"
"5420068663484","B071DJK746","TRISTAR","245/40/19","Tristar Snowpower 2 XL M+S - 245/40R19 98V - Pneumatico Invernale"
"5420068663507","B071Y68G3Z","TRISTAR","255/35/19","Tristar Snowpower 2 XL M+S - 255/35R19 96V - Pneumatico Invernale"
"8714692361388","B08TX3TFJW","VREDESTEIN","195/65/15","195/65TR15 VREDESTEIN TL WINTRAC XL (EU) 95T *E*"
"8808563411552","B07BR6B9Z3","HANKOOK","185/65/15","Pneumatici Estivi Hankook K435 185/65 R15 92T"
"5420068662418","B075SCJ7ZD","TRISTAR","225/65/17","PNEUMATICO INVERNALE TRISTAR - 225/65 R 17 102H Snowpower SUV"
"5420068662425","B00OZXO9LE","TRISTAR","235/65/17","Tristar Snowpower SUV XL - 235/65R17 108H - Pneumatico Invernale"
"5420068662487","B016D7QTUS","TRISTAR","235/60/18","Tristar Snowpower SUV XL - 235/60R18 107H - Pneumatico Invernale"
"5420068663491","B071Y6HNNZ","TRISTAR","255/40/19","Tristar Snowpower 2 XL M+S - 255/40R19 100V - Pneumatico Invernale"
"5420068665884","B0767H757W","TRISTAR","235/55/18","TRISTAR 235/55 R18 104V Invernale XL Auto"
"8808563590622","B0C7V3NV4W","HANKOOK","195/50/15","195/50Vr15 Hankook Tl K125 (nuovo) 82 V"
"8808563411767","B072JKMYBJ","HANKOOK","195/50/15","GOMME PNEUMATICI K125 VENTUS PRIME 3 195/50 R15 82H HANKOOK"
"5420068665303","B071CVRLCV","TRISTAR","235/60/18","Tristar Sportpower SUV XL - 235/60R18 107W - Pneumatico Estivo"
"8808563590592","B0C9MHXYSC","HANKOOK","195/65/15","195/65Vr15 Hankook Tl K125 91V"
"8808563590714","B07SMFRJWG","HANKOOK","195/65/15","195/65Tr15 Hankook Tl K435 (Eu) 91T"
"5420068663460","B071DJKDKD","TRISTAR","235/45/18","Tristar Snowpower 2 XL M+S - 235/45R18 98V - Pneumatico Invernale"
"8808563367460","B086WPM3KB","HANKOOK","195/65/15","Hankook K425 VW 195/65 R15 91H"
"5420068661985","B0762PSG24","TRISTAR","235/50/18","PNEUMATICO INVERNALE TRISTAR - 235/50 R 18 SNOWPOWER2 XL 101V"
"8808563590691","B0BHSQP8D6","HANKOOK","185/65/15","185/65TR15 HANKOOK TL K435 (EU) 88T"
"8808563590707","B0C8JMVBGS","HANKOOK","185/65/15","185/65Tr15 Hankook Tl K435 (nuovo) 88T"
"5420068662111","B016D5FZ6E","TRISTAR","235/35/19","Tristar Snowpower 2 XL M+S - 235/35R19 91V - Pneumatico Invernale"
"5420068665860","B076F7NR2Q","TRISTAR","215/55/18","PNEUMATICO INVERNALE TRISTAR - 215/55 R 18 99V XL Snowpower UHP M+S"
"5420068662456","B0767GC17M","TRISTAR","215/60/17","PNEUMATICO INVERNALE TRISTAR - 215/60 R 17 96H Snowpower2"
"5420068665044","B079HYBHJG","TRISTAR","235/35/19","1x Pneumatico TRISTAR SPORTPOWER 2 235/35 R19 91Y Estivo"
"5420068662043","B00OZXNR62","TRISTAR","245/45/17","Tristar Snowpower 2 XL M+S - 245/45R17 99V - Pneumatico Invernale"
"5420068665228","B06Y2D2BXR","TRISTAR","225/65/17","Tristar Sportpower SUV - 225/65R17 102H - Pneumatico Estivo"
"5420068665327","B072C3FBG3","TRISTAR","215/55/18","PNEUMATICO ESTIVO TRISTAR - 215/55 R 18 99V XL Sportpower SUV"
"6938112637590","B0CW3P868M","GOODRIDE","235/40/19","GOODRIDE Pneumatici estivi 235/40 R19 96 W XL"
"5420068621989","B07GJLTB2M","IMPERIAL","235/35/19","1x Pneumatico IMPERIAL SNOWDRAGON 3 235/35 R19 91V"
"8808563411378","B079P79CGJ","HANKOOK","165/65/14","Hankook Kinergy ECO 2 K435 165/65R14 79T Pneumatico Estivos"
"8714692800818","B07F7PVTSL","VREDESTEIN","175/70/13","175/70 TR13 TL 82T VRED QUATRAC 5"
"5420068621132","B07G1VHN32","IMPERIAL","205/80/16","Pneumatici estivi IMPERIAL 205/80 R16 104S RF07 4X4 XL"
"5420068626526","B07J1WQCMY","IMPERIAL","225/50/17","IMPERIAL 225/50 R17 94H Invernale Auto"
"5420068662050","B075PTBJWR","TRISTAR","225/45/18","PNEUMATICO INVERNALE TRISTAR - 225/45 R 18 SNOWPOWER2 XL 95V"
"4024068669326","B00TIN1IUQ","UNIROYAL","155/80/13","Uniroyal RainExpert 3 - 155/80/R13 79T - E/B/70 - Pneumatico Estivos"
"5420068622894","B0131F14IM","IMPERIAL","205/50/16","IMPERIAL 205/50 R16 91H Invernale XL Auto"
"5420068645169","B079P49SG1","FORTUNA","235/60/16","GOMME PNEUMATICI ECOPLUS SUV 235/60 R16 100V FORTUNA"
"8808563413655","B07B2ZGSW7","HANKOOK","155/80/13","Hankook Kinergy ECO 2 K435 155/80R13 79T Pneumatico Estivos"
"5420068625673","B078NVF58K","IMPERIAL","215/45/18","Pneumatici Estivi Imperial Ecosport2 215/45 R18 93Y"
"5420068621927","B00O4PKYEE","IMPERIAL","235/45/17","IMPERIAL 235/45 R17 97V Invernale XL Auto"
"5420068664771","B071J2BZP7","TRISTAR","225/55/17","PNEUMATICO ESTIVO TRISTAR - 225/55 R 17 101W XL Sportpower2"
"8714692273315","B00B9BQYCW","VREDESTEIN","185/60/14","Vredestein Sportrac 5 - 185/60R14 82H - Pneumatico Estivo"
"8808956252106","B07GLT9JSS","KUMHO","205/55/16","1x Pneumatico KUMHO ECOWING ES31 205/55 R16 91V"
"5420068622917","B0131FLJ6O","IMPERIAL","215/45/17","IMPERIAL 215/45 R17 91V Invernale XL Auto"
"5420068624416","B01KY4760I","IMPERIAL","195/65/15","IMPERIAL 195/65 R15 91T Invernale Auto"
"5420068625659","B07G23D386","IMPERIAL","225/45/17","Pneumatici estivi IMPERIAL 225/45 R17 94 Y ECOSPORT2 XL"
"5420068628544","B07S29H7CX","IMPERIAL","215/40/17","Pneumatici 4 stagioni IMPERIAL 215/40 R17 87 W AS DRIVER XL M+S"
"5420068663392","B06Y26NB9H","TRISTAR","215/70/15","Tristar Snowpower HP M+S - 215/70R15 98T - Pneumatico Invernale"
"5420068664986","B072PQVQL4","TRISTAR","225/40/18","PNEUMATICO ESTIVO TRISTAR - 225/40 R 18 92Y XL Sportpower2"
"5420068666003","B07764CVJK","TRISTAR","225/45/17","TRISTAR 225/45 R17 94V Invernale XL Auto"
"4024068000679","B07CSHY4WV","UNIROYAL","155/80/13","Uniroyal AllSeasonExpert 2 M+S - 155/80R13 79T - Pneumatico 4 stagioni"
"5420068644148","B01NBVE96P","FORTUNA","225/45/18","Fortuna EcoPlus UHP XL - 225/45R18 95W - Pneumatico Estivo"
"5420068625482","B07G1VR2KZ","IMPERIAL","225/55/16","Pneumatici estivi IMPERIAL 225/55 R16 99 V ECODRIVER5 XL"
"5420068663934","B071Y6RM1R","TRISTAR","205/60/16","Tristar Snowpower HP XL M+S - 205/60R16 96H - Pneumatico Invernale"
"5420068663941","B06ZY741QZ","TRISTAR","215/60/16","Tristar Snowpower HP XL M+S - 215/60R16 99H - Pneumatico Invernale"
"5420068626496","B07B5H9GB4","IMPERIAL","195/65/14","Pneumatici invernali IMPERIAL 195/65 R14 89 T SNOWDRAGON HP M+S"
"5420068627202","B07NSJ66X4","IMPERIAL","215/40/17","215/40R17 87Y XL IMPERIAL ECOSPORT 2 (F205) ESTIVO"
"5420068644032","B01N6XA61M","FORTUNA","215/50/17","Fortuna EcoPlus UHP XL - 215/50R17 95W - Pneumatico Estivo"
"5420068644285","B01MR6NEY7","FORTUNA","225/35/19","Fortuna EcoPlus UHP XL - 225/35R19 88W - Pneumatico Estivo"
"4024068443001","B003HF11I0","UNIROYAL","165/70/13","Uniroyal Rain Max 2 - 165/70R13 88R - Pneumatico Estivo"
"8714692277818","B00B9BQSUK","VREDESTEIN","175/65/14","Vredestein T-Trac 2 - 175/65R14 82T - Pneumatico Estivo"
"5420068663675","B07228TPD4","TRISTAR","205/70/15","Tristar Snowpower HP M+S - 205/70R15 96T - Pneumatico Invernale"
"5420068664801","B06Y2BBCBT","TRISTAR","205/50/17","Tristar Sportpower 2 XL - 205/50R17 93W - Pneumatico Estivo"
"5420068665457","B0728HLQM5","TRISTAR","215/60/16","PNEUMATICO ESTIVO TRISTAR - 215/60 R 16 95H Ecopower4"
"5420068665808","B0767M1266","TRISTAR","195/50/16","PNEUMATICO INVERNALE TRISTAR - 195/50 R 16 88V XL Snowpower HP M+S"
"5420068661947","B075CBW6W9","TRISTAR","205/50/16","PNEUMATICO INVERNALE TRISTAR - 205/50 R 16 91H XL Snowpower2"
"5420068667642","B07Q3H2ZT1","TRISTAR","195/45/16","TRISTAR 195/45 R16 84V 4 Stagioni Auto"
"5420068621903","B07FK11TW4","IMPERIAL","205/45/16","1x Pneumatico IMPERIAL SNOWDRAGON 3 205/45 R16 87H"
"5420068624911","B01MD2D0WD","IMPERIAL","205/55/16","IMPERIAL 205/55 R16 91V Invernale Auto"
"5420068664566","B06Y27M4SL","TRISTAR","205/60/16","TRISTAR 205/60 R16 92V Estivo Auto"
"5420068665464","B07G22MNSZ","TRISTAR","205/55/16","Pneumatici estivi TRISTAR 205/55 R16 XL 94V Ecopower4"
"5420068621958","B00F9FAS6W","IMPERIAL","205/40/17","IMPERIAL 205/40 R17 84V Invernale XL Auto"
"5420068626519","B07B5BZ49F","IMPERIAL","195/50/16","Pneumatici invernali IMPERIAL 195/50 R16 88 V SNOWDRAGON HP XL M+S"
"5420068664719","B071XV51KH","TRISTAR","205/55/16","TRISTAR 205/55 R16 91W Estivo Auto"
"5420068627110","B078JZ2671","IMPERIAL","185/55/16","Pneumatici Estivi Imperial Ecodriver4 185/55 R16 87V"
"5420068625185","B06WD73KCL","IMPERIAL","195/65/15","IMPERIAL 195/65 R15 91V Estivo Auto"
"5420068664429","B071XV4YLG","TRISTAR","185/65/15","Tristar Ecopower 3 - 185/65R15 88H - Pneumatico Estivo"
"5420068621057","B07G1VT747","IMPERIAL","175/65/14","Pneumatici estivi IMPERIAL 175/65 R14 90 T EcoDriver2 6PR"
"5420068627158","B07B5C2MZ9","IMPERIAL","195/50/16","Pneumatico estivo IMPERIAL 195/50 R16 84 V ECODRIVER5"
"5420068664443","B06Y2DH2NN","TRISTAR","195/65/15","Tristar Ecopower 3 - 195/65R15 91H - Pneumatico Estivo"
"5420068666478","B07CM7ZL1Z","TRISTAR","195/45/17","Pneumatici Estivi Tristar Sportpower 195/45 R17 85W"
"5420068623983","B01IA7HWUU","IMPERIAL","185/55/16","Imperial EcoDriver3 - 185/55R16 83V - Pneumatico Estivo"
"5420068624959","B01MTZPXZK","IMPERIAL","165/70/14","Imperial 5420068624959 – 165/70/R14 89R – e/e/72db – Transport pneumatici"
"5420068667574","B0C7WDPNH3","TRISTAR","195/50/15","TRISTAR 195/50 R15 82V 4 Stagioni Auto"
"5420068624348","B01JA4WX2Y","IMPERIAL","175/65/14","IMPERIAL 175/65 R14 82T Invernale Auto"
"5420068664634","B06Y2D5THK","TRISTAR","185/55/15","TRISTAR 185/55 R15 86V Estivo XL Auto"
"5420068663972","B06Y27Y2ZM","TRISTAR","195/55/15","Tristar Snowpower HP M+S - 195/55R15 85H - Pneumatico Invernale"
"5420068624317","B01JA3WBAY","IMPERIAL","155/65/13","Imperial Snowdragon HP - 155/65R13 73T - Pneumatico Invernale"
"5420068626854","B07B5N8RVQ","IMPERIAL","175/70/14","Imperial EcoDriver 4 175/70R14 84T Pneumatico Estivos"
"5420068682164","B01BNMJTX2","SUPERIA","185/60/15","Superia Bluewin HP M+S - 185/60R15 84T - Pneumatico Invernale"
"5420068663965","B075PTDDCJ","TRISTAR","185/55/15","PNEUMATICO INVERNALE TRISTAR - 185/55 R 15 82H Snowpower HP M+S"
"5420068624461","B07G32Z47R","IMPERIAL","165/60/14","1 pneu IMPERIAL SNOWDRAGON HP 165/60 R14 79T"
"5420068627035","B078NVQ7CV","IMPERIAL","175/60/15","Pneumatici Estivi Imperial Ecodriver4 175/60 R15 81V"
"5420068627097","B078NVP3WV","IMPERIAL","185/55/14","Pneumatici Estivi Imperial Ecodriver4 185/55 R14 80H"
"5420068664399","B06ZZ371HB","TRISTAR","175/65/15","Tristar Ecopower 3 - 175/65R15 84H - Pneumatico Estivo"
"6971901476079","B07R1T22TR","FIREMAX","195/65/15","Pneumatici estivi FIREMAX 195/65 R15 91 H FM601"
"5420068625062","B071DQSF1N","IMPERIAL","175/65/14","IMPERIAL 175/65 R14 82T Estivo Auto"
"5420068663620","B06ZYVQYQP","TRISTAR","165/70/14","Tristar Snowpower HP XL M+S - 165/70R14 85T - Pneumatico Invernale"
"5420068663712","B06Y29Z99Y","TRISTAR","175/65/14","Tristar Snowpower HP M+S - 175/65R14 82T - Pneumatico Invernale"
"5420068664351","B06Y26LGKH","TRISTAR","175/65/14","Tristar Ecopower 3 XL - 175/65R14 86T - Pneumatico Estivo"
"6927116179823","B07G89HV7B","GOODRIDE","155/80/13","GOODRIDE 155/80R13 79T TL TL 79 T SW 608 SNOWMASTER"
"5420068660094","B00OZXXRNK","TRISTAR","185/70/13","Tristar Ecopower - 185/70R13 86T - Pneumatico Estivo"
"5420068663545","B075HXBLKB","TRISTAR","145/80/13","PNEUMATICO INVERNALE TRISTAR - 145/80 R 13 75T Snowpower HP M+S"
"5420068663552","B075PV2PVX","TRISTAR","155/80/13","PNEUMATICO INVERNALE TRISTAR - 155/80 R 13 79T Snowpower HP"
"5420068681334","B0132WS9XW","SUPERIA","165/65/14","Superia Ecoblue HP - 165/65R14 79T - Pneumatico Estivo"
"5420068626915","B077MRDXDQ","IMPERIAL","155/65/13","Pneumatici Estivi Imperial Ecodriver4 155/65 R13 73T"
"5420068648269","B096HLWYCS","FORTUNA","165/70/13","FORTUNA 165/70 13 83T Estivo XL Auto"
"5420068664283","B071DJ7S18","TRISTAR","165/70/13","Tristar Ecopower 3 - 165/70R13 79T - Pneumatico Estivo"
"5420068626809","B077MFYT1N","IMPERIAL","145/70/13","IMPERIAL 145/70 R13 71T Estivo Auto"
"5420068643196","B01MZAFLO8","FORTUNA","145/80/13","FORTUNA 145/80 R13 79T Estivo XL Auto"
"5420068681235","B00Z5PC0XK","SUPERIA","145/80/13","Superia Ecoblue HP XL - 145/80R13 79T - Pneumatico Estivo"
"5420068643578","B01NAYMLJR","FORTUNA","145/60/13","Fortuna EcoPlus HP - 145/60R13 66T - Pneumatico Estivo"
"5420068666218","B07CM89FX4","TRISTAR","165/65/13","Pneumatici Estivi Tristar Ecopower3 165/65 R13 77T"
"5420068681389","B01BNML7DM","SUPERIA","145/60/13","Superia Ecoblue HP - 145/60R13 66T - Pneumatico Estivo"
